id,institution_name,cert_number,city,state_code,website_url
7897,State Employees' Federal Credit Union,66310,RALEIGH,NC,http://www.ncsecu.org
7464,Boeing Employees Federal Credit Union,62604,TUKWILA,WA,http://www.becu.org
4382,Pentagon Federal Credit Union,227,MCLEAN,VA,http://www.penfed.org
6671,Digital Federal Credit Union,23521,Marlborough,MA,https://www.dcu.org
6883,America First Federal Credit Union,24694,RIVERDALE,UT,http://www.americafirst.com
6881,Mountain America Federal Credit Union,24692,SANDY,UT,http://www.macu.com
7313,The Golden 1 Federal Credit Union,61650,SACRAMENTO,CA,http://www.golden1.com
8583,Suncoast Federal Credit Union,68645,TAMPA,FL,https://www.suncoast.com
8322,Alliant Federal Credit Union,67955,CHICAGO,IL,http://www.alliantcreditunion.org
8602,Ent Federal Credit Union,68671,Colorado Spring,CO,http://www.ent.com
7448,Lake Michigan Federal Credit Union,62514,Grand Rapids,MI,http://www.lmcu.org
6394,First Technology Federal Credit Union,19976,SAN JOSE,CA,http://www.firsttechfed.com
7559,Idaho Central Federal Credit Union,63194,Chubbuck,ID,http://www.iccu.com
8507,Vystar Federal Credit Union,68490,Jacksonville,FL,https://www.vystarcu.org
5005,Global Federal Credit Union,5913,Anchorage,AK,https://www.globalcu.org
7099,Greenstate Federal Credit Union,60269,North Liberty,IA,https://www.greenstate.org
6843,Esl Federal Credit Union,24563,Rochester,NY,https://www.esl.org/
8355,Eastman Federal Credit Union,68095,Kingsport,TN,https://www.ecu.org
8558,Midflorida Federal Credit Union,68600,Lakeland,FL,http://www.midflorida.com
8638,Desert Financial Federal Credit Union,68713,Phoenix,AZ,http://www.desertfinancial.com
4613,Logix Federal Credit Union,1999,Valencia,CA,http://www.logixbanking.com
7490,Onpoint Community Federal Credit Union,62745,Portland,OR,http://www.onpointcu.com
7667,Pennsylvania State Employees Federal Credit Union,64131,HARRISBURG,PA,http://www.psecu.com
8545,Patelco Federal Credit Union,68579,Dublin,CA,http://WWW.PATELCO.ORG
8497,Star One Federal Credit Union,68465,SUNNYVALE,CA,http://www.starone.org
6703,American Airlines Federal Credit Union,23957,Fort Worth,TX,http://www.aacreditunion.org
7220,San Diego County Federal Credit Union,61004,San Diego,CA,http://www.sdccu.com
8559,Wings Financial Federal Credit Union,68601,Apple Valley,MN,http://www.wingsfinancial.com
8109,Space Coast Federal Credit Union,67297,Melbourne,FL,http://www.sccu.com
7918,Delta Community Federal Credit Union,66357,Atlanta,GA,https://www.deltacommunitycu.com
7706,Veridian Federal Credit Union,64418,Waterloo,IA,http://www.veridiancu.org
8479,Bellco Federal Credit Union,68437,GREENWOOD VILLA,CO,http://www.bellco.org
5090,Members 1St Federal Credit Union,6694,Enola,PA,http://www.members1st.org
8086,Summit Federal Credit Union,67190,Madison,WI,http://www.summitcreditunion.com
8002,Landmark Federal Credit Union,66751,Brookfield,WI,https://www.landmarkcu.com
7032,Virginia Federal Credit Union,24962,Richmond,VA,http://www.vacu.org
5941,Mission Federal Credit Union,14384,San Diego,CA,http://www.MissionFed.com
4624,Citadel Federal Credit Union,2099,EXTON,PA,http://www.citadelbanking.com
8417,Gesa Federal Credit Union,68278,RICHLAND,WA,http://www.gesa.com
7981,Community First Federal Credit Union,66642,Appleton,WI,http://WWW.COMMUNITYFIRSTCU.ORG
6998,Service Federal Credit Union,24921,PORTSMOUTH,NH,https://www.servicecu.org
7949,University Of Wisconsin Federal Credit Union,66492,Madison,WI,http://www.uwcu.org
8383,Baxter Federal Credit Union,68187,Vernon Hills,IL,http://www.bcu.org
7993,Wescom Central Federal Credit Union,66703,PASADENA,CA,https://www.wescom.org
4839,Kinecta Federal Credit Union,4142,Manhattan Beach,CA,http://www.kinecta.org
8524,Genisys Federal Credit Union,68536,AUBURN HILLS,MI,http://www.genisyscu.org
8386,Spokane Teachers Federal Credit Union,68203,LIBERTY LAKE,WA,http://www.stcu.org
6281,Coastal Federal Credit Union,18297,Raleigh,NC,http://www.coastal24.com
8645,Trustone Financial Federal Credit Union,68722,Plymouth,MN,https://www.trustonefinancial.org
8014,Royal Federal Credit Union,66834,EAU CLAIRE,WI,http://www.rcu.org
7905,"State Employees Cu Of Maryland, Inc Federal Credit Union",66330,LINTHICUM,MD,http://WWW.SECUMD.ORG
7060,Everwise Federal Credit Union,60060,South Bend,IN,http://WWW.everwisecu.com
8475,Travis Federal Credit Union,68429,VACAVILLE,CA,http://www.traviscu.org
8241,Communityamerica Federal Credit Union,67664,Lenexa,KS,http://www.cacu.com
7146,Educational Employees Federal Credit Union,60520,FRESNO,CA,http://WWW.MYEECU.ORG
4972,American Heritage Federal Credit Union,5621,Philadelphia,PA,http://www.americanheritagecu.org
8469,Fairwinds Federal Credit Union,68417,ORLANDO,FL,http://www.fairwinds.org
8354,Knoxville Tva Employees Federal Credit Union,68085,Knoxville,TN,http://www.tvacreditunion.com
7740,Canvas Federal Credit Union,64778,LONE TREE,CO,https://www.canvas.org/
7054,Washington State Employees Federal Credit Union,60042,OLYMPIA,WA,http://www.wsecu.org
7075,Municipal Federal Credit Union,60153,NEW YORK,NY,http://www.NYMCU.ORG
7170,Texas Dow Employees Federal Credit Union,60705,Lake Jackson,TX,http://www.tdecu.org
6776,Affinity Plus Federal Credit Union,24362,Saint Paul,MN,http://www.affinityplus.org
8221,First Community Federal Credit Union,67619,Chesterfield,MO,http://www.firstcommunity.com
4484,Nusenda Federal Credit Union,948,ALBUQUERQUE,NM,http://www.nusenda.org
8586,Blaze Federal Credit Union,68651,Falcon Heights,MN,https://www.blazecu.com/
8569,Rally Federal Credit Union,68615,Corpus Christi,TX,https://www.rallycu.com
8315,Eecu Federal Credit Union,67928,Fort Worth,TX,http://www.eecu.org
5169,Ascend Federal Credit Union,7397,TULLAHOMA,TN,https://www.ascend.org
7012,Gecu Federal Credit Union,24941,El Paso,TX,https://www.gecu-ep.org
8457,Technology Federal Credit Union,68383,SAN JOSE,CA,https://www.techcu.com
8551,Consumers Federal Credit Union,68588,lake Forest,IL,http://www.myconsumers.org
4998,Sunward Federal Credit Union,5851,Albuquerque,NM,http://www.gosunward.org
4700,Jovia Financial Federal Credit Union,2760,WESTBURY,NY,http://www.jovia.org
7268,Oneaz Federal Credit Union,61315,Phoenix,AZ,https://www.oneazcu.com
8450,Safe Federal Credit Union,68366,FOLSOM,CA,http://www.safecu.org
6779,Credit Human Federal Credit Union,24382,San Antonio,TX,https://www.credithuman.com
7379,Michigan Schools And Government Federal Credit Union,62049,Clinton Townshi,MI,http://www.msgcu.org
8017,Numerica Federal Credit Union,66841,Spokane Valley,WA,https://www.numericacu.com
8138,Georgia'S Own Federal Credit Union,67390,Atlanta,GA,http://www.georgiasown.org
8591,Rogue Federal Credit Union,68660,Medford,OR,http://www.roguecu.org
8414,Peak Federal Credit Union,68271,OLYMPIA,WA,http://www.peakcu.org
8541,General Electric Federal Credit Union,68574,Cincinnati,OH,http://www.gecreditunion.org
7458,Premier Members Federal Credit Union,62574,Broomfield,CO,http://www.pmcu.org
8020,Covantage Federal Credit Union,66848,Antigo,WI,http://www.covantagecu.org
7511,Navigant Federal Credit Union,62882,Smithfield,RI,http://www.navigantcu.org
7957,Connexus Federal Credit Union,66538,Wausau,WI,http://www.connexuscu.org
6882,Goldenwest Federal Credit Union,24693,Ogden,UT,http://www.gwcu.org
8637,Valley Strong Federal Credit Union,68712,BAKERSFIELD,CA,http://www.valleystrong.com
7288,Advia Federal Credit Union,61503,Kalamazoo,MI,http://www.adviacu.org
8460,Campus Usa Federal Credit Union,68391,Gainesville,FL,http://www.campuscu.com
5476,Grow Financial Federal Credit Union,9976,Tampa,FL,http://www.growfinancial.org
7941,Educators Federal Credit Union,66448,Racine,WI,http://www.ecu.com
5553,Utah Community Federal Credit Union,10709,Provo,UT,https://www.uccu.com
8629,Addition Financial Federal Credit Union,68702,Lake Mary,FL,http://www.additionfi.com
6237,All In Federal Credit Union,17642,DALEVILLE,AL,http://www.allincu.com
7487,Southern Energy Federal Credit Union,62728,BIRMINGHAM,AL,http://www.southernenergycu.org
7656,Dupaco Community Federal Credit Union,64049,Dubuque,IA,http://www.dupaco.com
7911,Provident Federal Credit Union,66343,REDWOOD CITY,CA,https://www.providentcu.org
7883,Trumark Financial Federal Credit Union,66158,Fort Washington,PA,http://www.trumarkonline.org
7859,Oregon Community Federal Credit Union,65856,EUGENE,OR,http://www.myoccu.org
8537,Elevations Federal Credit Union,68565,Boulder,CO,https://www.elevationscu.com
8412,Indiana Members Federal Credit Union,68259,INDIANAPOLIS,IN,http://www.imcu.org
8107,Coastal1 Federal Credit Union,67278,Pawtucket,RI,https://www.coastal1.org
7964,California Coast Federal Credit Union,66584,San Diego,CA,http://www.calcoastcu.org
7906,Sound Federal Credit Union,66331,Tacoma,WA,https://www.soundcu.com
6232,Usalliance Federal Credit Union,17587,Rye,NY,http://www.USAlliance.org
7997,Fox Communities Federal Credit Union,66731,Appleton,WI,http://www.foxcu.org
7926,Whatcom Educational Federal Credit Union,66373,Bellingham,WA,http://www.wecu.com
8474,Premier America Federal Credit Union,68428,Chatsworth,CA,http://www.PremierAmerica.com
7920,Metro Federal Credit Union,66364,Chelsea,MA,http://www.metrocu.org
8531,Vantage West Federal Credit Union,68558,TUCSON,AZ,http://www.vantagewest.org
5816,Chartway Federal Credit Union,13242,Virginia Beach,VA,https://www.chartway.com
7840,Rivermark Community Federal Credit Union,65644,Oregon City,OR,http://www.rivermarkcu.org
6342,Eastrise Federal Credit Union,19263,Williston,VT,http://www.eastrise.com
4374,Gte Federal Credit Union,196,TAMPA,FL,http://www.gtefinancial.org
6720,Altra Federal Credit Union,24077,ONALASKA,WI,http://www.altra.org
8400,Hapo Community Federal Credit Union,68239,Richland,WA,http://www.hapo.org
7931,Harborstone Federal Credit Union,66399,TACOMA,WA,http://www.Harborstone.com
8477,Americu Federal Credit Union,68433,Rome,NY,http://www.americu.org
7560,Selco Community Federal Credit Union,63196,Springfield,OR,http://www.selco.org
8011,First Community Federal Credit Union,66818,Houston,TX,http://www.FCCU.org
7041,Arrowhead Federal Credit Union,24973,Rancho Cucamong,CA,https://www.arrowheadcu.org
7378,Lake Trust Federal Credit Union,62047,Brighton,MI,http://www.laketrust.org
7395,Consumers Federal Credit Union,62172,Oshtemo,MI,http://www.consumerscu.org
8027,Capital Federal Credit Union,66865,Green Bay,WI,http://www.capitalcu.com
7038,Commonwealth Federal Credit Union,24970,Frankfort,KY,http://www.ccuky.org
7047,Bayport Federal Credit Union,24979,NEWPORT NEWS,VA,http://www.bayportcu.org
8651,Pen Air Federal Credit Union,68734,Pensacola,FL,https://www.penair.org
8590,American Eagle Financial Federal Credit Union,68659,EAST HARTFORD,CT,http://www.americaneagle.org
6830,America'S First Federal Credit Union,24534,BIRMINGHAM,AL,http://www.amfirst.org
7142,Florida Federal Credit Union,60497,GAINESVILLE,FL,http://www.flcu.org
8587,Oregon State Federal Credit Union,68656,Corvallis,OR,http://www.oregonstatecu.com
4568,Corning Federal Credit Union,1644,Corning,NY,http://www.corningcu.org
7483,Together Federal Credit Union,62715,Saint Louis,MO,http://www.togethercu.org
5124,Abound Federal Credit Union,7000,Radcliff,KY,http://www.Aboundcu.com
7844,Connecticut State Employees Federal Credit Union,65728,HARTFORD,CT,https://www.CSECREDITUNION.COM
6974,Ttcu Federal Credit Union,24887,Tulsa,OK,http://www.ttcu.com
8562,Magnifi Financial Federal Credit Union,68604,MELROSE,MN,http://www.mymagnifi.org
7037,Altura Federal Credit Union,24969,Riverside,CA,https://www.alturacu.com
5987,Jsc Federal Credit Union,14762,Houston,TX,http://www.wellbyfinancial.com
7072,Dow Federal Credit Union,60137,Midland,MI,http://www.dowcreditunion.org
7196,Texans Federal Credit Union,60806,RICHARDSON,TX,http://WWW.TEXANSCU.ORG
8382,Columbia Community Federal Credit Union,68186,VANCOUVER,WA,http://www.columbiacu.org
6800,Allegacy Federal Credit Union,24438,Winston Salem,NC,http://www.allegacy.org
8543,Kitsap Federal Credit Union,68576,BREMERTON,WA,https://www.kitsapcu.org
8137,Atlanta Postal Federal Credit Union,67389,Atlanta,GA,http://www.apcu.com
6999,Workers Federal Credit Union,24923,Littleton,MA,http://www.wcu.com
8565,Georgia United Federal Credit Union,68607,DULUTH,GA,http://www.gucu.org
6604,Elements Financial Federal Credit Union,22468,INDIANAPOLIS,IN,http://www.elements.org
6968,Firefighters First Federal Credit Union,24877,Los Angeles,CA,http://www.firefightersfirstcu.org
7340,Elga Federal Credit Union,61797,Grand Blanc,MI,http://www.elgacu.com
8634,Dort Financial Federal Credit Union,68708,GRAND BLANC,MI,https://www.DORTONLINE.ORG
7304,Kemba Financial Federal Credit Union,61623,Gahanna,OH,http://www.kemba.org
8622,Brightbridge Federal Credit Union,68693,LAWRENCE,MA,http://www.brightbridge.com
4648,Advancial Federal Credit Union,2285,Dallas,TX,http://www.Advancial.org
8546,Lge Community Federal Credit Union,68581,Marietta,GA,http://www.LGEccu.org
8422,Centra Federal Credit Union,68287,COLUMBUS,IN,http://www.centra.org
8594,Ithink Financial Federal Credit Union,68663,Boca Raton,FL,http://www.ithinkfi.org
8542,Max Federal Credit Union,68575,Montgomery,AL,http://www.mymax.com
4764,Communication Federal Credit Union,3454,OKLAHOMA CITY,OK,http://www.comfedcu.org
8405,Forum Federal Credit Union,68248,INDIANAPOLIS,IN,http://www.forumcu.com
7111,I. H. Mississippi Valley Federal Credit Union,60337,Moline,IL,http://www.ihmvcu.org
7420,Coast Central Federal Credit Union,62367,Eureka,CA,http://www.coastccu.org
8556,Empeople Federal Credit Union,68598,Moline,IL,http://www.empeople.com
8493,Financial Partners Federal Credit Union,68457,DOWNEY,CA,http://www.fpcu.org
7133,Iq Federal Credit Union,60438,VANCOUVER,WA,http://www.iQcu.com
8000,Westconsin Federal Credit Union,66742,Menomonie,WI,http://www.westconsincu.org
8130,Jeanne D'Arc Federal Credit Union,67352,LOWELL,MA,http://www.jdcu.org
8461,Meriwest Federal Credit Union,68394,SAN JOSE,CA,http://www.meriwest.com
7889,Self-Help Federal Credit Union,66258,DURHAM,NC,http://www.self-help.org
6347,Purdue Federal Credit Union,19307,WEST LAFAYETTE,IN,https://www.purduefed.com
6891,Canyon View Federal Credit Union,24710,Salt Lake City,UT,https://www.canyonviewcu.com/
8453,First Entertainment Federal Credit Union,68373,Hollywood,CA,http://www.firstent.org
7034,Lighthouse Federal Credit Union,24964,Dover,NH,https://www.lighthousecu.org
7751,Community Choice Federal Credit Union,64880,Farmington Hill,MI,http://www.communitychoicecu.com
7438,Dupont Community Federal Credit Union,62474,Waynesboro,VA,http://www.mydccu.com
6879,Cyprus Federal Credit Union,24688,WEST JORDAN,UT,http://www.cypruscu.com
8478,Texas Trust Federal Credit Union,68434,Mansfield,TX,https://www.texastrustcu.org
6254,Suffolk Federal Credit Union,17914,Medford,NY,http://www.suffolkcu.org
7198,Alabama Federal Credit Union,60823,TUSCALOOSA,AL,https://www.alabamacu.com
8544,Indiana University Federal Credit Union,68577,BLOOMINGTON,IN,http://www.iucu.org
7851,Westerra Federal Credit Union,65788,Denver,CO,http://www.westerracu.com
5151,Self Reliance Ny Federal Credit Union,7217,New York,NY,http://www.selfrelianceny.org
7228,Seven Seventeen Federal Credit Union,61077,WARREN,OH,http://www.717cu.com
8104,Horizon Federal Credit Union,67264,Spokane Valley,WA,http://www.hzcu.org
5478,Safe Federal Credit Union,9988,Sumter,SC,https://www.safefed.org
7489,Monterra Federal Credit Union,62736,Redwood City,CA,http://www.monterra.org
5559,Tyndall Federal Credit Union,10754,Panama City,FL,http://www.tyndall.org
5698,Bay Federal Credit Union,12067,CAPITOLA,CA,http://www.bayfed.com
7534,Honor Federal Credit Union,63004,BERRIEN SPRINGS,MI,http://WWW.HONORCU.COM
7924,Scott Federal Credit Union,66370,Edwardsville,IL,https://www.scu.org
4636,Fibre Federal Credit Union,2191,LONGVIEW,WA,http://www.fibrecu.com
7671,Marion And Polk Schools Federal Credit Union,64166,Salem,OR,http://www.mapscu.com
8522,First Community Federal Credit Union,68530,COQUILLE,OR,http://www.myfirstccu.org
7592,Unitus Community Federal Credit Union,63440,Tigard,OR,http://www.unitusccu.com
4371,Educational Federal Credit Union,176,MIAMI,FL,http://www.edfed.org
7343,Kemba Federal Credit Union,61810,West Chester,OH,http://www.kemba.com
8190,Datcu Federal Credit Union,67535,DENTON,TX,http://WWW.DATCU.ORG
7027,Coasthills Federal Credit Union,24957,Santa Maria,CA,https://www.coasthills.coop
8510,Frontwave Federal Credit Union,68494,Oceanside,CA,http://www.frontwavecu.com
7628,St. Mary'S Bank Federal Credit Union,63829,Manchester,NH,http://www.stmarysbank.com
7630,Truwest Federal Credit Union,63832,Scottsdale,AZ,http://www.truwest.org
4550,Merck Employees Federal Credit Union,1454,RAHWAY,NJ,http://WWW.MERCKCU.COM
6842,Greylock Federal Credit Union,24560,Pittsfield,MA,https://www.greylock.org
7803,Keypoint Federal Credit Union,65299,San Jose,CA,https://www.kpcu.com
4759,Charter Oak Federal Credit Union,3413,WATERFORD,CT,http://www.charteroak.org
8397,Greater Nevada Federal Credit Union,68228,CARSON CITY,NV,http://www.gncu.org
8406,United Heritage Federal Credit Union,68251,Austin,TX,http://www.uhcu.org
6930,Skyla Federal Credit Union,24808,Charlotte,NC,http://www.skylacu.com
8584,Financial Plus Federal Credit Union,68646,Flint,MI,https://www.myfpcu.com
7445,University Of Va Community Cu Federal Credit Union,62504,Charlottesville,VA,http://www.uvacreditunion.org
8444,Westmark Federal Credit Union,68353,Idaho Falls,ID,http://www.westmark.org
4911,Red River Employees Federal Credit Union,5029,Texarkana,TX,http://www.rrcu.com
7291,Vibe Federal Credit Union,61522,Novi,MI,http://www.vibecu.com
7327,Frankenmuth Federal Credit Union,61755,Frankenmuth,MI,https://www.frankenmuthcu.org
7528,Collins Community Federal Credit Union,62969,Cedar Rapids,IA,http://www.collinscu.org
4595,Aloha Pacific Federal Credit Union,1845,Honolulu,HI,https://www.alohapacific.com
7067,First Community Federal Credit Union,60103,Jamestown,ND,https://www.myfccu.com
6907,Mayo Employees Federal Credit Union,24748,ROCHESTER,MN,https://www.mayocreditunion.org
8568,One Nevada Federal Credit Union,68613,LAS VEGAS,NV,https://www.onenevada.org
8553,Alabama One Federal Credit Union,68595,TUSCALOOSA,AL,http://www.alabamaone.org
7756,Utilities Employees Federal Credit Union,64896,READING,PA,http://www.uecu.org
5886,Allsouth Federal Credit Union,13828,Columbia,SC,https://www.allsouth.org
8436,Beginnings Federal Credit Union,68322,Ithaca,NY,https://www.beginnings.com
7147,Michigan First Federal Credit Union,60522,Lathrup Village,MI,http://www.michiganfirst.com
6841,Webster First Federal Credit Union,24557,Worcester,MA,https://www.websterfirst.com
8346,Sierra Central Federal Credit Union,68053,Yuba City,CA,http://www.sierracentral.com
6982,Weokie Federal Credit Union,24899,Oklahoma City,OK,http://www.weokie.org
6839,Noble Federal Credit Union,24552,Fresno,CA,http://www.noblecu.com
7100,Freedom Federal Credit Union,60275,WARMINSTER,PA,http://www.freedomcu.org
4457,U.S. Eagle Federal Credit Union,808,Albuquerque,NM,https://www.useagle.org
5769,First Commonwealth Federal Credit Union,12765,Lehigh Valley,PA,http://www.firstcomcu.org
4554,Palmetto Citizens Federal Credit Union,1472,Columbia,SC,http://www.palmettocitizens.org
8577,Community Financial Federal Credit Union,68631,PLYMOUTH,MI,http://www.orsacu.org
8563,First Service Federal Credit Union,68605,Houston,TX,https://www.fscu.com
7736,Del Norte Federal Credit Union,64759,Los Alamos,NM,http://www.dncu.com
8494,Ventura County Federal Credit Union,68458,Ventura,CA,https://www.onlinebanking.vccuonline.net
7539,Listerhill Federal Credit Union,63057,SHEFFIELD,AL,http://www.listerhill.com
6939,S. C. State Federal Credit Union,24824,Columbia,SC,https://www.scscu.com
7245,First Florida Federal Credit Union,61170,Jacksonville,FL,https://www.firstflorida.org
7006,Park Federal Credit Union,24931,Louisville,KY,http://www.parkcommunity.com
7296,University Of Michigan Federal Credit Union,61552,Ann Arbor,MI,http://www.umcu.org
8272,East Texas Professional Federal Credit Union,67761,Longview,TX,http://www.etpcu.org
7092,Great Lakes Federal Credit Union,60238,BANNOCKBURN,IL,http://www.glcu.org
8491,Sikorsky Financial Federal Credit Union,68453,Stratford,CT,http://WWW.SIKORSKYCU.org
7025,Multipli Federal Credit Union,24955,Jefferson City,MO,http://www.rrcu.org
8547,Avadian Federal Credit Union,68583,Birmingham,AL,http://www.avadiancu.com
5297,First Financial Of Maryland Federal Credit Union,8554,Sparks,MD,http://www.firstfinancial.org
5617,Sandia Area Federal Credit Union,11316,Albuquerque,NM,http://www.sandia.org
8292,Sharon & Crescent United Federal Credit Union,67836,SHARON,MA,http://www.scucu.com
4495,Capital Educators Federal Credit Union,1040,MERIDIAN,ID,http://www.capedcu.com
7216,Directions Federal Credit Union,60978,Toledo,OH,http://www.directionscu.org
6602,Sharonview Federal Credit Union,22458,Fort Mill,SC,http://www.sharonview.org
8466,Pacific Service Federal Credit Union,68413,Concord,CA,http://www.pacificservice.org
8215,St. Anne'S Federal Credit Union,67605,Fall River,MA,http://www.stannes.com
7504,Telhio Federal Credit Union,62848,Columbus,OH,http://www.telhio.org
6994,Cobalt Federal Credit Union,24917,Papillion,NE,http://www.cobaltcu.com
8623,Gulf Winds Federal Credit Union,68694,PENSACOLA,FL,https://www.gogulfwinds.com
8505,American First Federal Credit Union,68485,BREA,CA,https://www.amerfirst.org
7827,State Employees Federal Credit Union,65513,Santa Fe,NM,http://www.secunm.org
4737,Truity Federal Credit Union,3130,Bartlesville,OK,http://www.truitycu.org
8499,Fort Worth Community Federal Credit Union,68471,Bedford,TX,http://www.ftwccu.org
8467,Southland Federal Credit Union,68415,LOS ALAMITOS,CA,http://www.southlandcu.org
7447,Firstmark Federal Credit Union,62509,San Antonio,TX,http://www.firstmarkcu.org
8611,Amplify Federal Credit Union,68681,Austin,TX,https://www.goamplify.com
5977,Onpath Federal Credit Union,14692,Metairie,LA,https://www.beonpath.org/
8652,Rave Financial Federal Credit Union,68735,Beaumont,TX,https://www.bankwithrave.com
8431,Five Star Federal Credit Union,68302,Dothan,AL,https://www.fivestarcu.com
7645,1St United Federal Credit Union,63958,Pleasanton,CA,http://www.1stUnitedcu.org
8658,Sesloc Federal Credit Union,68741,SAN LUIS OBISPO,CA,https://www.sesloc.org
7711,Dutrac Community Federal Credit Union,64471,DUBUQUE,IA,http://WWW.DUTRAC.ORG
8430,First Commerce Federal Credit Union,68301,Tallahassee,FL,http://www.firstcommercecu.org
5597,Freedom First Federal Credit Union,11111,Roanoke,VA,http://www.freedomfirst.com
8402,Diamond Federal Credit Union,68241,Pottstown,PA,http://www.diamondcu.org
8454,Guardian Federal Credit Union,68374,Prattville,AL,https://www.myguardiancu.com
8385,Red Canoe Federal Credit Union,68196,LONGVIEW,WA,http://www.redcanoecu.com
8635,Sunmark Federal Credit Union,68710,Albany,NY,http://www.sunmark.org
7091,Members Cooperative Federal Credit Union,60216,DULUTH,MN,http://www.membersccu.com
7058,Wildfire Federal Credit Union,60057,Saginaw,MI,http://www.wildfirecu.org
7674,University Federal Credit Union,64171,Los Angeles,CA,https://www.ucu.org
8603,Crane Federal Credit Union,68672,ODON,IN,http://www.cranecu.org
7096,City & County Federal Credit Union,60255,SAINT PAUL,MN,https://www.cccu.com
8575,Family Savings Federal Credit Union,68628,Rainbow City,AL,http://www.familysavingscu.com
7233,Vibrant Federal Credit Union,61093,Moline,IL,http://www.vibrantcreditunion.org
4430,Utah First Federal Credit Union,528,SALT LAKE CITY,UT,http://www.utahfirst.com
7913,Salal Federal Credit Union,66349,Seattle,WA,http://www.salalcu.org
5614,Clearwater Federal Credit Union,11300,Missoula,MT,http://www.clearwatercreditunion.org
8649,Topline Financial Federal Credit Union,68731,Maple Grove,MN,http://www.toplinecu.com
8287,Vantage Federal Credit Union,67804,Saint Charles,MO,http://www.vcu.com
8433,Seattle Metropolitan Federal Credit Union,68315,Seattle,WA,https://www.seattlecu.com
5164,Selfreliance Federal Credit Union,7346,Chicago,IL,http://www.selfreliance.com
8245,Neighborhood Federal Credit Union,67681,Dallas,TX,http://www.myncu.com
6770,North Country Federal Credit Union,24312,BURLINGTON,VT,http://www.northcountry.org
8404,First Financial Federal Credit Union,68244,Albuquerque,NM,http://www.ffnm.org
7195,Blupeak Federal Credit Union,60801,San Diego,CA,http://www.blupeak.com
8582,Fivepoint Federal Credit Union,68643,Nederland,TX,http://www.5pointcu.org
7300,Safe 1 Federal Credit Union,61598,BAKERSFIELD,CA,http://www.safe1.org
4691,First Source Federal Credit Union,2658,New Hartford,NY,http://www.fsource.org
7626,Christian Financial Federal Credit Union,63805,Sterling Height,MI,https://www.christianfinancialcu.org
7209,Michigan Educational Federal Credit Union,60931,Plymouth,MI,http://www.michedcu.org
5710,Kirtland Federal Credit Union,12199,ALBUQUERQUE,NM,http://www.kirtlandcu.org
4574,Hawaiian Financial Federal Credit Union,1717,Honolulu,HI,http://www.hificu.com
8003,Marine Federal Credit Union,66752,La Crosse,WI,http://www.marinecu.com
8516,Community 1St Federal Credit Union,68510,Ottumwa,IA,http://www.c1stcu.com
8646,Radiant Federal Credit Union,68723,Gainesville,FL,https://www.radiantcu.org
4546,Raiz Federal Credit Union,1409,EL PASO,TX,http://www.raiz.us
8069,Utah Power Federal Credit Union,67132,Murray,UT,http://www.utahpowercu.org
7530,Ideal Federal Credit Union,62978,WOODBURY,MN,http://www.idealcu.com
7155,Family Security Federal Credit Union,60605,Decatur,AL,http://www.myfscu.com
5174,1St Advantage Federal Credit Union,7448,Newport News,VA,http://www.1stadvantage.org
8448,Velocity Federal Credit Union,68359,Austin,TX,http://www.velocitycu.com
7661,Mazuma Federal Credit Union,64084,Overland Park,KS,http://www.mazuma.org
7215,The Police Federal Credit Union,60968,SAN BRUNO,CA,http://www.thepolicecu.org
7428,Zeal Federal Credit Union,62426,Livonia,MI,http://www.zealcu.org
8476,Latino Community Federal Credit Union,68430,Durham,NC,http://www.latinoccu.org
8517,Connex Federal Credit Union,68511,North Haven,CT,http://www.connexcu.org
8298,St. Mary'S Federal Credit Union,67864,MARLBOROUGH,MA,http://www.stmaryscu.org
8486,Power Financial Federal Credit Union,68445,Pembroke Pines,FL,http://www.powerfi.org
7916,Brazos Valley Schools Federal Credit Union,66353,Katy,TX,https://www.bvscu.org
5113,People First Federal Credit Union,6885,Allentown,PA,https://www.peoplefirst.com
7273,4Front Federal Credit Union,61365,Traverse City,MI,http://www.4frontcu.com
8127,Brightstar Federal Credit Union,67347,Fort Lauderdale,FL,http://www.bscu.org
7642,1St Midamerica Federal Credit Union,63932,Bethalto,IL,http://www.1stmidamerica.org
8608,Kellogg Community Federal Credit Union,68678,BATTLE CREEK,MI,http://www.kccu4u.org
8092,Westby Co-Op Federal Credit Union,67208,WESTBY,WI,https://www.wccu.coop
7451,Golden Plains Federal Credit Union,62542,Garden City,KS,http://www.gpcu.org
7965,Point Breeze Federal Credit Union,66585,Hunt Valley,MD,http://www.pbcu.com
4654,Houston Police Federal Credit Union,2357,Houston,TX,http://www.hpcu.coop
8509,Water And Power Community Federal Credit Union,68493,LOS ANGELES,CA,http://www.wpccu.org
5895,Del-One Federal Credit Union,13919,Dover,DE,http://www.del-one.org
4971,Altaone Federal Credit Union,5612,Ridgecrest,CA,http://www.altaone.org
6933,Westreet Federal Credit Union,24812,Tulsa,OK,http://www.westreet.org
7375,Alpena-Alcona Area Federal Credit Union,62035,Alpena,MI,http://www.aaacu.com
8642,True Community Federal Credit Union,68718,Jackson,MI,http://www.TrueCCU.com
8513,First City Federal Credit Union,68503,Pasadena,CA,http://www.Firstcitycu.org
7282,Numark Federal Credit Union,61447,Joliet,IL,http://www.numarkcu.org
7023,Oklahoma'S Federal Credit Union,24953,OKLAHOMA CITY,OK,http://www.okcu.org
5447,Fortera Federal Credit Union,9759,Clarksville,TN,http://www.forteracu.com
7145,Tlc Community Federal Credit Union,60509,Adrian,MI,http://www.tlccu.org
8225,Schlumberger Employees Federal Credit Union,67625,Sugar Land,TX,http://www.secu.slb.com
8340,Community Resource Federal Credit Union,68021,Baytown,TX,http://www.crcu.org
8047,Blackhawk Community Federal Credit Union,66998,Janesville,WI,http://www.BHCCU.org
6613,Ardent Federal Credit Union,22637,Phila,PA,http://www.ardentcu.org
7185,Hoosier Hills Federal Credit Union,60768,BEDFORD,IN,http://www.hoosierhills.com
7968,Greenwood Federal Credit Union,66594,Warwick,RI,http://www.greenwoodcu.org
8392,Qualstar Federal Credit Union,68223,Bothell,WA,http://www.qualstarcu.com
7316,Community First Federal Credit Union,61667,Santa Rosa,CA,http://www.comfirstcu.org
5384,Certified Federal Credit Union,9230,El Monte,CA,http://www.certifiedfed.com
7780,Community Choice Federal Credit Union,65078,JOHNSTON,IA,https://www.comchoicecu.org
6900,Granite Federal Credit Union,24726,SALT LAKE CITY,UT,http://www.granite.org
5034,Sun East Federal Credit Union,6160,Aston,PA,http://www.suneast.org
7309,Capital Federal Credit Union,61637,Bismarck,ND,https://www.capcu.org/
8159,Texas Bay Federal Credit Union,67465,Houston,TX,https://www.texasbaycu.org
5371,Merced School Employees Federal Credit Union,9119,MERCED,CA,https://www.mercedschoolcu.org
5394,Sun Community Federal Credit Union,9296,El Centro,CA,https://www.suncommunity.com
8015,Day Air Federal Credit Union,66835,Kettering,OH,http://www.dayair.org
6283,Communitywide Federal Credit Union,18336,South Bend,IN,http://www.comwide.com
5047,Skyone Federal Credit Union,6248,Hawthorne,CA,http://www.skyone.org
8389,Triangle Federal Credit Union,68210,Nashua,NH,https://www.trianglecu.org/
5192,Oceanair Federal Credit Union,7608,Oxnard,CA,http://www.oceanair.org
6578,Southwest Airlines Federal Credit Union,22157,Dallas,TX,http://www.swacu.org
6941,Hope Federal Credit Union,24829,JACKSON,MS,https://www.hopecu.org
7991,All One Federal Credit Union,66699,Leominster,MA,http://www.all-onecu.com
6561,Cinfed Federal Credit Union,21930,Cincinnati,OH,http://www.cinfed.org
5961,Maine Savings Federal Credit Union,14565,Hampden,ME,http://www.mainesavings.com
7471,Sacramento Federal Credit Union,62641,Sacramento,CA,http://www.sactocu.org
7344,Azura Federal Credit Union,61823,Topeka,KS,http://www.azuracu.com
7600,Atomic Federal Credit Union,63532,Piketon,OH,http://www.atomiccu.com
8348,Solarity Federal Credit Union,68061,Yakima,WA,https://www.solaritycu.org
8193,Liberty Bay Federal Credit Union,67541,Braintree,MA,https://www.lbcu.org
7033,First South Financial Federal Credit Union,24963,Bartlett,TN,http://www.firstsouth.com
6574,Service 1St Federal Credit Union,22128,Danville,PA,http://www.service1.org
5392,Consolidated Federal Credit Union,9292,PORTLAND,OR,https://www.consolidatedccu.com
8116,Envision Federal Credit Union,67329,Tallahassee,FL,http://www.envisioncu.com
7482,Pelican Federal Credit Union,62710,Baton Rouge,LA,http://www.pelicanstatecu.com
8599,1St Northern California Federal Credit Union,68668,Martinez,CA,http://www.1stnorcalcu.org/
8514,Intouch Federal Credit Union,68505,PLANO,TX,http://www.itcu.org
8349,America'S Christian Federal Credit Union,68062,Glendora,CA,http://www.americaschristiancu.com
5358,Uniwyo Federal Credit Union,9089,Laramie,WY,http://www.uniwyo.com
8455,Frontier Federal Credit Union,68376,Idaho Falls,ID,https://www.frontiercreditunion.com
8314,Smart Financial Federal Credit Union,67927,Houston,TX,http://www.smartcu.org
5641,Family Trust Federal Credit Union,11554,Rock Hill,SC,http://www.familytrust.org
7860,The Peoples Federal Credit Union,65861,Middletown,RI,http://www.peoplescu.com
7007,True Sky Federal Credit Union,24934,Oklahoma City,OK,https://www.TrueSkyCU.org
8566,Texell Federal Credit Union,68608,Temple,TX,http://www.texell.org
5355,Direct Federal Credit Union,9071,Needham,MA,http://www.direct.com
7583,Maine State Federal Credit Union,63377,Augusta,ME,http://www.mainestatecu.org
7492,Sooper Cu Dba Climb Cu Federal Credit Union,62776,ARVADA,CO,http://www.climbcu.org
7190,Town And Country Federal Credit Union,60790,MINOT,ND,http://www.townandcountry.org
6186,Profed Federal Credit Union,17012,Fort Wayne,IN,http://www.profedcu.org
7928,Pathways Financial Federal Credit Union,66376,Columbus,OH,http://www.pathwayscu.com
5734,Foothill Federal Credit Union,12425,Arcadia,CA,http://www.foothillcu.org
6076,Sea Comm Federal Credit Union,15672,MASSENA,NY,http://www.seacomm.org
7389,Team One Federal Credit Union,62141,SAGINAW,MI,http://WWW.TEAMONECU.ORG
7154,University Of Illinois Community Federal Credit Union,60583,Champaign,IL,http://www.uoficreditunion.org
7970,Polish National Federal Credit Union,66597,Chicopee,MA,http://www.pncu.com
6415,Reliant Community Federal Credit Union,20258,Sodus,NY,https://www.reliantcu.com/
8519,Verity Federal Credit Union,68517,Seattle,WA,http://www.veritycu.com
8029,Kohler Federal Credit Union,66872,Sheboygan,WI,http://www.kohlercu.com
7407,Oklahoma Central Federal Credit Union,62322,Tulsa,OK,http://www.oklahomacentral.org
8013,Freedom Federal Credit Union,66824,SPRINGFIELD,MA,http://www.freedom.coop
7571,Granite State Federal Credit Union,63272,Manchester,NH,https://www.gscu.org
5377,Carter Federal Credit Union,9164,SPRINGHILL,LA,http://www.cartercu.org
7608,Corda Federal Credit Union,63602,Cedar Rapids,IA,http://www.cordacu.org
8613,Coosa Valley Federal Credit Union,68683,Rome,GA,https://www.mycvcu.org
6564,Cpm Federal Credit Union,21971,NORTH CHARLESTO,SC,http://www.cpmfed.com
7712,Uncle Federal Credit Union,64482,LIVERMORE,CA,http://WWW.UNCLECU.ORG
6789,Legacy Community Federal Credit Union,24421,BIRMINGHAM,AL,http://www.legacycreditunion.com
7510,Arizona Central Federal Credit Union,62881,Phoenix,AZ,http://www.azcentralcu.org
8255,Quincy Federal Credit Union,67709,Quincy,MA,https://www.qcu.org
8178,Members Choice Federal Credit Union,67508,Houston,TX,http://www.mccu.com
5375,Meridian Trust Federal Credit Union,9160,Cheyenne,WY,http://www.mymeridiantrust.com
7232,Sharefax Federal Credit Union,61090,CINCINNATI,OH,http://WWW.SHAREFAX.ORG
8078,Superior Choice Federal Credit Union,67173,Superior,WI,http://www.superiorchoice.com
8428,Tapco Federal Credit Union,68298,Fircrest,WA,http://www.tapcocu.org
8495,Usc Federal Credit Union,68459,Los Angeles,CA,http://www.usccreditunion.org
7802,Armco Federal Credit Union,65291,BUTLER,PA,http://www.armcocu.com
6270,Umassfive College Federal Credit Union,18181,Hadley,MA,http://www.umassfive.coop
4402,Spero Financial Federal Credit Union,361,Greenville,SC,https://www.spero.financial
7292,We Florida Financial Federal Credit Union,61525,Fort Lauderdale,FL,http://www.wefloridafinancial.com
7374,Heartland Federal Credit Union,62031,HUTCHINSON,KS,http://www.hcu.coop
5687,Northland Area Federal Credit Union,11979,Alpena,MI,http://www.northlandcu.com
7330,Alliance Catholic Federal Credit Union,61759,Farmington Hill,MI,https://www.allianceccu.com
4400,Radifi Federal Credit Union,340,Jacksonville,FL,http://www.radificu.org
4747,First Choice America Community Federal Credit Union,3264,Weirton,WV,http://www.firstchoiceamericacu.org
7678,Greater Iowa Federal Credit Union,64203,Ames,IA,https://www.gicu.org
8456,Mypoint Federal Credit Union,68377,San Diego,CA,http://www.mypointcu.com
6756,First Citizens' Federal Credit Union,24254,FAIRHAVEN,MA,http://www.firstcitizens.org
6955,Mainstreet Federal Credit Union,24858,Lenexa,KS,https://www.mainstreetcu.org
7016,Envista Federal Credit Union,24945,Topeka,KS,http://www.envistacu.com
8624,Northern Federal Credit Union,68696,WATERTOWN,NY,http://www.mynorthern.com
8512,Copper State Federal Credit Union,68502,Phoenix,AZ,http://www.copperstatecu.org
4515,Coreplus Federal Credit Union,1148,Norwich,CT,http://www.coreplus.org
7182,Bellwether Community Federal Credit Union,60747,MANCHESTER,NH,http://www.bccu.org
7843,Freedom Northwest Federal Credit Union,65722,KAMIAH,ID,http://www.fnwcu.org
7059,O Bee Federal Credit Union,60059,Lacey,WA,https://www.obee.com
7835,American 1 Federal Credit Union,65595,JACKSON,MI,http://www.american1cu.org
7457,Rio Grande Federal Credit Union,62573,Albuquerque,NM,http://www.riograndecu.org
5573,Kinetic Federal Credit Union,10866,Columbus,GA,https://www.kineticCU.com
5830,First Peoples Community Federal Credit Union,13345,CUMBERLAND,MD,http://www.firstpeoples.com
8126,Insight Federal Credit Union,67344,WINTER SPRINGS,FL,http://www.insightcreditunion.com
6919,Wasatch Peaks Federal Credit Union,24780,OGDEN,UT,http://www.wasatchpeaks.com
7996,Heartland Federal Credit Union,66710,Madison,WI,https://www.heartlandcu.org/
8525,Premier One Federal Credit Union,68540,San Jose,CA,https://www.premieronecu.org/
8480,Resource One Federal Credit Union,68439,Dallas,TX,https://www.r1cu.org
7068,Omni Community Federal Credit Union,60105,Battle Creek,MI,http://www.omnicommunitycu.org
7242,Security Federal Credit Union,61159,GRAND BLANC,MI,http://www.securitycu.org
7057,Consumer Federal Credit Union,60056,Greeneville,TN,https://www.consumercreditunion.com
5874,Beehive Federal Credit Union,13741,Rexburg,ID,http://www.beehive.org
7921,Align Federal Credit Union,66365,Lowell,MA,http://www.aligncu.com
7211,Adventure Federal Credit Union,60936,Grand Rapids,MI,http://www.adventurecu.org
6545,Fedex Employees Credit Association Federal Credit Union,21751,Memphis,TN,http://www.fecca.com
8341,Evergreen Federal Credit Union,68038,Portland,ME,http://www.egcu.org
8567,Our Community Federal Credit Union,68609,Shelton,WA,http://www.ourcu.com
7515,Partner Colorado Federal Credit Union,62903,Arvada,CO,http://www.partnercoloradocu.org
5079,Financial Resources Federal Credit Union,6665,Branchburg,NJ,http://WWW.MYFINANCIALRESOURCES.ORG
8244,City Federal Credit Union,67669,DALLAS,TX,http://www.citycu.org
7325,Commonwealth Central Federal Credit Union,61741,San Jose,CA,http://www.wealthcu.org
8243,Floridacentral Federal Credit Union,67668,Tampa,FL,https://www.floridacentralcu.com/
8598,Southpoint Financial Federal Credit Union,68667,SLEEPY EYE,MN,http://www.southpointfinancial.com
7231,Homeland Federal Credit Union,61089,CHILLICOTHE,OH,http://www.homelandcu.com
8482,Excite Federal Credit Union,68441,San Jose,CA,http://www.excitecu.org
8046,Co-Op Federal Credit Union,66983,Black River Fal,WI,http://www.coopcu.com
7476,Central Willamette Federal Credit Union,62665,Albany,OR,http://www.centralwcu.org
7376,Embers Federal Credit Union,62038,Marquette,MI,https://www.embers.org
7614,Minnco Federal Credit Union,63639,Cambridge,MN,https://www.minnco.com
6022,Dugood Federal Credit Union,15146,BEAUMONT,TX,http://www.dugood.org
8218,Educators Federal Credit Union,67611,WACO,TX,http://www.EDCU.COM
7253,Financial Plus Federal Credit Union,61231,OTTAWA,IL,http://www.financialplus.org
6993,I.L.W.U. Federal Credit Union,24916,Long Beach,CA,http://www.ilwucu.org
8394,Tech Federal Credit Union,68225,Crown Point,IN,http://www.techcu.org
5667,Embold Federal Credit Union,11793,Oregon City,OR,http://www.emboldcu.org
7413,Diversified Members Federal Credit Union,62339,Detroit,MI,http://www.dmcu.com
7570,Ascentra Federal Credit Union,63268,Bettendorf,IA,http://www.ascentra.org
8597,Transcend Federal Credit Union,68666,Louisville,KY,http://www.transcendcu.com
7101,Siu Federal Credit Union,60279,Carbondale,IL,http://www.siucu.org
7163,Sovita Federal Credit Union,60666,Flint,MI,http://www.sovitacu.org
8592,Members Heritage Federal Credit Union,68661,Lexington,KY,https://www.membersheritage.org
7632,Adelfi Federal Credit Union,63837,Brea,CA,http://www.adelfibanking.com
7709,Heartland Federal Credit Union,64441,Springfield,IL,http://www.hcu.org
7516,Neighbors Federal Credit Union,62905,Saint Louis,MO,http://www.neighborscu.org
8464,Cabrillo Federal Credit Union,68409,San Diego,CA,http://www.cabrillocu.com
8579,The Southern Federal Credit Union,68638,Fayetteville,GA,http://www.southernonline.org
5260,Soarion Federal Credit Union,8169,SAN ANTONIO,TX,https://www.soarion.org
6771,Argent Federal Credit Union,24313,CHESTERFIELD,VA,http://www.argentcu.org
7134,Dutch Point Federal Credit Union,60457,Wethersfield,CT,http://www.dutchpoint.org
8612,My Community Federal Credit Union,68682,Midland,TX,http://www.mccu.coop
4662,First New York Federal Credit Union,2440,Albany,NY,http://www.firstnewyork.org
7176,Champion Federal Credit Union,60721,Canton,NC,http://www.championcu.com
8500,First U.S. Community Federal Credit Union,68474,Sacramento,CA,http://www.firstus.org
4941,Spectra Federal Credit Union,5380,ALEXANDRIA,VA,http://www.spectracu.com
5204,Partners 1St Federal Credit Union,7688,Fort Wayne,IN,http://www.partners1stcu.org
6755,I-C Federal Credit Union,24250,FITCHBURG,MA,http://www.iccreditunion.org
8295,City Of Boston Federal Credit Union,67841,South Boston,MA,http://www.cityofbostoncu.com
4608,Pearl Hawaii Federal Credit Union,1961,WAIPAHU,HI,http://www.pearlhawaii.com
5189,Arlington Community Federal Credit Union,7573,Arlington,VA,http://www.arlingtoncu.org
8302,Champions First Federal Credit Union,67874,Tallahassee,FL,http://www.championsfirst.org
7988,Simplicity Federal Credit Union,66678,Marshfield,WI,http://www.simplicity.coop
4639,Sunwest Federal Credit Union,2226,Glendale,AZ,http://www.mysunwest.com
7549,University Federal Credit Union,63133,Orono,ME,http://www.ucumaine.com
8574,Revity Federal Credit Union,68623,Granite City,IL,https://www.revitycu.com
4347,Levo Federal Credit Union,60,Sioux Falls,SD,http://www.levo.org
7329,Western Cooperative Federal Credit Union,61758,Williston,ND,http://www.wccu.org
4959,Security First Federal Credit Union,5547,MCALLEN,TX,https://www.securityfirstcu.com
7809,Mid American Federal Credit Union,65378,Wichita,KS,http://www.midamerican.coop
5580,Servu Federal Credit Union,10933,Painted Post,NY,http://www.servucu.com
8035,Valleystar Federal Credit Union,66924,Martinsville,VA,http://www.valleystar.org
7619,Land Of Lincoln Federal Credit Union,63716,DECATUR,IL,https://www.llcu.org
8503,Coastlife Federal Credit Union,68482,Corpus Christi,TX,http://www.coastlifecu.com
7019,Mutual Federal Credit Union,24948,Vicksburg,MS,http://www.mutualcu.org
7227,People Driven Federal Credit Union,61068,Southfield,MI,http://www.peopledrivencu.org
6669,Carolinas Telco Federal Credit Union,23494,Charlotte,NC,http://www.ctelco.org
7620,Liberty First Federal Credit Union,63757,Lincoln,NE,http://www.libertyfirstcu.com
8106,Westerly Community Federal Credit Union,67270,Wakefield,RI,http://www.westerlyccu.com
7934,Pcm Federal Credit Union,66424,Green Bay,WI,http://www.pcmcu.org
4363,Fedchoice Federal Credit Union,150,Lanham,MD,https://www.fedchoice.org/
7783,Holy Rosary Federal Credit Union,65088,Rochester,NH,http://www.hrcu.org
6739,Telcoe Federal Credit Union,24202,LITTLE ROCK,AR,http://www.telcoe.com
7093,Memphis City Employees Federal Credit Union,60239,MEMPHIS,TN,http://www.memphiscu.org
7531,802 Federal Credit Union,62983,Barre,VT,http://www.802cu.com
7494,West Community Federal Credit Union,62801,O Fallon,MO,http://www.westcommunitycu.org
5738,Velocity Community Federal Credit Union,12458,PALM BEACH GARD,FL,http://www.velocitycommunity.org
6780,Nizari Progressive Federal Credit Union,24384,Sugar Land,TX,http://www.nizaricu.org
6886,Trax Federal Credit Union,24703,Tampa,FL,https://www.traxcu.com
7814,Healthcare Associates Federal Credit Union,65421,Lisle,IL,https://www.hacu.org
4507,Widget Federal Credit Union,1117,Erie,PA,https://www.widgetfinancial.com
8630,Jolt Federal Credit Union,68703,SAGINAW,MI,http://www.joltcu.com
7279,Loc Federal Credit Union,61404,Farmington,MI,http://www.loccreditunion.com
7720,Lehigh Valley Educators Federal Credit Union,64606,Allentown,PA,http://www.lvecu.org
7048,Members Federal Credit Union,60002,WINSTON SALEM,NC,http://www.memcu.com
8581,Cornerstone Community Financial Federal Credit Union,68641,Auburn Hills,MI,http://www.ccfinancial.com
6835,Millbury Federal Credit Union,24543,Millbury,MA,https://www.millburycu.com
4999,Century Federal Credit Union,5852,Independence,OH,http://www.cenfedcu.org
8557,Southeast Financial Federal Credit Union,68599,FRANKLIN,TN,http://www.southeastfinancial.org
8174,Education Federal Credit Union,67494,Amarillo,TX,http://www.educationcu.com
4818,First Harvest Federal Credit Union,3951,DEPTFORD,NJ,http://www.firstharvestcu.com
7574,Skyward Federal Credit Union,63300,Wichita,KS,https://www.skywardcu.com
7454,North Star Community Federal Credit Union,62563,Maddock,ND,http://www.northstarccu.com
8661,Winsouth Federal Credit Union,68744,GADSDEN,AL,http://www.winsouthcu.com
6079,Trona Valley Community Federal Credit Union,15741,GREEN RIVER,WY,http://www.tronavalley.com
7719,Alabama State Employees Federal Credit Union,64598,Montgomery,AL,https://www.yourasecu.com
7165,Public Service Federal Credit Union,60683,Romulus,MI,http://www.pscunow.com
4976,Cascade Community Federal Credit Union,5652,Roseburg,OR,http://www.cascadecu.org
7757,On Tap Federal Credit Union,64913,Golden,CO,http://www.ontapcu.org
7219,Wheelhouse Federal Credit Union,61003,SAN DIEGO,CA,http://www.wheelhousecu.com
4578,Baton Rouge Telco Federal Credit Union,1726,Baton Rouge,LA,https://www.brtelco.org
4750,Picatinny Federal Credit Union,3291,DOVER,NJ,http://www.picacreditunion.com
4610,Centric Federal Credit Union,1982,West Monroe,LA,http://www.mycentric.org
6863,Cu Hawaii Federal Credit Union,24630,Hilo,HI,https://www.cuhawaii.com
7042,Infuze Federal Credit Union,24974,Fort Leonard Wo,MO,http://www.infuzecu.org
5497,Everence Federal Credit Union,10223,Lancaster,PA,http://www.everence.com
7416,Wmcu Federal Credit Union,62347,Grand Rapids,MI,https://www.WestMichiganCU.com
8293,Boston Firefighters Federal Credit Union,67837,Dorchester,MA,http://www.bosfirecu.com
7514,Assemblies Of God Federal Credit Union,62897,Springfield,MO,http://www.agcu.org
6846,Texar Federal Credit Union,24567,TEXARKANA,TX,http://WWW.GOTEXAR.COM
7124,St. Louis Community Federal Credit Union,60400,Saint Louis,MO,http://www.stlouiscommunity.com
8484,Colorado Federal Credit Union,68443,Littleton,CO,http://www.ccu.org
7627,Cport Federal Credit Union,63828,Portland,ME,http://www.cportcu.org
8148,Public Employees Federal Credit Union,67428,Austin,TX,http://www.pecutx.org
8538,American Southwest Federal Credit Union,68567,Sierra Vista,AZ,http://www.ascu.org
8604,Southeastern Federal Credit Union,68673,Valdosta,GA,http://www.southeasterncu.com
4635,Dexsta Federal Credit Union,2187,Wilmington,DE,http://www.dexsta.com
4969,Taunton Federal Credit Union,5602,Taunton,MA,http://www.tfed.com
5772,Mocse Federal Credit Union,12805,Modesto,CA,http://www.mocse.org
8653,Essential Federal Credit Union,68736,Baton Rouge,LA,http://www.essentialcu.org
7999,North Coast Federal Credit Union,66734,Bellingham,WA,http://www.northcoastcu.com
8192,Membersfirst Federal Credit Union,67538,Decatur,GA,http://www.membersfirstga.com
7767,Universal 1 Federal Credit Union,64970,Dayton,OH,http://www.universal1cu.org
8105,Rhode Island Federal Credit Union,67269,Providence,RI,http://www.ricreditunion.org
7371,Members Choice Federal Credit Union,62026,ASHLAND,KY,http://www.mccu.net
8395,Streator Onized Federal Credit Union,68226,Streator,IL,http://www.socu.org
8162,America'S Federal Credit Union,67470,GARLAND,TX,http://WWW.AMERICASCU.ORG
7622,Alliance Federal Credit Union,63789,Fenton,MO,http://www.alliancecu.com
6885,Jordan Federal Credit Union,24698,South Jordan,UT,http://www.jordan-cu.org
8093,First Community Cu Of Beloit Federal Credit Union,67214,BELOIT,WI,http://www.firstccu.com
5730,Carolina Trust Federal Credit Union,12361,MYRTLE BEACH,SC,https://www.carolinatrust.org
8083,Fort Community Federal Credit Union,67184,FORT ATKINSON,WI,http://www.fortcommunity.com
4594,Honolulu Federal Credit Union,1830,Honolulu,HI,http://www.myhocu.com
8570,Denver Community Cu D.B.A. Zing Cu Federal Credit Union,68616,Denver,CO,http://www.myzing.com
8472,Iaa Federal Credit Union,68423,Bloomington,IL,http://www.iaacu.org
7337,Ashland Federal Credit Union,61792,ASHLAND,KY,http://WWW.ASHLANDCU.ORG
8019,Eagle Community Federal Credit Union,66847,Lake Forest,CA,http://www.eaglecu.org
5361,Wyhy Federal Credit Union,9094,CHEYENNE,WY,http://www.wyhy.org
6134,Nymeo Federal Credit Union,16408,FREDERICK,MD,http://www.nymeo.org
8641,Interstate Federal Credit Union,68717,Jesup,GA,https://www.interstatecu.org/
8333,Ancorum Federal Credit Union,67993,Bath,ME,https://www.fivecounty.com
7352,Case Federal Credit Union,61908,Lansing,MI,http://www.casecu.org
7326,Monroe Community Federal Credit Union,61748,Monroe,MI,http://www.monroecommunitycu.org
6917,Alltru Federal Credit Union,24774,WENTZVILLE,MO,http://www.alltrucu.org
6343,Ocean Financial Federal Credit Union,19269,Oceanside,NY,http://www.oceanfinancial.org
7024,Navigator Federal Credit Union,24954,Pascagoula,MS,http://www.navigatorcu.org
4945,Fort Financial Federal Credit Union,5431,Fort Wayne,IN,https://www.fortfinancial.org
7909,Industrial Cu Of Whatcom County Federal Credit Union,66337,Bellingham,WA,https://www.industrialcu.com
8087,Arsenal Federal Credit Union,67195,Arnold,MO,http://www.arsenalcu.com
4901,Avenir Financial Federal Credit Union,4915,YUMA,AZ,http://WWW.AVENIRFINANCIAL.ORG
8032,Ten Federal Credit Union,66886,NASHVILLE,TN,https://www.tencu.com
5261,American United Federal Credit Union,8187,West Jordan,UT,https://www.amucu.org
7336,Blucurrent Federal Credit Union,61790,SPRINGFIELD,MO,http://www.blucurrent.org
7688,Premier Federal Credit Union,64271,Des Moines,IA,http://www.premiercu.org
8088,Park City Federal Credit Union,67196,Merrill,WI,http://www.parkcitycu.org
8021,Unison Federal Credit Union,66851,Kaukauna,WI,http://www.unisoncu.org
8265,Missouri Electric Cooperatives Empl Federal Credit Union,67739,Jefferson City,MO,http://www.mececu.com
4486,Pacific Crest Federal Credit Union,960,Klamath Falls,OR,https://www.sagecu.org
7339,Tba Federal Credit Union,61795,TRAVERSE CITY,MI,http://www.tbacu.com
5775,Sea West Coast Guard Federal Credit Union,12814,OAKLAND,CA,http://www.seawest.coop
8502,Mutual Security Federal Credit Union,68479,SHELTON,CT,http://www.mscu.net
7982,Prospera Federal Credit Union,66652,APPLETON,WI,http://www.myprospera.com
8323,St. Jean'S Federal Credit Union,67959,lynn,MA,http://www.stjeanscu.com
7382,Ignite Federal Credit Union,62072,Battle Creek,MI,https://www.ignitecreditunion.com/
5044,West-Aircomm Federal Credit Union,6233,Beaver,PA,http://www.westaircomm.com
7009,Allegiance Federal Credit Union,24936,Oklahoma City,OK,http://www.allegiancecu.org
7071,My Federal Credit Union,60125,BLOOMINGTON,MN,https://www.mymncu.org
8523,Mountain Federal Credit Union,68531,Waynesville,NC,http://www.mountaincu.org
7373,Our Federal Credit Union,62028,Royal Oak,MI,https://www.ourcuonline.org
7392,Marshall Community Federal Credit Union,62160,Marshall,MI,http://www.marshallcommunitycu.com
7536,Summit Federal Credit Union,63020,Greensboro,NC,http://www.summitcu.org
7543,Sharepoint Federal Credit Union,63098,Bloomington,MN,https://www.sharepointcu.com/
5133,Great Basin Federal Credit Union,7063,Reno,NV,http://www.greatbasin.org
8368,Mass Bay Federal Credit Union,68137,SOUTH BOSTON,MA,http://www.massbaycu.org
8483,Peopleschoice Federal Credit Union,68442,Biddeford,ME,http://www.peopleschoicecreditunion.com
8632,Orlando Federal Credit Union,68706,Orlando,FL,http://www.OrlandoCreditUnion.org
8644,Panhandle Federal Credit Union,68720,Panama City,FL,http://www.panhandlecu.org
5181,C-Plant Federal Credit Union,7524,PADUCAH,KY,http://www.cplant.com
7695,Alpine Federal Credit Union,64332,Orem,UT,http://www.alpinecu.com
4714,Affidian Federal Credit Union,2847,Denver,CO,https://www.affidiancu.org/
5705,Aero Federal Credit Union,12164,Glendale,AZ,http://www.aerofinancial.com
8504,Matadors Community Federal Credit Union,68483,Northridge,CA,http://www.matadors.org
8268,Heritage South Community Cu Federal Credit Union,67748,Shelbyville,TN,http://www.heritagesouth.org
7478,Members 1St Federal Credit Union,62677,Redding,CA,https://www.m1cu.org
4844,Montana Federal Credit Union,4164,Great Falls,MT,http://www.montanacu.com
8441,Hudson River Community Federal Credit Union,68342,Corinth,NY,http://www.hrccu.org
7994,Members Plus Federal Credit Union,66706,Medford,MA,https://www.memberspluscu.org
8533,Red Rocks Federal Credit Union,68560,Littleton,CO,http://www.redrocks.org
5367,Class Act Federal Credit Union,9106,Louisville,KY,https://www.classact.org
7125,Freestar Financial Federal Credit Union,60406,Mount Clemens,MI,http://www.freestarfinancial.com
7969,Ocean State Federal Credit Union,66595,COVENTRY,RI,http://www.oceanstatecu.org
6936,Pioneer Mutual Federal Credit Union,24818,SUGAR LAND,TX,http://www.pioneeronline.org
7314,United Financial Federal Credit Union,61657,Saginaw,MI,https://www.unitedfinancialcu.org/
8018,Cloverbelt Federal Credit Union,66844,Wausau,WI,http://www.ccuwausau.com
7880,Guadalupe Federal Credit Union,66149,Santa Fe,NM,http://www.guadalupecu.org
7087,Gulf Federal Credit Union,60205,Groves,TX,http://www.gecu.org
8261,Us Community Federal Credit Union,67720,Nashville,TN,http://www.usccu.org
7320,Michigan United Federal Credit Union,61698,Auburn Hills,MI,http://www.michiganunitedcu.org
8332,Old Hickory Federal Credit Union,67982,Nashville,TN,http://www.ohcu.org
5019,Strata Federal Credit Union,6032,BAKERSFIELD,CA,http://www.stratacu.org
7129,Extra Federal Credit Union,60428,WARREN,MI,http://www.extracreditunion.org
4889,Net Federal Credit Union,4792,Scranton,PA,https://www.netcreditunion.com
8600,Oregonians Federal Credit Union,68669,Milwaukie,OR,http://www.oregonianscu.com
6346,Family First Of Ny Federal Credit Union,19304,ROCHESTER,NY,http://www.familyfirstny.com
8217,First Basin Federal Credit Union,67609,Odessa,TX,http://www.firstbasin.com
7151,Community Trust Federal Credit Union,60543,Gurnee,IL,https://www.ctcu.org
7422,Dakota West Federal Credit Union,62380,WATFORD CITY,ND,http://www.dakotawestcu.com
8615,Centricity Federal Credit Union,68685,HERMANTOWN,MN,http://www.centricity.org
4983,Tucoemas Federal Credit Union,5718,VISALIA,CA,https://www.tucoemas.org
6975,West Virginia Central Federal Credit Union,24888,Parkersburg,WV,http://www.wvccu.org
8100,Unitedone Federal Credit Union,67248,Manitowoc,WI,http://www.unitedone.org
4544,Nassau Financial Federal Credit Union,1404,East Meadow,NY,http://www.nassaufinancial.org
8188,Fort Worth City Federal Credit Union,67532,Fort Worth,TX,http://www.fwccu.org
7919,First Northern Federal Credit Union,66359,Chicago,IL,http://www.fncu.org
7507,First Alliance Federal Credit Union,62872,Rochester,MN,http://www.firstalliancecu.com
4696,Inroads Federal Credit Union,2730,Saint Helens,OR,http://www.inroadscu.org
4815,Ume Federal Credit Union,3945,Burbank,CA,http://www.umecreditunion.com
7546,Telcomm Federal Credit Union,63116,Springfield,MO,http://www.telcommcu.com
6272,United Teletech Financial Federal Credit Union,18195,TINTON FALLS,NJ,http://www.utfinancial.org
5369,Families And Schools Together Federal Credit Union,9109,Hanford,CA,http://www.fastcu.com
8536,Downeast Federal Credit Union,68563,Baileyville,ME,http://www.downeastcu.com
7409,Soo Co-Op Federal Credit Union,62325,Sault Sainte Ma,MI,http://www.soocoop.com
6199,Trugrocer Federal Credit Union,17127,BOISE,ID,http://www.trugrocer.com
8102,Northwest Plus Federal Credit Union,67262,Everett,WA,http://www.nwpluscu.com
6436,Secny Federal Credit Union,20496,SYRACUSE,NY,http://www.secny.org
6717,Forest Area Federal Credit Union,24047,Fife Lake,MI,http://www.forestarea.com
7414,Preferred Federal Credit Union,62340,Grand Rapids,MI,http://www.preferredcu.org
7230,Oklahoma Educators Federal Credit Union,61088,OKLAHOMA CITY,OK,http://www.oecu.com
8307,Fall River Municipal Federal Credit Union,67894,Fall River,MA,http://www.frmcu.com
7293,Texoma Community Federal Credit Union,61527,Wichita Falls,TX,http://www.TexomaCU.com
8555,Decatur Earthmover Federal Credit Union,68597,Forsyth,IL,http://www.decu.com
7036,Harvesters Federal Credit Union,24967,Cantonment,FL,http://www.myharvesterscu.com
6943,Hawaii Central Federal Credit Union,24839,Honolulu,HI,http://www.hawaiicentral.org
8511,Intrepid Federal Credit Union,68495,Helena,MT,http://www.intrepidcu.org
8186,Guardians Federal Credit Union,67521,WEST PALM BEACH,FL,http://www.Guardianscu.coop
5215,Lookout Federal Credit Union,7776,Pocatello,ID,http://www.lookoutcu.com
4387,Energy One Federal Credit Union,256,Tulsa,OK,http://www.energyone.org
7517,Members1St Community Federal Credit Union,62918,Marshalltown,IA,http://www.members1st.com
7935,Valley Communities Federal Credit Union,66430,Mosinee,WI,http://www.valleycommunities.org
7247,United Bay Community Federal Credit Union,61186,Bay City,MI,http://www.ubccu.org
7606,United Federal Credit Union,63597,Mexico,MO,http://www.unitedcu.org
7425,Loyalty Federal Credit Union,62417,Pensacola,FL,https://www.loyaltycu.org
8326,Bowater Employees Federal Credit Union,67970,Calhoun,TN,http://www.bowaterecu.org
8303,Holyoke Federal Credit Union,67875,Holyoke,MA,http://www.holyokecu.com
7194,New Horizons Federal Credit Union,60799,MOBILE,AL,http://www.newhcu.org
6538,Home Town Federal Credit Union,21669,Owatonna,MN,http://www.hometowncu.coop
5209,Homebase Federal Credit Union,7722,Prince George,VA,https://www.homebasecu.org
7305,Greater Community Federal Credit Union,61624,Dawson,MN,http://www.greaterccu.com
8111,Alive Federal Credit Union,67316,Jacksonville,FL,http://www.alivecu.coop
7250,Kalsee Federal Credit Union,61219,Kalamazoo,MI,http://www.kalsee.com
7961,Northwestern Mutual Federal Credit Union,66555,Milwaukee,WI,http://www.mynmcu.com
8168,Alltrust Federal Credit Union,67481,Fairhaven,MA,http://www.alltrustcu.org
7979,Guardian Federal Credit Union,66638,Oak Creek,WI,http://www.guardiancu.org
5282,Advantage Plus Federal Credit Union,8428,POCATELLO,ID,http://www.advantagepluscreditunion.com
4828,General Electric Employees Federal Credit Union,4043,Milford,CT,https://www.myGECreditUnion.com
8580,Har-Co Federal Credit Union,68639,BEL AIR,MD,http://www.harcocu.org
8053,1St Community Federal Credit Union,67012,Sparta,WI,http://www.1stccu.com
8097,Glacier Hills Federal Credit Union,67238,WEST BEND,WI,http://www.glacierhills.com
8462,Heritage Community Federal Credit Union,68395,Rancho Cordova,CA,http://www.heritageccu.com
6865,Lormet Community Federal Credit Union,24637,Amherst,OH,http://www.lormet.com
8552,Unity One Federal Credit Union,68589,Fort Worth,TX,http://www.unityone.org
8387,Puget Sound Cooperative Federal Credit Union,68204,Bellevue,WA,http://www.psccu.org
4820,Western Vista Federal Credit Union,3972,Cheyenne,WY,http://www.wvista.com
6894,People'S Community Federal Credit Union,24713,VANCOUVER,WA,http://www.peoplescu.org
5225,First Flight Federal Credit Union,7870,CARY,NC,https://www.efirstflight.com
8458,Lewis Clark Federal Credit Union,68386,Lewiston,ID,https://www.lewisclarkcu.org
8639,Marshland Federal Credit Union,68714,Brunswick,GA,https://www.marshlandcu.com
8396,Weststar Federal Credit Union,68227,Las Vegas,NV,http://www.weststar.org
8401,Minnequa Works Federal Credit Union,68240,Pueblo,CO,http://www.mymwcu.com
7136,Zia Federal Credit Union,60467,Los Alamos,NM,https://www.ziacu.org
7276,Bhcu Federal Credit Union,61387,RIDLEY PARK,PA,http://www.propellcu.org
7440,Service One Federal Credit Union,62484,Bowling Green,KY,http://www.socu.com
7363,North Central Area Federal Credit Union,61953,Houghton Lake,MI,http://www.ncacu.org
8628,Auburn University Federal Credit Union,68701,AUBURN,AL,http://www.myaucu.org
4741,Aneca Federal Credit Union,3212,Shreveport,LA,https://www.aneca.org
8576,Blue Eagle Federal Credit Union,68629,Roanoke,VA,http://www.blueeaglecreditunion.com
7166,Spc Federal Credit Union,60686,HARTSVILLE,SC,http://www.spccu.org
8609,Advantage One Federal Credit Union,68679,Brownstown,MI,https://www.myaocu.com/
5294,Encompass Federal Credit Union,8548,Tipton,IN,http://www.encompasscu.org
4424,Primetrust Financial Federal Credit Union,489,MUNCIE,IN,https://www.primetrustcu.com
7522,Landings Federal Credit Union,62937,TEMPE,AZ,http://www.landingscu.org
5310,Niagara'S Choice Federal Credit Union,8693,Niagara Falls,NY,http://www.niagaraschoice.org
5152,St. Francis X Federal Credit Union,7219,Petoskey,MI,http://www.stfranciscu.org
7641,One Federal Credit Union,63923,SPRINGFIELD,VT,http://www.onecu.org
8473,Illiana Financial Federal Credit Union,68425,CALUMET CITY,IL,http://www.illiana.org
7150,Southwest Heritage Federal Credit Union,60533,Odessa,TX,http://www.swhcu.com
7358,Energy Capital Federal Credit Union,61936,Houston,TX,https://www.eccu.net
5376,Elevate Federal Credit Union,9163,BRIGHAM CITY,UT,http://www.elevatecu.com
4682,Red Crown Federal Credit Union,2585,Tulsa,OK,http://www.redcrown.org
8411,Connections Federal Credit Union,68257,pocatello,ID,http://www.connectidaho.org
5424,Midwest Community Federal Credit Union,9522,Defiance,OH,http://www.midwestcommunity.org
8443,Tremont Federal Credit Union,68349,Boston,MA,http://www.tremontcu.org
5761,Edifi Federal Credit Union,12679,Rancocas,NJ,http://www.edificu.com
7369,Filer Federal Credit Union,62010,Manistee,MI,http://www.filercu.com
8560,Mygeorgia Federal Credit Union,68602,Gainesville,GA,http://www.mygacu.com
7424,Bridge Federal Credit Union,62406,Powell,OH,http://www.bridgecu.org
4853,Chief Financial Federal Credit Union,4271,Rochester Hills,MI,http://www.chiefonline.com
7317,Community West Federal Credit Union,61677,Kentwood,MI,http://www.communitywestcu.org
7114,Central State Federal Credit Union,60363,Stockton,CA,http://www.centralstatecu.org
7760,Hidden River Federal Credit Union,64932,Pottsville,PA,http://www.hdriver.org
4824,Truecore Federal Credit Union,4024,NEWARK,OH,http://www.truecore.org
7966,Citizens Community Federal Credit Union,66592,Fort Dodge,IA,http://www.citizenscu.com
7759,Illinois State Federal Credit Union,64920,Normal,IL,http://www.itsmycreditunion.org
7778,Novation Federal Credit Union,65063,OAKDALE,MN,http://www.Novation.org
4634,Greater Alliance Federal Credit Union,2182,Paramus,NJ,http://www.greateralliance.org
7576,Nw Priority Federal Credit Union,63315,Portland,OR,http://www.nwprioritycu.org
5440,Meritus Federal Credit Union,9643,LAFAYETTE,LA,http://www.merituscu.net
5013,Southern Security Federal Credit Union,5974,Collierville,TN,http://www.southernsecurity.org
7178,The Family Federal Credit Union,60728,Davenport,IA,http://www.familycu.com
5857,Shrewsbury Federal Credit Union,13601,SHREWSBURY,MA,http://WWW.SHREWSBURYCU.COM
4713,Sterling Federal Credit Union,2840,STERLING,CO,http://www.sterlingcreditunion.org
6109,Geovista Federal Credit Union,16168,Hinesville,GA,http://www.geovistacu.com
6788,Building Trades Federal Credit Union,24414,MAPLE GROVE,MN,http://www.buildingtradesCU.com
7144,Mutual Savings Federal Credit Union,60501,Birmingham,AL,http://www.mutualsavings.org
6990,Ohio Valley Community Federal Credit Union,24909,CLARINGTON,OH,http://www.ohiovalleycu.org
7833,Cedar Falls Community Federal Credit Union,65565,Cedar Falls,IA,http://www.cfccu.org
7927,Southbridge Federal Credit Union,66374,Southbridge,MA,https://www.southbridgecu.com
8446,Corazo Federal Credit Union,68356,El Centro,CA,http://www.corazocu.com
7417,C E S Federal Credit Union,62352,MOUNT VERNON,OH,http://www.cescu.com
6402,Americhoice Federal Credit Union,20041,Mechanicsburg,PA,http://www.americhoice.org
7527,Financial Plus Federal Credit Union,62965,West Des Moines,IA,http://www.financialpluscu.com
7745,F3 Federal Credit Union,64835,SAN JOSE,CA,http://www.f3creditunion.com
8150,Community South Federal Credit Union,67434,CHIPLEY,FL,http://www.communitysouth.net
7394,Michigan One Community Federal Credit Union,62169,Ionia,MI,http://www.M1ccu.org
6014,Community First Guam Federal Credit Union,15051,Hagatna,GU,http://www.cfirstguam.com
8310,Westex Community Federal Credit Union,67915,Kermit,TX,https://www.wccu.net/
8128,University Federal Credit Union,67348,MIAMI,FL,http://WWW.UCUMIAMI.ORG
7781,Sunwest Federal Credit Union,65082,Pueblo,CO,http://www.sunwestecu.com
5606,First Service Federal Credit Union,11170,Groveport,OH,http://www.firstcu.com
8299,Capitol Federal Credit Union,67865,Austin,TX,http://www.ccutx.org
8425,Clarity Federal Credit Union,68295,Nampa,ID,http://www.claritycu.com
6099,Chaffey Federal Credit Union,16030,Upland,CA,http://www.chaffey.com
8308,Greater Springfield Federal Credit Union,67902,SPRINGFIELD,MA,http://www.grscu.org
8614,Midwest Members Federal Credit Union,68684,Wood River,IL,http://www.midmembers.org
6902,Western Division Federal Credit Union,24731,WILLIAMSVILLE,NY,http://WWW.WESTERNDIVISION.ORG
7526,Expedition Federal Credit Union,62964,Mendota Heights,MN,https://www.expeditioncu.com/
7341,Fort Mcclellan Federal Credit Union,61800,Anniston,AL,https://www.fortmcclellancu.org/
6890,Eastern Utah Community Federal Credit Union,24709,Price,UT,http://www.euccu.com
7472,Michigan Legacy Federal Credit Union,62642,Wyandotte,MI,http://www.michiganlegacycu.org
7269,Isabella Community Federal Credit Union,61318,MT Pleasant,MI,https://www.iccuonline.com
5603,Canopy Federal Credit Union,11162,SPOKANE,WA,http://www.canopycu.com
6312,Louviers Federal Credit Union,18765,Newark,DE,http://www.louviers.com
8550,Associated School Employees Federal Credit Union,68587,Youngstown,OH,http://www.asecu.com
7845,Catholic & Community Federal Credit Union,65735,Shiloh,IL,http://www.candccu.com
7210,Alatrust Federal Credit Union,60934,HOOVER,AL,http://www.alatrustcu.com
7312,Hometown Federal Credit Union,61648,KULM,ND,http://www.hcuonline.com
7474,Naheola Federal Credit Union,62661,Pennington,AL,http://www.naheola.com
6328,Okunity Federal Credit Union,18965,Stillwater,OK,http://www.okcommunitycu.com
5517,1St Liberty Federal Credit Union,10375,Great Falls,MT,http://www.1stliberty.org
6095,Grand Altitude Federal Credit Union,16009,Lander,WY,http://www.atlanticcity.coop
5773,Success Federal Credit Union,12808,BLYTHEVILLE,AR,https://www.successcreditunion.com
7193,Accentra Federal Credit Union,60798,AUSTIN,MN,http://www.accentracu.org
6540,Parda Federal Credit Union,21686,Auburn Hills,MI,http://www.parda.com
8465,United Consumers Federal Credit Union,68410,INDEPENDENCE,MO,http://www.uccumo.com
7172,Alabama Central Federal Credit Union,60712,Birmingham,AL,http://www.alabamacentral.org
5920,Stark Federal Credit Union,14120,canton,OH,http://www.starkcu.org
5532,Fitzsimons Federal Credit Union,10572,AURORA,CO,http://www.fitzsimonscu.com
7385,U.P. State Federal Credit Union,62085,Escanaba,MI,http://www.upscu.com
7716,Alta Vista Federal Credit Union,64531,REDLANDS,CA,http://www.altavistacu.org
5813,Lisbon Community Federal Credit Union,13190,Lisbon,ME,http://www.lisboncu.org
7398,Aac Federal Credit Union,62217,Grand Rapids,MI,https://www.goaac.com
4699,U. S. Employees O. C. Federal Credit Union,2744,OKLAHOMA CITY,OK,http://WWW.USECREDITUNION.ORG
5023,Beacon Federal Credit Union,6062,La Porte,TX,http://www.beaconfed.org
7562,Frontier Community Federal Credit Union,63201,Leavenworth,KS,http://www.FrontierCCU.org
7333,Red Wing Federal Credit Union,61778,Red Wing,MN,http://www.redwingcu.com
7189,Railway Federal Credit Union,60787,MANDAN,ND,http://www.railwaycu.com
7621,Cooperative Choice Network Federal Credit Union,63783,PEORIA,IL,http://www.ccncu.com
7738,Merco Federal Credit Union,64766,Merced,CA,http://www.merco.org
8080,Access Community Federal Credit Union,67178,Amarillo,TX,http://www.accesscreditunion.com
8074,Members First Federal Credit Union,67153,Brigham City,UT,https://www.memfirstcu.com
7050,Priority One Federal Credit Union,60024,South Pasadena,CA,https://www.priorityonecu.org
8481,Membersource Federal Credit Union,68440,Houston,TX,http://www.membersourcecu.org
5058,Trunorth Federal Credit Union,6332,Ishpeming,MI,http://www.trunorthcu.org
6188,Coca-Cola Federal Credit Union,17017,ATLANTA,GA,https://www.creditunion.coca-cola.com
7053,Vicinity Federal Credit Union,60041,Chicago,IL,http://www.vicinitycreditunion.com
5854,Spirit Of Alaska Federal Credit Union,13583,Fairbanks,AK,http://www.spiritofak.com
7573,Employees Federal Credit Union,63299,Estherville,IA,http://www.employeescu.com
7753,Aim Federal Credit Union,64886,Dubuque,IA,http://www.aimcreditunion.com
4949,Kauai Federal Credit Union,5487,Lihue,HI,http://www.kauaicreditunion.org
7212,Riverfall Federal Credit Union,60942,Tuscaloosa,AL,http://www.riverfallcu.com
7558,White Eagle Federal Credit Union,63189,Augusta,KS,http://www.whiteeaglecu.com
8437,Saco Valley Federal Credit Union,68324,Saco,ME,http://www.sacovalley.org
5315,Coloramo Federal Credit Union,8725,Grand Junction,CO,http://www.Coloramo.org
6428,Beach Municipal Federal Credit Union,20394,Virginia Beach,VA,http://www.beachmunicipal.org
7820,Eco Federal Credit Union,65464,Birmingham,AL,http://www.ecocu.org
7191,Georgetown Kraft Federal Credit Union,60791,Georgetown,SC,http://www.gkcu.org
4895,Downriver Community Federal Credit Union,4853,Ecorse,MI,http://www.downrivercu.com
8117,Miami Postal Service Federal Credit Union,67330,Miami,FL,http://www.mpscu.org
8554,First Trust Federal Credit Union,68596,Michigan City,IN,https://www.firsttrustcu.com
7285,Priority Trust Federal Credit Union,61457,Houston,TX,http://www.prioritytrustcu.org
7677,Conservation Employees Federal Credit Union,64199,Jefferson City,MO,http://www.cecuonline.org
7826,Municipal Emps Cu Of Oklahoma City Federal Credit Union,65503,OKLAHOMA CITY,OK,http://WWW.MECUOKC.ORG
7063,Community 1St Federal Credit Union,60079,DUPONT,WA,https://WWW.MYC1CU.COM
8238,Members First Federal Credit Union,67658,Corpus Christi,TX,http://www.m1st.org
7496,Public Safety Federal Credit Union,62812,Kansas City,MO,http://www.publicsafetycu.org
6736,Mil-Way Federal Credit Union,24197,TEXARKANA,AR,https://www.milway.org
8489,Lone Star Federal Credit Union,68449,Dallas,TX,http://www.lonestarcu.org
7912,River Works Federal Credit Union,66346,Lynn,MA,http://www.rwcu.com
8549,Heritage South Federal Credit Union,68586,SYLACAUGA,AL,http://www.myhscu.com
8082,Ripco Federal Credit Union,67183,Rhinelander,WI,http://www.ripco.org
8055,Northeast Community Federal Credit Union,67021,ELIZABETHTON,TN,http://www.BeMyCU.org
8233,First Central Federal Credit Union,67644,Waco,TX,http://www.firstcentralcu.com
4381,Magnolia Federal Credit Union,224,Jackson,MS,http://www.magfedcu.org
8321,Alden Federal Credit Union,67951,Chicopee,MA,http://www.aldencu.com
5899,Puerto Rico Federal Credit Union,13939,Caparra,PR,http://www.prfedcu.com
6906,Horizon Utah Federal Credit Union,24746,Farmington,UT,http://www.myHorizonCU.com
6055,Kelly Community Federal Credit Union,15467,Tyler,TX,http://www.kellycommunity.org
8281,Employee Resources Federal Credit Union,67789,LAWRENCEBURG,TN,http://www.ercu.org
7491,Southwest Louisiana Federal Credit Union,62756,Lake Charles,LA,http://www.swlacu.com
5143,Chemcel Federal Credit Union,7129,BISHOP,TX,http://www.chemcel.org
7977,Members' Advantage Federal Credit Union,66633,Wisconsin Rapid,WI,http://www.membersadvantagecu.com
6811,South Metro Federal Credit Union,24482,PRIOR LAKE,MN,http://www.southmet.com
7811,First Nebraska Federal Credit Union,65398,OMAHA,NE,http://www.firstnebraska.org
7561,Lincoln County Federal Credit Union,63199,Libby,MT,http://www.lincolncountycu.com
7366,Safe Harbor Federal Credit Union,61988,Ludington,MI,http://www.safeharborcu.org
4603,Aspire Community Federal Credit Union,1888,MINOT,ND,https://www.aspire.creditunion
7357,Compass Community Federal Credit Union,61933,Eureka,CA,http://www.compassccu.org
6484,First Choice Financial Federal Credit Union,21012,Gloversville,NY,http://www.fcfinancialcu.org
7112,Johnsonville Tva Employees Federal Credit Union,60345,CAMDEN,TN,http://www.jtvaecu.org
5585,Ufcw Community Federal Credit Union,10973,Wyoming,PA,http://www.ufcwpa.org
6218,Allegius Federal Credit Union,17389,Burns Harbor,IN,https://www.allegius.org
6399,Health Advantage Federal Credit Union,20007,SAGINAW,MI,http://www.healthadvantagecu.com
5988,Frick Financial Federal Credit Union,14775,Uniontown,PA,http://www.frickfin.org
7131,Century Federal Credit Union,60435,SAINT LOUIS,MO,https://www.centurycu.org/
7271,Community Federal Credit Union,61336,NEW ROCKFORD,ND,http://www.community-credit-union.org
8617,Rock Valley Federal Credit Union,68687,Loves Park,IL,http://www.rockvalleycreditunion.org
7503,Northwoods Federal Credit Union,62847,Cloquet,MN,https://www.northwoodscu.org
7083,Cornerstone Federal Credit Union,60189,Freeport,IL,http://www.cornerstonecu.org
7301,Libertyone Federal Credit Union,61604,Arlington,TX,http://www.libertyonecu.com
6143,Nuvista Federal Credit Union,16476,Montrose,CO,http://www.nuvista.org
7180,Mid Carolina Federal Credit Union,60735,Lugoff,SC,http://www.midcarolinacu.com
7257,Achieve Financial Federal Credit Union,61256,Berlin,CT,http://www.achievefinancialcu.com
6874,First Federal Credit Union,24673,Hiawatha,IA,http://www.firstfedcu.com
4862,Greenville Heritage Federal Credit Union,4400,Greenville,SC,http://www.greenvilleheritage.com
6541,Ulster Federal Credit Union,21694,Kingston,NY,http://www.ulsfedcu.org
8016,Code Federal Credit Union,66840,Dayton,OH,http://www.codecu.org
5382,Trailnorth Federal Credit Union,9219,Ticonderoga,NY,http://www.trailnorth.com
7672,Heartland Federal Credit Union,64168,Inver Grove Hei,MN,http://www.heartlandcu.com
7135,Associated Healthcare Federal Credit Union,60466,Woodbury,MN,http://www.ahcu.org
8344,Naveo Federal Credit Union,68046,SOMERVILLE,MA,http://www.naveo.org
7408,E-Central Federal Credit Union,62323,PASADENA,CA,http://www.ecentralcu.org
7650,Santa Cruz Community Federal Credit Union,64029,Santa Cruz,CA,https://www.scccu.org
8009,San Joaquin Power Employees Federal Credit Union,66788,FRESNO,CA,http://www.sjpecu.org
7938,Winnebago Community Federal Credit Union,66437,Oshkosh,WI,http://www.wincu.org
5636,Ascent Federal Credit Union,11520,OGDEN,UT,http://www.ascentcu.com
8149,Calhoun Liberty Federal Credit Union,67431,Blountstown,FL,http://www.calhounlibertycu.com
8054,N.E.W. Federal Credit Union,67017,Oconto Falls,WI,http://www.newcu.org
7548,1St Gateway Federal Credit Union,63124,Camanche,IA,http://www.1stgateway.org
7400,H.P.C. Federal Credit Union,62219,ALPENA,MI,http://www.hpccu.com
8347,Homefield Federal Credit Union,68057,NORTH GRAFTON,MA,http://www.homefieldcu.com
7116,Minnesota Power Employees Federal Credit Union,60377,DULUTH,MN,http://www.mpecu.com
7939,Sentry Federal Credit Union,66439,Stevens Point,WI,http://www.sentrycu.org
7381,Harborlight Federal Credit Union,62066,WHITEHALL,MI,http://www.harborlightcu.org
7307,Family Financial Federal Credit Union,61633,Norton Shores,MI,https://www.ff-cu.org
7397,Wolverine State Federal Credit Union,62203,Alpena,MI,http://www.wolverinescu.com
7998,New Bedford Federal Credit Union,66733,New Bedford,MA,http://www.nbcu4u.com
7493,Artesia Federal Credit Union,62783,Artesia,NM,http://www.artesiacu.org
6107,Heritage Grove Federal Credit Union,16113,Salem,OR,http://www.ourgrovecu.com
5368,Southern Chautauqua Federal Credit Union,9107,Lakewood,NY,http://www.665-7000.com
7796,Cent Federal Credit Union,65238,Mason City,IA,http://www.centcu.org
6802,Pioneer Valley Federal Credit Union,24443,Springfield,MA,https://www.pvcu.org
6984,Hercules First Federal Credit Union,24902,SALT LAKE CITY,UT,http://www.herculescu.com
8081,Foothills Federal Credit Union,67181,Wheat Ridge,CO,http://www.foothills-cu.com
7566,Telco Triad Community Federal Credit Union,63218,Sioux City,IA,http://www.telcotriad.org
8329,Community Service Federal Credit Union,67974,Huntsville,TX,http://www.cscutx.com
5506,The Focus Federal Credit Union,10283,OKLAHOMA CITY,OK,http://www.focusok.com
6654,Alternatives Federal Credit Union,23283,Ithaca,NY,http://www.alternatives.org
7942,Prime Financial Federal Credit Union,66449,Cudahy,WI,http://www.primefinancialcu.org
8060,Utah Heritage Federal Credit Union,67076,Moroni,UT,http://www.utahheritagecu.org
8267,Scenic Community Federal Credit Union,67747,Hixson,TN,http://www.mysccu.com
5745,Torrance Community Federal Credit Union,12543,TORRANCE,CA,http://www.torranceccu.org
7248,Arrha Federal Credit Union,61189,Springfield,MA,http://www.arrhacu.com
7569,Hello Federal Credit Union,63262,Panama City,FL,https://www.hellocu.com
6386,Advanz Federal Credit Union,19853,Louisville,KY,http://www.advanzcu.org
4477,Star Usa Federal Credit Union,911,Charleston,WV,http://www.star.coop
7744,California Lithuanian Federal Credit Union,64834,Santa Monica,CA,https://www.clcu.org
7088,Harbor Pointe Federal Credit Union,60207,DULUTH,MN,http://www.hpcu.us
7665,Arapahoe Federal Credit Union,64110,Littleton,CO,https://www.arapahoecu.org
6021,Chocolate Bayou Community Federal Credit Union,15143,Alvin,TX,http://www.chocolatebayou.org
8656,44 North Federal Credit Union,68739,LEBANON,OR,http://www.44northcu.org
7470,North Star Community Federal Credit Union,62638,Cherokee,IA,http://www.nsccu.org
6785,Caro Federal Credit Union,24404,COLUMBIA,SC,http://www.SmartCaro.org
7372,Best Financial Federal Credit Union,62027,MUSKEGON,MI,http://www.bestfinancialcu.org
7654,Power Federal Credit Union,64037,Pueblo,CO,http://www.powercu.org
4444,Trailhead Federal Credit Union,644,PORTLAND,OR,http://www.trailheadcu.org
7793,Natco Federal Credit Union,65208,RICHMOND,IN,http://www.natcocu.org
8262,First Choice Federal Credit Union,67725,WEST PALM BEACH,FL,http://www.firstchoicecu.org
6115,Financial Builders Federal Credit Union,16213,KOKOMO,IN,http://www.Financialbuilders.org
8407,Mountaincrest Federal Credit Union,68253,Arlington,WA,http://www.mountaincrestcu.com
8626,Go Energy Financial Federal Credit Union,68698,TUCKER,GA,http://www.goenergyfin.com
7940,Shoreline Federal Credit Union,66447,Two Rivers,WI,http://www.shorelinecu.org
5595,4U Federal Credit Union,11067,Gainesville,TX,http://www.4ucu.org
5454,Fidelis Catholic Federal Credit Union,9810,Arvada,CO,http://www.fideliscu.org
7635,Green Mountain Federal Credit Union,63859,South Burlingto,VT,http://www.greenmountaincu.com
8134,Core Federal Credit Union,67371,Statesboro,GA,https://www.corecu.org
7501,Affinity Federal Credit Union,62829,Des Moines,IA,http://www.affinitycuia.org
5938,The District Federal Credit Union,14369,Aurora,CO,https://www.districtcreditunion.com
4978,Iron Mountain Kingsford Community Federal Credit Union,5660,KINGSFORD,MI,http://www.pcbranch.com
8520,First Coast Community Federal Credit Union,68524,Palatka,FL,http://www.firstcoastccu.com
5882,Medina County Federal Credit Union,13794,Wadsworth,OH,http://www.medfed.com
5917,Citymark Federal Credit Union,14074,Plains,PA,http://www.citymark.org
7213,Consumers Professional Federal Credit Union,60947,LANSING,MI,http://www.cpcu.co
5596,East County Schools Federal Credit Union,11099,EL CAJON,CA,http://www.eastcountyschools.org
5488,Heart Of Louisiana Federal Credit Union,10164,PINEVILLE,LA,http://www.heartcu.org
8028,Leading Edge Federal Credit Union,66867,Worthington,MN,http://www.leadingedgecu.org
7207,Kimberly Clark Federal Credit Union,60928,MEMPHIS,TN,http://www.kimberlyclarkcu.org
5075,Syracuse Fire Department Employees Federal Credit Union,6627,SYRACUSE,NY,http://www.syrfirecu.com
4638,Buffalo Metropolitan Federal Credit Union,2209,BUFFALO,NY,http://www.bflometrocu.org
8438,Wcla Federal Credit Union,68328,Olympia,WA,https://www.loggerscu.com
7302,Financialedge Federal Credit Union,61619,Bay City,MI,http://www.finedgecu.org
7318,Siskiyou Federal Credit Union,61682,Yreka,CA,http://www.siskiyoucu.org
8071,Nebo Federal Credit Union,67146,Springville,UT,http://www.nebocreditunion.org
8156,Texas Health Federal Credit Union,67452,AUSTIN,TX,http://www.thcu.org
7035,Tendto Federal Credit Union,24965,Erie,PA,https://www.tendtocu.com
7217,Lenco Federal Credit Union,60991,Adrian,MI,http://www.lenco.org
7022,Members Exchange Federal Credit Union,24952,Jackson,MS,http://www.mecuanywhere.com
7967,First Priority Federal Credit Union,66593,BOSTON,MA,http://WWW.FIRSTPRIORITYCU.COM
5118,Central Maine Federal Credit Union,6936,Lewiston,ME,http://www.centralmainecu.com
8621,Tru Fi Federal Credit Union,68691,Macclenny,FL,http://www.truficu.org
7143,North Alabama Educators Federal Credit Union,60500,HUNTSVILLE,AL,http://www.naecu.org
7955,Arcadia Federal Credit Union,66532,Arcadia,WI,http://www.arcadiacu.com
8072,Pacific Horizon Federal Credit Union,67147,Springville,UT,http://www.pacifichorizoncu.com
7118,Central Missouri Community Federal Credit Union,60383,WARRENSBURG,MO,http://www.mycmccu.org
8121,Florida West Coast Federal Credit Union,67337,BRANDON,FL,http://www.FWCCU.COM
5545,Meridia Community Federal Credit Union,10684,HAMBURG,NY,http://www.meridiacu.com
4928,Kansas State University Federal Credit Union,5257,Manhattan,KS,http://www.kstatecu.com
4629,Campbell Federal Credit Union,2141,Maple Shade,NJ,http://www.campbellcu.org
8085,Quantum Federal Credit Union,67187,Wichita,KS,http://www.theq.org
5589,Grasslands Federal Credit Union,11030,CIRCLE,MT,http://www.grasslandscu.com
5959,Pacific Cascade Federal Credit Union,14545,EUGENE,OR,https://www.wesaveyou.com
6300,Aurora Federal Credit Union,18574,Aurora,CO,http://www.auroracu.com
5860,Indiana State University Federal Credit Union,13616,Terre Haute,IN,http://www.isucreditunion.com
4960,Clinchfield Federal Credit Union,5549,Erwin,TN,https://www.clinchfieldcu.com
8232,Mtcu Federal Credit Union,67642,Midland,TX,http://www.mtcu.org
8306,Workmen'S Circle Incorporated Federal Credit Union,67892,Savannah,GA,http://www.workmenscirclecu.com
5250,Alaska Air Group Federal Credit Union,8100,SEATAC,WA,http://www.aagcu.org
8416,Horizons North Federal Credit Union,68274,Westminster,CO,http://www.hncu.org
8403,Members Advantage Federal Credit Union,68242,MICHIGAN CITY,IN,http://www.macuonline.org
8593,Finex Federal Credit Union,68662,East Hartford,CT,http://www.finexcu.org
7529,Connected Federal Credit Union,62976,AUGUSTA,ME,http://www.connectedcreditunion.org
8090,Oakdale Federal Credit Union,67200,Oakdale,WI,http://www.oakdalecu.coop
8413,Pikes Peak Federal Credit Union,68266,Colorado Spring,CO,http://www.pikespeakcu.com
4679,Members 1St Of Nj Federal Credit Union,2574,Vineland,NJ,http://www.membersonenj.org
7367,Sunrise Family Federal Credit Union,61995,Bay City,MI,http://www.sunrisefamilycu.org
7066,United Community Federal Credit Union,60095,Quincy,IL,http://www.myuccu.com
7771,Gas And Electric Federal Credit Union,65003,ROCK ISLAND,IL,http://www.gaselectriccu.com
8042,Jackson River Community Federal Credit Union,66967,Covington,VA,http://www.jrccu.org
5650,Texoma Educators Federal Credit Union,11670,SHERMAN,TX,http://www.texomaeducators.com
4850,Choice One Community Federal Credit Union,4240,Plains Township,PA,http://www.choiceone.org
7933,Firefighters Federal Credit Union,66423,ONALASKA,WI,http://www.myfirecu.org
5232,Bragg Mutual Federal Credit Union,7955,Fayetteville,NC,http://www.braggmutual.org
4412,Firefighters & Company Federal Credit Union,395,DAYTON,OH,http://www.ffcocu.org
7915,Telco Plus Federal Credit Union,66351,LONGVIEW,TX,http://www.telcoplus.org
8118,Sun Federal Credit Union,67332,Hollywood,FL,http://www.suncu.org
7923,Energy Federal Credit Union,66369,West Roxbury,MA,https://www.energycreditunion.org
7676,North Iowa Community Federal Credit Union,64191,MASON CITY,IA,http://WWW.NICCU.COM
7270,Pillar Federal Credit Union,61324,MARION,OH,https://www.pillarcu.com
6976,Clean Energy Federal Credit Union,24889,Englewood,CO,http://www.cleanenergycu.org
8451,United Community Federal Credit Union,68369,Houston,TX,http://www.unitedccu.com
7723,Northern Communities Federal Credit Union,64655,DULUTH,MN,https://www.nccyou.com
8129,Adventhealth Federal Credit Union,67349,Altamonte Sprin,FL,http://www.ahcu.cc
6833,Mutual First Federal Credit Union,24540,Omaha,NE,http://www.mutualfirst.com
7914,Brotherhood Federal Credit Union,66350,Lynn,MA,http://www.brotherhoodcreditunion.org
8334,Kansas Teachers Community Federal Credit Union,67995,Pittsburg,KS,http://www.kstcu.org
7834,United Savings Federal Credit Union,65578,FARGO,ND,http://www.unitedsavingscu.org
8342,Powernet Federal Credit Union,68042,Tampa,FL,http://www.powernetcu.org
7653,Missouri Central Federal Credit Union,64036,Lees Summit,MO,https://www.mocentral.org
7495,Department Of Corrections Federal Credit Union,62808,Baton Rouge,LA,http://www.doccu.org
7388,River Valley Federal Credit Union,62123,Ada,MI,http://www.myrivervalleycu.org
7132,Brainerd B. N. Federal Credit Union,60436,Brainerd,MN,http://www.bbncu.org
7972,Tomah Area Federal Credit Union,66615,Tomah,WI,http://www.tacuonline.com
8459,Crow Wing Power Federal Credit Union,68389,Brainerd,MN,http://www.cwpcu.org
8305,Luso-American Federal Credit Union,67890,Peabody,MA,http://www.luso-american.com
7149,Landmark Federal Credit Union,60532,Danville,IL,https://www.landmarkcreditunion.com
7348,Metro Federal Credit Union,61840,Springfield,MO,http://www.metro.coop
8177,Prestige Community Federal Credit Union,67507,Dallas,TX,https://www.prestigecu.org
7804,Illinois Educators Federal Credit Union,65305,Springfield,IL,http://www.iecumember.org
5214,Thinkwise Federal Credit Union,7770,San Bernardino,CA,http://www.thinkwisecu.org
7484,First Missouri Federal Credit Union,62716,Saint Louis,MO,http://www.1stmocu.org
7126,United Local Federal Credit Union,60408,Fresno,CA,http://www.unitedlocal.org
7594,Community Federal Credit Union,63447,Lewiston,ME,http://www.communitycreditunion.com
7591,Nova Federal Credit Union,63425,CHARLOTTE,NC,https://www.novacu.com
7423,Meijer Federal Credit Union,62393,GRAND RAPIDS,MI,http://www.meijercreditunion.com
8133,Cgr Federal Credit Union,67367,Macon,GA,http://www.cgrcu.org
6439,Kaiperm Northwest Federal Credit Union,20516,Portland,OR,http://www.kaipermnw.org
7953,Governmental Employees Federal Credit Union,66529,La Crosse,WI,http://www.gecuwi.com
7161,A.A.E.C. Federal Credit Union,60648,Arlington Heigh,IL,http://www.aaeccu.com
7315,River Valley Federal Credit Union,61664,AMES,IA,http://www.rvcu.org
8144,Centex Citizens Federal Credit Union,67416,Mexia,TX,https://www.centexcitizenscu.com
7430,Expree Federal Credit Union,62431,Frankfort,KY,http://www.expree.org
8236,Members Federal Credit Union,67649,Cleburne,TX,http://www.memberscreditunion.com
8398,Tacoma Longshoremen Federal Credit Union,68229,Tacoma,WA,https://www.tlcu23.com
7673,Valley Federal Credit Union,64169,SALEM,OR,https://www.valleycu.org/
8277,City Employees Federal Credit Union,67778,KNOXVILLE,TN,http://www.cecuknox.com
8139,North Georgia Federal Credit Union,67395,Toccoa,GA,http://www.ngcu.org
8426,White Rose Federal Credit Union,68296,York,PA,http://www.whiterosecu.com
5226,Marquette Community Federal Credit Union,7873,Marquette,MI,http://www.marquettecomm.org
6888,Sound Federal Credit Union,24705,Norwalk,CT,http://www.mysoundcu.org
8091,White River Federal Credit Union,67201,Enumclaw,WA,http://www.whiterivercu.com
6986,Riverview Federal Credit Union,24904,Belpre,OH,http://www.riverviewcu.com
7901,Weyco Community Federal Credit Union,66324,PLYMOUTH,NC,http://www.weycocreditunion.com
8199,Southwest 66 Federal Credit Union,67550,ODESSA,TX,https://www.southwest66.com
7580,North Bay Federal Credit Union,63373,Santa Rosa,CA,http://www.northbaycu.com
4944,Chiphone Federal Credit Union,5422,ELKHART,IN,http://WWW.CHIPHONE.ORG
4781,Thrive Federal Credit Union,3631,MUNCIE,IN,http://www.thrivecu.org
4415,Deepwater Industries Federal Credit Union,430,Deepwater,NJ,http://www.deepwaterind.org
7995,Southern Lakes Federal Credit Union,66707,KENOSHA,WI,https://www.southernlakescu.org
7265,Mobile Educators Federal Credit Union,61286,MOBILE,AL,http://www.yourmecu.com
7427,Metrum Community Federal Credit Union,62422,Centennial,CO,https://www.metrumcu.org
6995,Desert Rivers Federal Credit Union,24918,Moab,UT,http://www.desertriverscu.com
7168,North Star Federal Credit Union,60689,COOK,MN,http://www.northstarcreditunion.org
5998,Explorers Federal Credit Union,14874,YANKTON,SD,http://www.explorerscu.com
7704,First American Federal Credit Union,64412,Casa Grande,AZ,http://www.firstamerican.org
7579,"Members ""First"" Community Federal Credit Union",63368,QUINCY,IL,http://www.membersfirstccu.com
7208,Valley Federal Credit Union,60930,TUSCUMBIA,AL,http://www.valleycreditunion.net
7891,Membersown Federal Credit Union,66268,Lincoln,NE,https://www.membersowncu.org
7547,Weld Community Federal Credit Union,63122,Greeley,CO,http://www.weldccu.com
6823,Cleveland Selfreliance Federal Credit Union,24516,PARMA,OH,https://www.CLEVELANDSELFRELIANCE.COM
7077,Hibbing Cooperative Federal Credit Union,60164,Hibbing,MN,http://www.hccu.net
7402,Total Community Federal Credit Union,62245,TAYLOR,MI,https://www.tccu.us
7258,Northridge Community Federal Credit Union,61257,Virginia,MN,http://www.nrccu.org
6784,Onenebraska Federal Credit Union,24402,Columbus,NE,http://www.bankingwithyou.com
6204,Lassen County Federal Credit Union,17232,Susanville,CA,http://www.lassencreditunion.com
7578,The Local Federal Credit Union,63342,Sterling Height,MI,http://www.thelocalcreditunion.com
7370,Ascension Federal Credit Union,62018,GONZALES,LA,http://www.ascensioncu.org
5681,Kaiperm Federal Credit Union,11944,Walnut Creek,CA,http://www.kaipermcu.org
7582,Bay Area Federal Credit Union,63375,Oregon,OH,http://www.bayareacu.com
7251,Geauga Federal Credit Union,61220,burton,OH,http://www.geaugacreditunion.com
7581,Farmway Federal Credit Union,63374,BELOIT,KS,http://www.farmwaycu.com
7669,Worcester Federal Credit Union,64144,Worcester,MA,http://www.worcestercu.com
4970,Roanoke Valley Community Federal Credit Union,5604,ROANOKE,VA,http://www.rvccu.org
7256,Golden Circle Federal Credit Union,61239,Massillon,OH,http://www.goldencirclecu.com
7651,Advantage Federal Credit Union,64030,Newton,IA,http://www.acuiowa.org
8610,America'S First Network Federal Credit Union,68680,East Hartford,CT,http://www.afncu.com
8399,Strait View Federal Credit Union,68231,PORT ANGELES,WA,http://www.svcu.com
5824,First Watch Federal Credit Union,13290,Abilene,TX,https://www.myfwcu.org
7703,Vue Community Federal Credit Union,64408,BISMARCK,ND,http://www.vueccu.com
4650,Winthrop Area Federal Credit Union,2301,WINTHROP,ME,http://WWW.WINTHROPCREDITUNION.ORG
4445,Valley 1St Community Federal Credit Union,649,MONESSEN,PA,http://WWW.VALLEY1ST.ORG
6873,I Am Federal Credit Union,24670,New York,NY,https://www.iamfedcu.org
7462,Civic Central Federal Credit Union,62598,Jefferson City,MO,http://www.goodcu.org
6074,Marin County Federal Credit Union,15659,SAN RAFAEL,CA,http://www.marincu.org
7892,Archer Cooperative Federal Credit Union,66270,Archer,NE,http://www.archerccu.com
7647,Point West Federal Credit Union,63971,Portland,OR,http://www.pointwestcu.com
8352,Holley Federal Credit Union,68073,PARIS,TN,http://www.holleycreditunion.org
7338,U. S. Employees Federal Credit Union,61793,Chicago,IL,https://www.usemployees.org
7377,Compass Federal Credit Union,62040,Sparta,MI,http://www.compasscu.com/www.compasscu.us
5014,Route 31 Federal Credit Union,5982,Muskegon,MI,http://www.route31cu.com
7690,Cherokee Strip Federal Credit Union,64281,Ponca City,OK,http://www.cherokeestrip.com
8424,Sno Falls Federal Credit Union,68293,North Bend,WA,http://www.snofalls.com
7788,Serve Federal Credit Union,65150,DES MOINES,IA,http://www.servecu.org
4880,Concho Educators Federal Credit Union,4684,SAN ANGELO,TX,https://www.conchoeducators.org
5064,Heritage Usa Federal Credit Union,6434,Midland,TX,http://www.heritage-usa.net
8618,Railroad Federal Credit Union,68688,IRONDALE,AL,https://www.railroadccu.com
7353,Family First Federal Credit Union,61909,SAGINAW,MI,http://www.fam1st.com
7354,Midland Federal Credit Union,61918,URBANDALE,IA,http://www.midlandcu.org
4859,Sheridan Community Federal Credit Union,4374,Sheridan,WY,http://www.sheridancreditunion.com
8180,Texas Dps Federal Credit Union,67511,Austin,TX,http://www.txdpscu.org
4861,Tampa Postal Federal Credit Union,4395,TAMPA,FL,http://www.tpcu.org
5722,Fairfield Federal Credit Union,12305,PINE BLUFF,AR,http://www.fairfieldcreditunion.org
7937,Indianhead Federal Credit Union,66434,SPOONER,WI,http://www.indianheadcu.org
4906,Unity Catholic Federal Credit Union,4966,Parma,OH,http://www.unitycatholiccu.org
7479,Members Community Federal Credit Union,62683,Muscatine,IA,http://www.memberscommunitycu.org
5577,Granco Federal Credit Union,10904,Ephrata,WA,https://www.granco.org
4932,Tennessee Members 1St Federal Credit Union,5318,Oak Ridge,TN,http://www.mymembersfirst.org
7922,Edinburg Teachers Federal Credit Union,66366,Edinburg,TX,https://www.etcu.coop
8012,Athol Federal Credit Union,66819,Athol,MA,http://www.atholcreditunion.com
7870,Community Choice Federal Credit Union,66012,Commerce City,CO,http://www.yourbetterbankingchoice.com
6424,Lufthansa Emp. Federal Credit Union,20341,WESTBURY,NY,http://www.lhcu.com
7682,First Class Community Federal Credit Union,64231,WEST DES MOINES,IA,http://www.gofirstclass.org
7699,Journey Federal Credit Union,64361,Des Moines,IA,http://www.journeycu.org
8663,Christian Family Federal Credit Union,68746,NORTH CANTON,OH,http://www.christianfamilycu.com
7267,Texas Bridge Federal Credit Union,61306,CORPUS CHRISTI,TX,http://WWW.TXBCU.COM
8359,Kingsport Press Cu Federal Credit Union,68104,KINGSPORT,TN,http://www.kpcu.org
4730,Formation Federal Credit Union,3061,Baton Rouge,LA,https://www.formationcu.com
8094,The State Federal Credit Union,67222,CHARLESTON,WV,http://WWW.WVPECU.ORG
6219,Irco Community Federal Credit Union,17395,Phillipsburg,NJ,https://www.ircocu.com
7610,Dakota Plains Federal Credit Union,63613,Edgeley,ND,http://www.dakotaplainscreditunion.com
8022,Wnc Community  Cu Federal Credit Union,66854,Waynesville,NC,https://www.wncccu.org
6929,Welcome Federal Credit Union,24807,MORRISVILLE,NC,http://www.welcomecu.org
7763,Family Horizons Federal Credit Union,64942,Indianapolis,IN,http://www.familyhorizons.com
8098,Northwoods Community Federal Credit Union,67240,Park Falls,WI,http://www.northwoodscu.com
7805,Upward Federal Credit Union,65323,Burlingame,CA,https://www.upwardcu.org
7110,Taylorville Community Federal Credit Union,60335,Taylorville,IL,http://www.tccu.org
7668,Peoples Federal Credit Union,64140,Webster City,IA,http://www.peoples-credit-union.com
8409,Progressions Federal Credit Union,68255,Spokane,WA,http://www.progressionscu.org
8535,Members Source Federal Credit Union,68562,Merrillville,IN,http://www.ms-cu.com
4908,Members Choice Wv Federal Credit Union,4969,Charleston,WV,http://www.memberschoicewv.com
7670,Postal & Community Federal Credit Union,64145,Saint Joseph,MO,http://www.yourpccu.org
8059,Marshfield Medical Center Federal Credit Union,67066,Marshfield,WI,http://www.mmccu.com
8206,Cooperative Teachers Federal Credit Union,67576,Tyler,TX,http://www.coopteachers.com
6463,Wesla Federal Credit Union,20749,Shreveport,LA,http://www.wesla.org
5982,Shelby County Federal Credit Union,14733,Memphis,TN,http://www.shelbycountycu.com
5107,Traverse Catholic Federal Credit Union,6844,TRAVERSE CITY,MI,http://www.tcfedcu.org
5649,Good Neighbors Federal Credit Union,11663,Depew,NY,http://www.goodneighborscu.com
5838,State Highway Patrol Federal Credit Union,13432,COLUMBUS,OH,http://www.patrolcu.com
7550,Vision One Federal Credit Union,63137,Sacramento,CA,http://www.visionone.org
5708,Wellspring Federal Credit Union,12181,Bridge City,TX,http://www.wellspringcu.com
7609,Goetz Federal Credit Union,63606,ST JOSEPH,MO,http://www.goetzcu.com
7249,Chicago Firefighter'S Federal Credit Union,61209,Chicago,IL,http://www.chicagofirefighterscu.com
7973,Sheboygan Area Federal Credit Union,66616,Sheboygan,WI,http://www.shebareacu.com
6136,Dc Federal Credit Union,16411,Washington,DC,http://www.dccreditunion.coop
6064,Baycel Federal Credit Union,15563,BAY CITY,TX,http://www.baycel.org
6748,Lower East Side People'S Federal Credit Union,24232,NEW YORK,NY,http://WWW.LESPEOPLES.ORG
5285,My Pensacola Federal Credit Union,8442,PENSACOLA,FL,http://www.MyPensacolaCU.com
4938,Desert Valleys Federal Credit Union,5366,Ridgecrest,CA,http://www.desertvalleys.org
7480,Csd Federal Credit Union,62701,KANSAS CITY,MO,http://WWW.CSDCU.ORG
7160,Coast Line Federal Credit Union,60646,South Portland,ME,http://www.coastlinecu.com
8242,Tnconnect Federal Credit Union,67666,KNOXVILLE,TN,http://www.tnconnectcu.org
6032,Lampco Federal Credit Union,15248,ANDERSON,IN,http://www.lampco.com
7575,Multi-States Federal Credit Union,63306,SPRINGFIELD,MO,http://www.mymercycu.com
8573,Snocope Federal Credit Union,68622,Everett,WA,http://www.snocope.org/
6040,Southwest Financial Federal Credit Union,15327,Farmers Branch,TX,https://www.swfinancial.org
5749,Franklin First Federal Credit Union,12604,Greenfield,MA,http://www.franklinfirst.org
7929,Taylor Federal Credit Union,66388,Medford,WI,https://www.taylorcu.org
7838,Wexford Community Federal Credit Union,65639,Cadillac,MI,https://www.wexccu.com
7689,Public Service #3 Federal Credit Union,64275,Fort Wayne,IN,http://www.mypscu.com
7259,Curis Financial Federal Credit Union,61260,Columbia,SC,http://www.curisfinancial.org
4958,Adirondack Regional Federal Credit Union,5546,TUPPER LAKE,NY,http://www.adkcreditunion.com
8388,Spokane Firefighters Federal Credit Union,68205,Spokane,WA,http://www.firecu.net
7925,U. S. Employees Federal Credit Union,66372,Tomball,TX,http://www.usecuweb.com
7659,Sabattus Regional Federal Credit Union,64062,Sabattus,ME,http://www.srcu4u.com
7456,Memorial Federal Credit Union,62571,Houston,TX,https://www.memorialcu.org
7401,"Greater Kentucky Cu, Inc. Federal Credit Union",62228,LEXINGTON,KY,http://www.gtkycu.com
8309,Primesource Federal Credit Union,67911,Spokane,WA,http://www.primesourcecu.org
7039,Pwc Employees Federal Credit Union,24971,Woodbridge,VA,http://www.pwcecu.org
5278,Shore To Shore Community Federal Credit Union,8349,Trenton,MI,http://www.shore2shorecu.com
8010,Forward Financial Federal Credit Union,66798,NIAGARA,WI,https://www.forwardfinancialcu.com
7390,South Central Federal Credit Union,62143,JACKSON,MI,https://www.southcentralcu.org
8079,Fond Du Lac Federal Credit Union,67176,Fond du Lac,WI,http://www.fdlcu.com
7663,Forrit Federal Credit Union,64103,Clackamas,OR,https://www.forritcu.org
7587,Volt Federal Credit Union,63389,Springfield,MO,http://www.voltcu.org
7205,Mid-Kansas Federal Credit Union,60906,MOUNDRIDGE,KS,http://www.mkcu.coop
7355,Power Co-Op Employees Federal Credit Union,61920,Humboldt,IA,http://www.powercoopcu.com
8200,Postel Family Federal Credit Union,67554,Wichita Falls,TX,http://www.postelcu.com
8212,Allcom Federal Credit Union,67599,Worcester,MA,http://www.allcomcu.org
6303,Calcom Federal Credit Union,18623,LONG BEACH,CA,http://www.calcomcu.org
7310,Lake Huron Federal Credit Union,61638,Saginaw,MI,http://www.lhcu.org
5198,Westport Federal Credit Union,7652,Westport,MA,http://www.westport.org
7666,Valley Oak Federal Credit Union,64122,Three Rivers,CA,http://www.valleyoak.org
8183,Metro Medical Federal Credit Union,67517,Dallas,TX,http://www.mmcu.com
6490,1St Mississippi Federal Credit Union,21073,Meridian,MS,https://www.1stms.com
5112,Rva Financial Federal Credit Union,6878,Richmond,VA,http://www.rvafinancial.com
8195,Baylor Health Care System Federal Credit Union,67544,Dallas,TX,http://www.bhcscu.com
5179,Muskegon Federal Credit Union,7509,MUSKEGON,MI,http://WWW.MUSKFEDCU.COM
8312,Nashville Post Office Federal Credit Union,67922,NASHVILLE,TN,http://www.npocu.org
7776,Nikkei Federal Credit Union,65059,GARDENA,CA,http://www.nikkeicu.org
5947,Sonoma Federal Credit Union,14415,Santa Rosa,CA,http://www.sonomafed.com
8435,California Community Federal Credit Union,68321,Sacramento,CA,https://www.caccu.org
6207,Fannin Federal Credit Union,17254,BONHAM,TX,http://www.fannincu.com
7502,Railroad Employees Federal Credit Union,62841,Belen,NM,http://www.recu.org
5253,Westedge Federal Credit Union,8113,BELLINGHAM,WA,http://www.westedgecu.org
4813,Texan Sky Federal Credit Union,3938,Dumas,TX,http://www.texansky.com
8371,Enbright Federal Credit Union,68148,Nashville,TN,https://www.enbrightcu.com
6509,Metro Federal Credit Union,21326,Arlington Heigh,IL,http://www.mcu.org
7148,Select Employees Federal Credit Union,60531,Sterling,IL,http://www.selectcu.com
7186,Cranston Municipal Employees Federal Credit Union,60780,CRANSTON,RI,http://www.CMEcreditunion.org
4425,Rails West Federal Credit Union,490,POCATELLO,ID,http://www.railswestcu.org
8445,Eaton Family Federal Credit Union,68354,Euclid,OH,https://www.eatonfamilycu.com
7396,Thornapple Federal Credit Union,62196,Hastings,MI,https://www.thornapplecu.com
8449,Idaho United Federal Credit Union,68361,Boise,ID,http://www.idahounited.org
8263,Dillon Federal Credit Union,67730,Hutchinson,KS,http://www.DillonCU.com
8335,Freestone Federal Credit Union,68005,Teague,TX,http://www.freestonecu.org
7350,Midwest Coalition Of Labor Federal Credit Union,61847,Countryside,IL,https://www.mclcu.org
4379,Fedfinancial Federal Credit Union,216,Silver Spring,MD,http://www.fedfinancial.org
8527,Evergreendirect Federal Credit Union,68546,Tumwater,WA,http://www.evergreendirect.org
7877,Omaha Firefighters Federal Credit Union,66126,Omaha,NE,http://www.omahafirefighterscu.org
7460,Educational Community Federal Credit Union,62589,Springfield,MO,http://www.educationalccu.org
7074,Cochise Federal Credit Union,60151,Willcox,AZ,http://www.cochisecu.com
7403,Intandem Federal Credit Union,62249,Grand Rapids,MI,http://www.intandemcu.com
7113,Redbrand Federal Credit Union,60346,Bartonville,IL,http://WWW.REDBRANDCU.COM
6376,Miami University Community Federal Credit Union,19678,Oxford,OH,http://www.muccu.org
7849,Northern Colorado Federal Credit Union,65775,GREELEY,CO,http://www.nococu.org
7588,Ely Area Federal Credit Union,63398,ELY,MN,http://www.elyareacu.org
8572,Albright Federal Credit Union,68620,Bethel,CT,http://www.albrightcu.com
8275,Members 1St Federal Credit Union,67770,Saint Louis,MO,http://www.me1stcu.com
7700,Des Moines Metro Federal Credit Union,64380,Des Moines,IA,http://www.dmmcu.org
7567,Health Care Family Federal Credit Union,63249,Saint Louis,MO,http://www.healthcarefamilycreditunion.org
7450,Chattanooga Federal Employees,62537,Chattanooga,TN,https://www.cfecu.org
8659,Teamsters Council #37 Federal Credit Union,68742,Portland,OR,http://www.tcu37.com
6372,Tri-Cities Community Federal Credit Union,19608,Kennewick,WA,http://www.tri-cu.com
7241,Foundation Federal Credit Union,61157,Springfield,MO,http://www.foundationcreditunion.com
7544,Champion Federal Credit Union,63100,Toledo,OH,http://www.ChampionCU.org
5503,Altamaha Federal Credit Union,10262,Jesup,GA,http://www.altamaha.org
7881,Peoples Federal Credit Union,66155,SPRINGFIELD,CO,http://www.peoples-cu.com
4687,Lincoln Public School Employees Federal Credit Union,2643,Lincoln,NE,http://www.lpscu.com
6381,Polam Federal Credit Union,19739,LOS ANGELES,CA,http://WWW.POLAM.ORG
4450,Bethlehem 1St Federal Credit Union,716,Bethlehem,PA,http://www.beth1st.org
8219,Scott And White Employees Federal Credit Union,67612,Temple,TX,http://www.swecu.org
8234,Service 1St Federal Credit Union,67645,Greenville,TX,http://www.s1cu.org
7051,Midwest Regional Federal Credit Union,60037,Kansas City,KS,http://www.mrcu.com
7683,Lennox Employees Federal Credit Union,64234,Marshalltown,IA,http://www.lennoxecu.com
5401,New York Times Employees Federal Credit Union,9358,NEW YORK,NY,http://www.nytimescu.org
8049,Brokaw Federal Credit Union,67000,Weston,WI,https://www.brokawcu.com
8420,Avista Corp. Federal Credit Union,68284,Spokane,WA,https://www.avistacu.com
7755,Universal City Studios Federal Credit Union,64893,Burbank,CA,http://WWW.UCSCU.ORG
4804,Upper Darby Belltelco Federal Credit Union,3819,UPPER DARBY,PA,http://www.udbell.org
7658,Benton County Schools Federal Credit Union,64059,Corvallis,OR,http://www.bcscu.org
7204,Beacon Community Federal Credit Union,60883,Louisville,KY,https://www.beaconccu.org
4335,Franklin Trust Federal Credit Union,12,Hartford,CT,http://www.franklintrust.org
4525,Cotton Belt Federal Credit Union,1245,PINE BLUFF,AR,https://www.pbcbcu.org
8211,West Texas Federal Credit Union,67592,Odessa,TX,http://www.westtexascu.com
4570,Wheatland Federal Credit Union,1658,LANCASTER,PA,http://www.wheatlandcu.com
7411,Professional Fire Fighters Federal Credit Union,62337,SHREVEPORT,LA,http://www.profirefighterscu.com
7222,Nucor Employee'S Federal Credit Union,61028,Florence,SC,http://www.nucorcu.org
8067,Freedom Federal Credit Union,67129,Provo,UT,https://www.freedomcu.com/
6049,American Spirit Federal Credit Union,15426,NEWARK,DE,http://www.americanspirit.org
6173,Copper Basin Federal Credit Union,16773,Copperhill,TN,http://www.cbfcreditunion.com
8062,Firefighters Federal Credit Union,67079,Draper,UT,https://www.firefighterscu.com
7235,Access Federal Credit Union,61101,BRISTOL,PA,https://www.accessmycu.org
7109,Gale Federal Credit Union,60327,Galesburg,IL,http://www.galecu.net
8381,Educational Community Alliance Federal Credit Union,68181,TOLEDO,OH,http://www.educacu.com
7115,Spirit Financial Federal Credit Union,60369,LEVITTOWN,PA,http://www.spiritfinancialcu.org
8181,Star Of Texas Federal Credit Union,67512,austin,TX,http://www.staroftexascu.org
5244,Latitude 32 Federal Credit Union,8059,CHARLESTON,SC,http://www.latitude32.org
7128,Tahquamenon Area Federal Credit Union,60423,Newberry,MI,http://WWW.TACUMI.COM
7098,United Employees Federal Credit Union,60263,ALBERT LEA,MN,http://www.unitedecu.com
7045,Cornerstone Federal Credit Union,24977,FAIRFIELD,CT,http://www.cornerstoneccu.com
7082,Moline Municipal Federal Credit Union,60186,Moline,IL,http://www.molinecu.org
5966,Wvu Employees Federal Credit Union,14611,Morgantown,WV,http://www.wvucu.com
6937,Electel Cooperative Federal Credit Union,24819,Raleigh,NC,http://www.electel.org
7956,Avestar Federal Credit Union,66537,Waterloo,WI,http://www.avestarcu.com
7728,Federated Employees Federal Credit Union,64703,OWATONNA,MN,http://www.fedecu.com
7886,New Hampshire Postal Federal Credit Union,66207,Manchester,NH,https://www.nhpcu.com
7237,Rolling F Federal Credit Union,61128,TURLOCK,CA,http://www.rollingf.org
6934,Lion'S Share Federal Credit Union,24813,Salisbury,NC,http://www.lionsharecu.org
6951,Neighbors United Federal Credit Union,24851,Greenwood,SC,http://www.mynucu.org
8419,Spokane City Federal Credit Union,68283,Spokane,WA,http://www.sccu.net
7747,Fellowship Federal Credit Union,64852,Lamar,CO,http://www.fellowshipcreditunion.com
8076,Kings Peak Federal Credit Union,67160,Roosevelt,UT,http://www.kingspeakcu.com
7287,One Detroit Federal Credit Union,61495,Detroit,MI,http://WWW.OneDetroitCU.org
7948,Gundersen Federal Credit Union,66477,LA CROSSE,WI,http://www.gundersencu.org
8643,Perfect Circle Federal Credit Union,68719,Hagerstown,IN,http://www.pccu.com
5092,Santa Barbara County Federal Credit Union,6711,SANTA BARBARA,CA,http://www.sbcreditunion.com
4518,Fort Billings Federal Credit Union,1167,PAULSBORO,NJ,http://www.fortbillings.org
5323,River Valley Community Federal Credit Union,8812,CAMDEN,AR,http://www.myrvcu.com
8313,City Federal Credit Union,67924,Independence,MO,http://www.city-cu.com
7435,Doches Federal Credit Union,62446,NACOGDOCHES,TX,http://www.dochescu.com
7141,Millard County Federal Credit Union,60494,FILLMORE,UT,http://WWW.MILLARDCCU.COM
6640,Morehead Community Federal Credit Union,23070,Morehead,KY,http://www.moreheadcommunity.com
5889,The Bridgeway Federal Credit Union,13852,Phenix City,AL,http://www.bridgewaycu.org
7930,Evergreen Federal Credit Union,66395,NEENAH,WI,http://www.evergreencu.com
7878,New Jersey Law And Public Safety Federal Credit Union,66130,Trenton,NJ,http://www.njlpscu.org
7436,Financial Security Federal Credit Union,62452,CARLSBAD,NM,http://www.finseccu.com
6012,Morton Lane Federal Credit Union,15021,BUFFALO,NY,http://www.mortonlanedirect.com
6816,Palmetto First Federal Credit Union,24491,Florence,SC,http://www.palmettofirst.com
4582,Cosden Federal Credit Union,1750,BIG SPRING,TX,http://www.cosden.org
7557,Rimrock Federal Credit Union,63183,BILLINGS,MT,http://www.rimrockcu.org
5025,Select Seven Federal Credit Union,6079,Johnson City,TN,http://www.selectsevencu.org
7069,San Juan Mountains Federal Credit Union,60110,Montrose,CO,http://www.sjmcreditunion.org
7936,Madison Federal Credit Union,66431,MADISON,WI,http://www.madisoncu.com
5378,Toledo Metro Federal Credit Union,9189,TOLEDO,OH,http://www.toledometro.com
6625,C C S E Federal Credit Union,22754,SALAMANCA,NY,http://www.ccseonline.com
7321,Lincoln Park Community Federal Credit Union,61701,Lincoln Park,MI,http://www.lpccu.coop
4586,Nordstrom Federal Credit Union,1788,Everett,WA,http://www.nordcu.org
6921,First Pioneers Federal Credit Union,24783,LAFAYETTE,LA,http://www.firstpioneers.com
7876,Loco Federal Credit Union,66117,ALAMOGORDO,NM,http://www.lococreditunion.com
7551,Calcasieu Teachers And Employees Federal Credit Union,63142,Lake Charles,LA,http://www.calteacherscu.com
5983,La Joya Area Federal Credit Union,14734,La Joya,TX,http://WWW.LAJOYACREDITUNION.COOP
8066,Education 1St Federal Credit Union,67127,OGDEN,UT,http://www.E1cu.org
7943,Focus Federal Credit Union,66451,Menomonee Falls,WI,http://www.focus-cu.com
7252,Acme Continental Federal Credit Union,61230,Riverdale,IL,http://www.acmecontinentalcu.com
7365,Gratiot Community Federal Credit Union,61986,Alma,MI,http://www.gratiotcu.org
4816,Sacred Heart Parish Hallettsville Federal Credit Union,3946,Hallettsville,TX,http://www.sacredheartcu.com
6598,Southcoast Federal Credit Union,22426,New Bedford,MA,http://www.southcoastcu.org
7419,Kemba Louisville Federal Credit Union,62358,Louisville,KY,https://www.kembaky.org
8421,Tlcu Financial Federal Credit Union,68286,MISHAWAKA,IN,http://www.tlcufinancial.org
8369,Horizon Federal Credit Union,68138,Kingsport,TN,http://www.myhorizoncu.org
7497,Raytown-Lee'S Summit Community Federal Credit Union,62815,RAYTOWN,MO,http://www.rlsccu.org
8391,Mill Town Federal Credit Union,68222,EVERETT,WA,http://www.milltowncu.org
5949,Oswego Teachers Employees Federal Credit Union,14436,OSWEGO,NY,http://www.oswegoteacherscu.org
7108,Fieldstone Federal Credit Union,60325,Bradley,IL,http://www.fieldstonecu.com
8526,My Federal Credit Union,68545,Haslet,TX,http://www.mycutx.com
7589,Simplot Federal Credit Union,63405,POCATELLO,ID,http://www.simplotcu.com
8452,American Lake Federal Credit Union,68371,Lakewood,WA,http://www.americanlake.org
7094,Share Advantage Federal Credit Union,60242,Duluth,MN,http://www.myshareadvantage.com
7512,Ark Valley Federal Credit Union,62894,Arkansas City,KS,http://www.arkvalleycu.org
7049,Metco Federal Credit Union,60013,Cedar Rapids,IA,http://www.metcocu.org
7978,Brewery Federal Credit Union,66637,MILWAUKEE,WI,http://www.brewerycu.com
7633,Horizon Federal Credit Union,63844,Macon,MO,http://www.yourhcu.com
8439,Olympia Federal Credit Union,68331,Olympia,WA,http://www.olycu.org
6867,Brooklyn Cooperative Federal Credit Union,24642,Brooklyn,NY,http://www.brooklyn.coop
8432,Responders Emergency Services Federal Credit Union,68305,SPOKANE,WA,https://www.myrescu.org/
8252,Greater Eastern Federal Credit Union,67701,Johnson City,TN,http://www.greatereastern.org
4788,Toledo Police Federal Credit Union,3720,Toledo,OH,http://www.tpolcu.com
5865,University Of South Alabama Federal Credit Union,13659,MOBILE,AL,http://www.usafedcu.com
7727,Joplin Metro Federal Credit Union,64691,JOPLIN,MO,http://www.joplinmcu.com
8113,Priority Federal Credit Union,67319,Orlando,FL,http://www.prioritycu.org
7103,Empower Blue Federal Credit Union,60295,TOPEKA,KS,http://www.empowerbluecu.org
7842,Galesburg Burlington Federal Credit Union,65712,Galesburg,IL,http://www.gbcu.net
8418,Blue Mountain Federal Credit Union,68280,COLLEGE PLACE,WA,http://www.bmcu.com
5533,Big Spring Education Employees Federal Credit Union,10577,BIG SPRING,TX,http://WWW.BSTCU.COM
7214,Huntington Beach Federal Credit Union,60967,Huntington Beac,CA,https://www.huntingtonbeachcu.org
8089,Jack Daniel Employees Federal Credit Union,67197,LYNCHBURG,TN,http://www.jdecu.org
8447,Baptist Federal Credit Union,68358,San Antonio,TX,http://www.baptistcu.org
7952,Central Wisconsin Federal Credit Union,66513,Plover,WI,http://www.mycwcu.com
5438,Forge Federal Credit Union,9622,Upper Darby,PA,http://www.forgecu.org
7750,5 Star Community Federal Credit Union,64878,MOUNT PLEASANT,IA,http://www.5starcu.org
7604,Jacom Federal Credit Union,63589,los angeles,CA,https://www.jacomcu.org
7852,Northwest Hills Federal Credit Union,65803,Torrington,CT,https://www.nwhcu.com
6412,Penn Federal Credit Union,20207,Philadelphia,PA,http://www.penncu.org
7603,Charlotte Fire Department Federal Credit Union,63566,Charlotte,NC,http://www.cfdcu.org
7070,Lancaster Red Rose Federal Credit Union,60113,Leola,PA,http://www.lrrcu.org
7541,Post Office Employees' Federal Credit Union,63069,METAIRIE,LA,http://www.poecu.org
7184,L. A. Electrical Workers Credit Un. Federal Credit Union,60755,Pasadena,CA,https://www.laewcu.com
7021,Instep Federal Credit Union,24951,New Orleans,LA,http://www.instepmembers.com
7644,Glatco Federal Credit Union,63943,Spring Grove,PA,http://www.glatcocu.com
6190,Bar-Cons Federal Credit Union,17040,COLUMBUS,IN,http://www.barcons.org
7899,Telco Federal Credit Union,66319,TARBORO,NC,http://www.telcu.com
8001,Badger-Globe Federal Credit Union,66750,NEENAH,WI,http://www.badgerglobecu.org
8362,Vanderbilt Federal Credit Union,68119,Nashville,TN,https://www.vanderbiltcu.org
7707,White River Federal Credit Union,64421,Rochester,VT,http://www.whitercu.com
7280,Aeroquip Federal Credit Union,61405,JACKSON,MI,http://www.aeroquipcu.com
4461,Firstenergy Choice Federal Credit Union,839,GREENSBURG,PA,http://www.fechoice.com
8440,Gr Consumers Federal Credit Union,68332,Wyoming,MI,http://www.grccu.com
7384,Country Heritage Federal Credit Union,62079,BUCHANAN,MI,http://www.countryheritagecu.com
8607,Vocal Federal Credit Union,68677,HELENA,MT,http://www.vocal.coop
7540,Metro Plus Federal Credit Union,63058,Lexington,KY,http://www.metropluscu.org
6782,Truservice Community Federal Credit Union,24390,LITTLE ROCK,AR,http://www.truservice.net
7553,Pipefitters-Steamfitters Federal Credit Union,63157,WOODBURY,MN,https://www.pipefitterscu.org
7442,Maroon Financial Federal Credit Union,62497,Chicago,IL,http://www.maroonfinancial.org
5183,Tuscaloosa V A Federal Credit Union,7532,Tuscaloosa,AL,http://www.tvacu.com
7611,Champion Community Federal Credit Union,63614,Courtland,AL,http://www.caecu.org/
7446,Tri-Cities Federal Credit Union,62508,Grand Haven,MI,http://www.tricu.org
8427,3Hill Federal Credit Union,68297,Blue Bell,PA,http://www.3hillcu.com
8123,Brookline Municipal Federal Credit Union,67340,BROOKLINE,MA,http://www.BROOKLINECU.COM
8291,Trans Texas Southwest Federal Credit Union,67835,San Angelo,TX,http://www.transtexas.coop
8429,Star Financial Federal Credit Union,68300,Corpus Christi,TX,http://www.starcu.org
7117,Lubrizol Employees' Federal Credit Union,60378,Deer Park,TX,http://www.lzecu.org
5360,Roswell Community Federal Credit Union,9093,Roswell,NM,http://www.roswellcu.org
7898,Healthshare Federal Credit Union,66317,Greensboro,NC,http://www.healthsharecu.org
7623,Riverside Community Federal Credit Union,63791,KANKAKEE,IL,http://www.riversidecu.com
5412,Marisol Federal Credit Union,9469,Phoenix,AZ,https://www.marisolcu.org
7958,First Choice Federal Credit Union,66545,MARSHFIELD,WI,http://WWW.FIRSTCHOICECREDITUNION.COM
8336,Central Valley Firefighters Federal Credit Union,68008,FRESNO,CA,http://WWW.CVFIRECU.ORG
7236,Louisville Gas And Electric Company Federal Credit Union,61123,Louisville,KY,http://www.lgecu.org
8099,Athens Area Federal Credit Union,67243,ATHENS,WI,http://www.athensareacu.com
8319,Ocala Community Federal Credit Union,67938,Ocala,FL,http://www.ocalacommunitycu.com
4476,Prr South Fork Federal Credit Union,909,South Fork,PA,http://www.prrsouthfork.com
6723,Indiana Heartland Federal Credit Union,24108,KOKOMO,IN,http://www.indianaheartland.org
6525,U.P.S. Employees Federal Credit Union,21532,ONTARIO,CA,http://WWW.UPSCREDITUNION.ORG
6114,State Cs Employees Federal Credit Union,16207,WATERTOWN,NY,http://www.statecs.org
8508,Silverado Federal Credit Union,68491,ANGWIN,CA,http://www.silveradocu.com
5880,Desertview Federal Credit Union,13790,HUNTINGTON,UT,http://www.dview.org
8084,First Choice Community Federal Credit Union,67185,Knoxville,TN,http://www.firstchoiceccu.org
8119,Jackson County 1St Federal Credit Union,67334,MARIANNA,FL,http://www.jacksoncountytcu.com
7960,Bay Shore Federal Credit Union,66549,MARINETTE,WI,http://www.bayshorecu.org
6466,Dubois-Pike Federal Credit Union,20805,JASPER,IN,http://www.duboispike.org
7713,Dow Great Western Federal Credit Union,64503,Antioch,CA,http://www.dowcu.org
5445,Employees Federal Credit Union,9715,TULSA,OK,http://www.employeesfed.com
7951,Iron County Community Federal Credit Union,66503,Hurley,WI,http://www.ironcccu.com
8246,Worcester Fire Dept. Federal Credit Union,67683,WORCESTER,MA,http://www.wfdcu.org
6695,Genesee Co-Op Federal Credit Union,23848,ROCHESTER,NY,http://WWW.GENESEE.COOP
7586,Kansas City Federal Credit Union,63388,KANSAS CITY,MO,http://www.kccu.net
4736,Southern Middlesex Co Tchrs Federal Credit Union,3126,East Brunswick,NJ,http://www.myfavoritecu.com
4761,Huntingtonized Federal Credit Union,3438,Huntington,WV,http://www.huntingtonized.com
8226,Houston Highway Federal Credit Union,67627,Houston,TX,http://www.houstonhighwaycu.com
4963,Dixies Federal Credit Union,5569,DARLINGTON,SC,http://www.dixiefed.com
6926,Carolina Cooperative Federal Credit Union,24801,CHARLOTTE,NC,http://www.carolinacu.com
5840,Methodist Healthcare Federal Credit Union,13456,Cordova,TN,http://www.methodistcu.org
7169,Fire Fighters Federal Credit Union,60696,TULSA,OK,https://www.firefighterscu.org
7726,Holy Rosary Federal Credit Union,64690,KANSAS CITY,MO,http://www.HolyRosaryCU.org
7509,Capitol View Federal Credit Union,62878,Des Moines,IA,http://www.capview.org
7572,Fox Valley Federal Credit Union,63286,Aurora,IL,http://www.foxvalleycu.com
5242,Dakota Star Federal Credit Union,8039,RAPID CITY,SD,http://www.dakotastar.org
4409,On The Grid Financial Federal Credit Union,383,Atlanta,GA,http://www.cuonthegrid.com
7946,Marathon County Employees Federal Credit Union,66466,WAUSAU,WI,https://WWW.MCECU.ORG
5116,Nephi Western Employees Federal Credit Union,6920,Nephi,UT,http://www.nephicreditunion.com
8393,Azalea City Federal Credit Union,68224,MOBILE,AL,https://www.azaleacitycu.com
5900,Business And Industrial Federal Credit Union,13940,COLUMBUS,IN,http://www.busindcu.com
6149,Solutions First Federal Credit Union,16556,ENTERPRISE,AL,http://www.solutionsfirstcu.com
7819,Energy Plus Federal Credit Union,65458,Indianapolis,IN,http://www.energypluscu.org
7808,Mcpherson Co-Op Federal Credit Union,65371,MCPHERSON,KS,https://www.mcphersoncu.com
7308,North Districts Federal Credit Union,61636,GIBSONIA,PA,https://www.ndcupa.org
7545,Bloomington Municipal Federal Credit Union,63103,Bloomington,IL,http://www.bmcu.org
6714,Stewart'S Federal Credit Union,24036,Saratoga Spring,NY,http://www.stewartscu.com
5515,Access Of Louisiana Federal Credit Union,10353,Lake Charles,LA,http://www.access.coop
7646,Virginia Coop Federal Credit Union,63965,Virginia,MN,http://www.vccu.org
8376,Collegedale Federal Credit Union,68167,Collegedale,TN,http://www.collegedale.org
4458,Rochester & Monroe Co Emp Federal Credit Union,817,Rochester,NY,http://www.rocmon.org
6481,B.O.N.D. Community Federal Credit Union,20974,Atlanta,GA,http://www.bondcu.com
8506,Members Federal Credit Union,68487,Stamford,CT,http://www.memberscu.coop
6876,Carpenters Federal Credit Union,24676,Saint Paul,MN,http://www.mycarpenterscu.org
8257,Lakeside Federal Credit Union,67713,New Johnsonvill,TN,https://www.lcu.coop
8182,Hockley County Federal Credit Union,67516,Levelland,TX,http://www.hcsecu.org
6969,Northern Lights Federal Credit Union,24878,Saint Johnsbury,VT,http://www.northernlightscu.com
8216,Ups Employees Federal Credit Union,67608,MEMPHIS,TN,http://www.upscu.org
5655,Wyrope Williamsport Federal Credit Union,11689,S Williamsport,PA,http://www.wyrope.org
5990,Mississippi National Guard Federal Credit Union,14805,JACKSON,MS,https://www.msng.org
7452,Auto-Owners Associates Federal Credit Union,62543,LANSING,MI,https://www.aoacu.com
8209,Cabot Community Federal Credit Union,67581,Pampa,TX,https://www.cabotccu.com
7705,Sioux Valley Community Federal Credit Union,64417,SIOUX CITY,IA,http://www.siouxvalleyccu.com
7829,North Platte Union Pacific Employee Federal Credit Union,65528,North Platte,NE,http://www.upemployeescu.com
7486,West Metro Schools Federal Credit Union,62726,Hopkins,MN,http://www.wmscu.org
7607,B&V Federal Credit Union,63598,OVERLAND PARK,KS,http://www.bvcreditunion.com
5224,Solutions Federal Credit Union,7846,ELMIRA,NY,https://www.solutionscu.org
7980,Tri-County Federal Credit Union,66640,Marinette,WI,http://www.tri-county.org
7525,Show-Me Federal Credit Union,62960,Mexico,MO,https://www.showmecu.org/
7459,Cleveland Police Federal Credit Union,62588,CLEVELAND,OH,http://www.clevepolicecu.com
7003,Finanta Federal Credit Union,24928,Lancaster,PA,https://www.finantacreditunion.com
8214,Travis County Federal Credit Union,67604,Austin,TX,https://www.tccu.net/
7275,Advantage Federal Credit Union,61383,MANSFIELD,OH,http://www.advantage4.org
7944,County - City Federal Credit Union,66456,JEFFERSON,WI,http://www.countycitycreditunion.com
4946,Amherst Federal Credit Union,5439,AMHERST,NY,http://www.amherstcu.org
7822,Guadalupe Parish Federal Credit Union,65471,Antonito,CO,http://www.guadalupeparishcu.org
8114,City-County Employees Federal Credit Union,67323,CLEARWATER,FL,http://www.ccecu.org
7987,Wea Federal Credit Union,66677,Madison,WI,https://www.weacu.com
8063,Golden Rule Community Federal Credit Union,67096,RIPON,WI,http://www.goldenrulecu.org
8260,Jax Fire Federal Credit Union,67717,Jacksonville,FL,http://www.jaxfirecu.org
4369,Northern Indiana Federal Credit Union,168,Merrillville,IN,http://www.nifedcu.org
7179,Campus Federal Credit Union,60731,Wichita,KS,http://www.campuscu.org
6176,Caprock Federal Credit Union,16813,LAMESA,TX,http://WWW.CAPROCKCU.COM
8151,Mesquite Federal Credit Union,67436,MESQUITE,TX,http://www.mesquitecu.org
7274,Sherwin Williams Emp. Federal Credit Union,61368,South Holland,IL,https://www.swcu.org
7807,New Directions Community Federal Credit Union,65356,Franklin,PA,https://www.newdirectionsccu.com
7399,Lamoure Federal Credit Union,62218,LAMOURE,ND,http://www.lamourecu.com
7359,Organized Labor Federal Credit Union,61942,Modesto,CA,http://www.organizedlaborcu.org
7643,Red Oak Federal Credit Union,63940,TUSCALOOSA,AL,http://www.redoakcu.com
8331,M.P.D. Community Federal Credit Union,67979,Nashville,TN,http://WWW.MPDCU.ORG
7523,Streator Community Federal Credit Union,62939,Streator,IL,http://www.streatorccu.org
5566,Longshoremen'S Local 4 Federal Credit Union,10799,Vancouver,WA,http://www.lshore4cu.com
8300,Keystone Federal Credit Union,67869,Tyler,TX,https://www.keystonecu.com
5583,Methuen Federal Credit Union,10954,Methuen,MA,http://www.methuencreditunion.com
7431,Whitesville Community Federal Credit Union,62432,Whitesville,KY,http://www.whitesvillecommunitycu.com
7342,Affiliated Trades Federal Credit Union,61808,COLLEGEVILLE,PA,http://www.affiliatedtradescu.org
7879,Chaves County School Employees Federal Credit Union,66143,Roswell,NM,http://www.ccsecunm.org
8408,Connection Federal Credit Union,68254,Silverdale,WA,https://www.connectioncu.org
4923,Grand Trunk Battle Creek Emp Federal Credit Union,5170,BATTLE CREEK,MI,http://www.grandtrunkcu.com
7311,Planites Federal Credit Union,61643,Chicago,IL,http://www.planites.org
4645,First Nrv Federal Credit Union,2263,Radford,VA,http://www.firstnrvcreditunion.com
8051,National J. A. C. L. Federal Credit Union,67005,Salt Lake City,UT,http://www.jaclcu.com
7415,Detour Drummond Community Federal Credit Union,62344,DRUMMOND ISLAND,MI,http://www.ddccu.com
7157,Epb Employees Federal Credit Union,60619,CHATTANOOGA,TN,http://www.epbecu.org
7989,Ripple Federal Credit Union,66683,Oshkosh,WI,http://www.ripplecu.org
7328,First Area Federal Credit Union,61756,SAGINAW,MI,http://www.firstareacu.com
7360,Lauderdale County Teachers Federal Credit Union,61944,Florence,AL,http://www.lctcu.org
6468,Hopesouth Federal Credit Union,20824,Abbeville,SC,http://www.hopesouth.org
8351,St. Thomas Federal Credit Union,68071,Nashville,TN,https://www.stthomascu.org
5826,Lawrence Memorial Hospital Employee Federal Credit Union,13305,New London,CT,http://www.lmhospcu.com
6182,Fox Federal Credit Union,16954,LOS ANGELES,CA,https://www.foxcredit.org
5071,Brightview Federal Credit Union,6527,RIDGELAND,MS,http://www.brightviewcu.com
7648,Minnesota Catholic Federal Credit Union,63977,Little Canada,MN,http://www.mncathcu.com
7858,Mwrd Employees Federal Credit Union,65843,CHICAGO,IL,https://www.mwrdecu.com
8172,Aspire Federal Credit Union,67489,Lufkin,TX,http://www.afecu.net
7138,Nashville Firemen'S Federal Credit Union,60483,NASHVILLE,TN,http://www.nashvillefirecu.org
7284,Hi-Land Federal Credit Union,61453,SALT LAKE CITY,UT,http://www.hilandcu.com
5094,Franklin Johnstown Federal Credit Union,6723,JOHNSTOWN,PA,http://www.franklinjohnstown.com
8529,Media City Federal Credit Union,68549,BURBANK,CA,http://www.mediacitycu.org
8030,Teachers Federal Credit Union,66877,BELOIT,WI,http://www.tcubeloit.org
7387,Illinois Valley Federal Credit Union,62121,Peru,IL,http://www.ivcu.com
8235,Hoosier United Federal Credit Union,67648,Indianapolis,IN,http://www.hoosierunitedcu.com
7073,Mcdowell Cornerstone Federal Credit Union,60149,MARION,NC,http://WWW.MCDOWELLCORNERSTONE.COM
4985,Chivaho Federal Credit Union,5741,Chillicothe,OH,http://www.chivaho.com
8196,Matagorda County Federal Credit Union,67545,Bay City,TX,https://www.matagordaccu.com
7752,Postal Employees Federal Credit Union,64882,YARDVILLE,NJ,http://www.pecu24.org
7743,Hazleton School Employees Federal Credit Union,64833,HAZLETON,PA,https://www.hazletonsecu-dn.financial-net.com/web
7277,Social Security Federal Credit Union,61391,Birmingham,AL,https://www.ssacu.com/
8356,Happy Valley Federal Credit Union,68097,ELIZABETHTON,TN,http://www.hvcu-tn.com
5818,Corrections Federal Credit Union,13254,Soledad,CA,http://www.CORFED.com
7854,Nebraska State Employees Federal Credit Union,65816,LINCOLN,NE,http://www.nsecu.org
6932,Shuford Federal Credit Union,24811,Hickory,NC,http://www.shufordcu.org
7488,Nsp Federal Credit Union,62733,Maplewood,MN,https://www.mynspcu.org
8205,Beaumont Community Federal Credit Union,67574,Beaumont,TX,http://www.bmtccu.com
8378,Koin Federal Credit Union,68172,Brentwood,TN,http://www.koincu.org
8120,Ecu Federal Credit Union,67336,SEMINOLE,FL,http://www.ecucreditunion.com
7974,Meadowland Federal Credit Union,66618,SHEBOYGAN FALLS,WI,http://www.meadowlandcu.org
7405,Alpena Community Federal Credit Union,62264,Alpena,MI,http://www.alpenacreditunion.com
7847,Service Plus Federal Credit Union,65770,Moline,IL,http://www.service-pluscu.org
8142,Brazos Star Federal Credit Union,67408,College Station,TX,http://www.brazosstarcu.com
8384,Montana Educators' Federal Credit Union,68190,Missoula,MT,http://www.mtedcu.org
7680,Meridian Federal Credit Union,64212,Ottumwa,IA,http://www.mymeridiancu.org
7853,New Haven County Federal Credit Union,65809,North Haven,CT,http://www.nhccu.com
8301,Alpha Federal Credit Union,67872,Boston,MA,http://www.alphacu.com
6084,Common Cents Federal Credit Union,15788,BEAUMONT,TX,http://www.commoncentscu.com
6506,Finger Lakes Health Care Federal Credit Union,21294,ELMIRA,NY,http://WWW.FLHC.COM
5449,Eweb Employees Federal Credit Union,9777,Eugene,OR,http://www.myewebcu.org/
5054,Wichita Falls Federal Credit Union,6317,Wichita Falls,TX,https://www.wffedcu.com
4481,Oteen V. A. Federal Credit Union,932,ASHEVILLE,NC,http://www.oteencreditunion.com
5422,Chen-Del-O Federal Credit Union,9517,FRANKLIN,NY,http://www.chendelo.org
5989,Northwest Adventist Federal Credit Union,14786,Portland,OR,http://www.mynwcu.com
5338,Outreach Federal Credit Union,8922,HERMITAGE,TN,http://www.outreachcu.com
8515,Canals & Trails Federal Credit Union,68508,Lockport,IL,http://www.canals-trailscu.org
8498,Catholic United Financial Federal Credit Union,68469,SAINT PAUL,MN,http://www.catholicunitedcu.org
7792,Cincinnati Employees Federal Credit Union,65205,Harrison,OH,http://www.cintiecu.org
7855,Metropolitan District Employees Federal Credit Union,65817,HARTFORD,CT,http://www.mdecu.org
7078,Alhambra Federal Credit Union,60165,Phoenix,AZ,http://www.alhambracu.com
7229,Utility District Federal Credit Union,61085,OAKLAND,CA,http://WWW.UDCU.ORG
7520,Columbia Federal Credit Union,62930,Columbia,MO,http://www.como-cu.com
7064,Patriot Equity Federal Credit Union,60082,JACKSON,TN,https://www.pecujax.org
8110,1St Street Federal Credit Union,67309,SARASOTA,FL,http://www.1streetcu.com
4428,Sei Federal Credit Union,517,POCATELLO,ID,http://www.seius.org
7319,Rural Cooperatives Federal Credit Union,61693,Louisville,KY,http://www.rccu.com
7477,First Carolina People'S Federal Credit Union,62673,GOLDSBORO,NC,http://www.fcpcu.com
5833,Flagship Community Federal Credit Union,13391,Port Huron,MI,http://www.flagship.org
6674,Chhe Federal Credit Union,23545,Huntington,WV,http://www.chhe.org
7724,Greater Valley Federal Credit Union,64660,FRESNO,CA,https://www.greatervalleycu.org
5097,Cencap Federal Credit Union,6733,HARTFORD,CT,http://WWW.CENCAP.COM
4832,U.P. Connection Federal Credit Union,4098,OMAHA,NE,http://www.upconnection.org
7443,Area Educational Federal Credit Union,62500,MATTOON,IL,http://www.myaecu.com
7866,Norwalk Hospital Federal Credit Union,65954,NORWALK,CT,http://www.nohocu.org
6168,Lehigh County Employees Federal Credit Union,16746,Allentown,PA,http://www.lehighcountycu.com
4997,Allwealth Federal Credit Union,5845,Hamilton,OH,http://www.allwealth.org
5193,Sunflower Community Federal Credit Union,7610,Marysville,KS,http://www.sunflowerrocks.com
7518,Erie County Employees Federal Credit Union,62923,BUFFALO,NY,http://www.eriecountycreditunion.net
7244,Los Alamos Schools Federal Credit Union,61165,Los Alamos,NM,http://www.lascu.org
7433,Alexandria Municipal Employees Federal Credit Union,62438,Alexandria,LA,http://www.amecu.org
7119,Deer River Cooperative Federal Credit Union,60388,DEER RIVER,MN,https://www.drccu.com
8228,Trinity Valley Teachers Federal Credit Union,67634,Palestine,TX,http://www.tvtcu.com
7137,Tangipahoa Parish Teachers Federal Credit Union,60475,AMITE,LA,http://www.tangiteachers.com
7887,Questa Federal Credit Union,66252,Questa,NM,http://www.questacreditunion.org
6743,Kemba Delta Federal Credit Union,24220,Bartlett,TN,http://www.kembadelta.org
8112,Pompano Beach City Emp. Federal Credit Union,67318,POMPANO BEACH,FL,http://WWW.PBECU.COM
8023,Cs Federal Credit Union,66856,Catawba,NC,https://www.csnccreditunion.org
6751,Huntington C & O Railway Employees Federal Credit Union,24236,Huntington,WV,http://www.c-ocreditunion.com
5256,Kenowa Community Federal Credit Union,8119,WYOMING,MI,http://www.kenowacu.com
7175,Iowa Heartland Federal Credit Union,60718,MASON CITY,IA,http://WWW.IOWAHEARTLAND.ORG
7481,K.U.M.C. Federal Credit Union,62702,Shawnee,KS,http://www.kumccu.org
8077,San Juan Federal Credit Union,67163,BLANDING,UT,http://WWW.SANJUANCU.COM
6901,Community & Teachers Federal Credit Union,24730,East Providence,RI,http://WWW.TEACHERSCU.ORG
8031,Mcu Financial Center Federal Credit Union,66878,Racine,WI,http://www.mcucreditunion.com
8176,1St Choice Federal Credit Union,67505,ATLANTA,GA,http://www.1stchoicecu.org
7599,Blue Flame Federal Credit Union,63519,Charlotte,NC,https://www.blueflamecu.org
8358,Tennessee Employees Federal Credit Union,68101,Nashville,TN,http://www.tnecu.org
6267,Camp Shelby Federal Credit Union,18150,Hattiesburg,MS,http://www.campshelbycreditunion.us
7597,Gateway Federal Credit Union,63476,Springfield,OR,http://www.yourgcu.org
7590,District One Highway Federal Credit Union,63420,SAINT JOSEPH,MO,https://www.district1hwycu.org
7768,River Community Federal Credit Union,64986,Ottumwa,IA,http://www.rivercommunitycu.org
8173,United Energy Federal Credit Union,67493,Humble,TX,http://www.unitedenergycu.com
7617,Mountain River Federal Credit Union,63704,SALIDA,CO,http://www.mountainrivercu.org
7044,Mississippi Public Employees Federal Credit Union,24976,Jackson,MS,http://www.mspecu.org
7598,De Soto Mo Pac Federal Credit Union,63507,De Soto,MO,http://www.desotomopaccu.com
7775,Siue Federal Credit Union,65046,Edwardsville,IL,http://www.siuecu.org
8210,United Federal Credit Union,67587,Tyler,TX,http://www.unitedcu.coop
7917,Emergency Responders Federal Credit Union,66354,Winston Salem,NC,http://www.emrspcu.com
4937,Sun Pacific Federal Credit Union,5359,Richmond,CA,http://www.sunpacific.org
8140,Southern Pine Federal Credit Union,67403,Lake Park,GA,http://www.southernpinecu.org
4633,Manville Area Federal Credit Union,2168,MANVILLE,NJ,http://www.manville.org
7334,Slo Federal Credit Union,61779,San Luis Obispo,CA,http://www.slocu.com
7498,Latvian Cleveland Federal Credit Union,62822,LAKEWOOD,OH,https://www.latvianclevelandcu.org
6692,Taupa Lithuanian Federal Credit Union,23803,South Boston,MA,https://www.taupaboston.com
8269,Htm Federal Credit Union,67749,Haverhill,MA,http://www.htmcreditunion.com
7749,Casebine Community Federal Credit Union,64868,Burlington,IA,http://www.casebine.com
7240,River To River Federal Credit Union,61152,Vienna,IL,http://www.r2rcu.com
7000,Massachusetts Family Federal Credit Union,24924,LYNN,MA,http://www.massfamilycu.com
7839,Heights Auto Workers Federal Credit Union,65640,Burnham,IL,http://www.hawcu.com
7867,Kaskaskia Valley Federal Credit Union,65988,Centralia,IL,http://www.mykvccu.org
5461,Emerald Empire Federal Credit Union,9877,Springfield,OR,http://www.youreecu.org
8251,Highway Alliance Federal Credit Union,67700,Jefferson city,MO,http://www.hacu4u.com
8103,Bell Federal Credit Union,67263,HUTCHINSON,KS,http://www.bellcu.com
7469,Jemez Valley Federal Credit Union,62637,JEMEZ SPRINGS,NM,http://www.jvcu.org
8229,Tyler City Employees Federal Credit Union,67638,Tyler,TX,https://www.tylercityecu.com
6361,Nj Gateway Federal Credit Union,19454,Dayton,NJ,http://www.njgateway.org
6935,Precision Federal Credit Union,24816,Keene,NH,http://www.tspcu.org
8320,Hiwassee River Federal Credit Union,67946,CHARLESTON,TN,http://www.omcecu.com
7421,Lexington Postal Community Federal Credit Union,62370,Lexington,KY,http://www.lexpccu.com
7692,Area Community Federal Credit Union,64294,GRAND FORKS,ND,http://www.gfaccu.com
5484,Mycom Federal Credit Union,10065,Pittsfield,MA,http://www.mycomcu.org
7475,Health Federal Credit Union,62664,Birmingham,AL,http://www.healthcu.com
8256,Haverhill Fire Department Federal Credit Union,67710,Haverhill,MA,http://www.hfdcu.com
6549,Valwood Park Federal Credit Union,21788,Carrollton,TX,http://www.valwoodpark.com
7828,Aegis Federal Credit Union,65521,Clinton,IA,http://www.aegiscu.com
7368,Montcalm Public Employees Federal Credit Union,61999,EDMORE,MI,https://www.mpecreditunion.com
5643,Texhillco School Employees Federal Credit Union,11576,Kerrville,TX,https://www.Texhillco.org
5186,Ridgeline Federal Credit Union,7546,SALT LAKE CITY,UT,http://www.ridgelinecu.com
8197,Dallas U.P. Employees Federal Credit Union,67547,Dallas,TX,http://www.dupecu.org
6735,Beverly Municipal Federal Credit Union,24192,Beverly,MA,http://www.beverlycreditunion.com
7500,2 Rivers Area Federal Credit Union,62827,KANKAKEE,IL,http://www.2riversacu.com
7410,Farm Bureau Family Federal Credit Union,62330,LANSING,MI,http://www.farmbureaufamilycu.org
7660,Family Community Federal Credit Union,64067,Charles City,IA,http://www.ccfccu.com
8166,Shared Resources Federal Credit Union,67477,Pasadena,TX,http://www.srcu.net
7657,County Federal Credit Union,64056,Clayton,MO,http://www.countycu.org
6989,Gulf Trust Federal Credit Union,24908,PASCAGOULA,MS,http://www.gulftrustcu.org
7306,Michigan Coastal Federal Credit Union,61631,Muskegon,MI,http://www.michigancoastal.com
5981,Chattanooga First Federal Credit Union,14725,CHATTANOOGA,TN,http://www.chattfirst.org
5247,Northwest Consumers Federal Credit Union,8077,TRAVERSE CITY,MI,http://www.nwconsumers.org
7975,Racine Municipal Employees Federal Credit Union,66622,Racine,WI,https://www.rmecu.org
7790,Central Illinois Federal Credit Union,65186,CHAMPAIGN,IL,http://www.cicu.com
7218,Energize Federal Credit Union,60994,OKLAHOMA CITY,OK,https://www.energize.coop/
7555,Reliance Federal Credit Union,63169,Kansas City,KS,http://www.reliancecu.org
8163,Concho Valley Federal Credit Union,67473,San Angelo,TX,http://www.conchovalleycu.com
7226,Columbia Post Office Federal Credit Union,61065,COLUMBIA,SC,http://www.columbiapostalcreditunion.com
7729,Legacy Federal Credit Union,64708,Joplin,MO,http://www.yourlcu.com
8345,Center City Community Federal Credit Union,68052,Buena Park,CA,http://www.ccccu.org
7106,Elite Community Federal Credit Union,60304,Bourbonnais,IL,http://www.eliteccu.com
8379,Healthcare Services Federal Credit Union,68173,CHATTANOOGA,TN,http://www.hscu.net
7079,Highway Crossroads Federal Credit Union,60167,Sikeston,MO,http://www.mycrossroadscu.com
6528,U. H. S. Employees Federal Credit Union,21586,Johnson City,NY,http://www.cuonlineuhs.org
7107,Grand Prairie Federal Credit Union,60307,GRAND PRAIRIE,TX,http://WWW.GPCREDITUNION.ORG
5448,N.F.G. #2 Federal Credit Union,9776,WARREN,PA,http://www.nfg2.com
7455,People'S Federal Credit Union,62564,RAYNE,LA,http://www.peoplescu.info
8132,Savannah Postal Federal Credit Union,67364,Savannah,GA,https://www.savannahpostalcu.com
8204,Temple Santa Fe Community Federal Credit Union,67573,Temple,TX,https://www.tsfccu.com
8058,P & S Federal Credit Union,67056,SALT LAKE CITY,UT,http://www.pandscu.org
7121,Tee-Pak Federal Credit Union,60390,Danville,IL,http://www.teepakcu.com
6964,Encompass Niagara Federal Credit Union,24873,Niagara Falls,NY,http://www.encompassniagara.com/
6090,Members Trust Federal Credit Union,15874,Mason,OH,http://www.memberstrust.org
8442,Advantage One Federal Credit Union,68343,Morrison,IL,http://www.adonecu.org
7908,Billerica Municipal Employees Federal Credit Union,66336,BILLERICA,MA,http://www.billericamecu.com
7869,Stamford Healthcare Federal Credit Union,66002,Stamford,CT,http://www.shccu.org
7499,Rockford Municipal Employees Federal Credit Union,62826,Rockford,IL,http://www.rmecu.net
8353,Maryville Municipal Federal Credit Union,68077,MARYVILLE,TN,http://www.MMCUTN.COM
7816,Western Illinois School Employees Federal Credit Union,65426,QUINCY,IL,http://www.WISECU.COM
7875,Cuba Federal Credit Union,66097,CUBA,NM,http://www.cubacreditunion.org
5914,Liberty County Teachers Federal Credit Union,14052,Liberty,TX,http://www.libertycu.com
6744,Chattahoochee Federal Credit Union,24221,VALLEY,AL,https://WWW.CHATT.COOP
7779,Unite Federal Credit Union,65071,Cedar Falls,IA,http://www.unite-cu.org
5353,Westmoreland Water Federal Credit Union,9042,Greensburg,PA,http://www.wwcu.org
7639,Members 1St Federal Credit Union,63899,Brattleboro,VT,http://www.members1cu.com
6702,United Arkansas Federal Credit Union,23952,Little Rock,AR,http://www.unitedarkansas.org
6288,Alliance Niagara Federal Credit Union,18409,SANBORN,NY,http://www.allianceniagara.com
7130,Generations Federal Credit Union,60429,Rockford,IL,http://www.generationscu.org
7120,American Pride Federal Credit Union,60389,ALTOONA,PA,http://www.americanpridecu.org
8317,Leadco Community Federal Credit Union,67936,Park Hills,MO,https://www.leadco.org/
5849,Employees Choice Federal Credit Union,13526,El Cajon,CA,http://www.employeeschoice.org
6875,Trades & Labor Federal Credit Union,24674,ALBERT LEA,MN,http://www.tradesandlabor.com
7171,Rome Kraft Employees Federal Credit Union,60707,Coosa,GA,http://www.romekraftcu.com
8415,Express Federal Credit Union,68273,Seattle,WA,http://www.expresscu.org
8052,United Labor Federal Credit Union,67009,Raytown,MO,http://WWW.UNITEDLABORCU.ORG
4510,Mopac Employees Federal Credit Union,1129,Palestine,TX,http://www.mopaccu.com
5944,Ibew/Sj Cascade Federal Credit Union,14402,Salem,OR,https://www.ibewsjcu.org
7563,Wheat State Federal Credit Union,63211,Wichita,KS,http://www.wheatstatecu.com
8131,Glynn County Federal Employees,67354,BRUNSWICK,GA,https://www.glyncofecu.org
8194,First Priority Federal Credit Union,67542,Abilene,TX,http://www.firstpriorityabilene.org
8033,Richmond Virginia Fire Police Credi Federal Credit Union,66899,Richmond,VA,http://WWW.FirePoliceCU.Org
8490,Genesis Employees Federal Credit Union,68451,Zanesville,OH,https://www.genesisecu.com/
5778,Community Healthcare Federal Credit Union,12847,Everett,WA,http://www.Commhealthcu.org
7289,Fayette County School Employees Federal Credit Union,61515,Uniontown,PA,http://www.fayetteschoolcu.org
6861,1St Cooperative Federal Credit Union,24627,Cayce,SC,http://www.1stcooperative.com
7391,United Churches Federal Credit Union,62144,Taylor,MI,http://www.unitedchurchescu.org
7351,Monmouth County Postal Employees Federal Credit Union,61872,Red Bank,NJ,http://www.monmouthpostalcu.org
4512,Essex County Teachers Federal Credit Union,1131,BLOOMFIELD,NJ,http://www.ectcu.org
7655,Bloomington Postal Employees Federal Credit Union,64038,BLOOMINGTON,IL,https://www.ea.financial-net.com
6643,Local 804 Federal Credit Union,23144,Port Washington,NY,http://www.cu804.org
7535,New Orleans Police Department Emp. Federal Credit Union,63008,New Orleans,LA,https://HTTPS://WWW.NOPDECU.COM
7201,Kone Employees Federal Credit Union,60855,MOLINE,IL,http://www.konecu.com
7335,Co-Operative Federal Credit Union,61783,COFFEYVILLE,KS,http://www.cooperativecu.com
4644,Union Pacific Streamliner Federal Credit Union,2260,OMAHA,NE,https://www.upcu.org
7086,Harvard Community Federal Credit Union,60201,HARVARD,IL,http://WWW.HARVARDCCU.ORG
8189,Odessa Employees Federal Credit Union,67534,Odessa,TX,http://www.odessaecu.com
7542,Hutchinson Government Employees Federal Credit Union,63090,Hutchinson,KS,http://www.hgecu.com
7080,Chicago Firemans Assoc Federal Credit Union,60175,CHICAGO,IL,https://www.chicagofiremansacu.org
7286,Railway Employees Federal Credit Union,61474,Muscle Shoals,AL,http://www.railwaycreditunion.com
6601,The Heart Center Federal Credit Union,22456,ROSLYN,NY,http://www.theheartcentercu.com
7686,Electrical Workers Local 58 Federal Credit Union,64267,DETROIT,MI,http://www.ewcu.net
6083,Novo Federal Credit Union,15784,Norco,CA,http://www.novocu.org
8191,Lcra Federal Credit Union,67537,Austin,TX,http://www.lcracu.org
7986,Dairyland Power Federal Credit Union,66665,LA CROSSE,WI,http://www.dpcreditunion.com
8338,Corner Stone Federal Credit Union,68011,lancaster,TX,http://www.cornerstonecreditunion.net
7380,City Federal Credit Union,62062,TUSCALOOSA,AL,https://www.ccutuscaloosa.com
7708,St. Louis Policemen`S Federal Credit Union,64425,saint louis,MO,http://www.stlpolicecu.com
8007,Oshkosh Community Federal Credit Union,66779,OSHKOSH,WI,http://www.oshkoshcommunitycu.com
8179,Brazos Community Federal Credit Union,67510,Alvin,TX,https://www.brazosccu.org
8230,Amarillo Postal Employees Federal Credit Union,67639,AMARILLO,TX,http://www.crunion.org
7701,Summit Ridge Federal Credit Union,64394,LEES SUMMIT,MO,https://www.mysrcu.com
8024,Germania Federal Credit Union,66857,Brenham,TX,http://www.germaniacreditunion.com
5408,Hamilton Horizons Federal Credit Union,9411,Hamilton,NJ,http://www.hamiltonhorizons.org
5456,Santo Christo Federal Credit Union,9822,FALL RIVER,MA,http://www.santochristocu.com
7947,Holy Family Memorial Federal Credit Union,66476,Manitowoc,WI,http://www.hfmcu.org
8135,Genuine Parts Federal Credit Union,67382,Norcross,GA,http://www.gpcu.net
5847,Cal-Ed Federal Credit Union,13503,CALIFORNIA,PA,http://www.cal-ed.com
5560,First Lincoln Federal Credit Union,10756,Lincoln,NE,http://www.firstlincoln.org
7177,The West Tennessee Federal Credit Union,60726,Atoka,TN,http://www.wtncu.org
6552,Transit Federal Credit Union,21831,VALLEY STREAM,NY,http://WWW.ATU1181.ORG
7266,Dupage County Employees Federal Credit Union,61290,WHEATON,IL,http://www.dupagececu.org
7461,Med Park Federal Credit Union,62593,Grand Forks,ND,http://www.medparkcu.com
8026,M.E. Employees Federal Credit Union,66862,WAUSAU,WI,https://www.meecu.org
7095,Community Healthcare Federal Credit Union,60247,Manchester,CT,http://www.chcu.org
7885,High Desert Community Federal Credit Union,66185,Aztec,NM,http://www.highdesertcu.org
8045,Southern Federal Credit Union,66980,Chattanooga,TN,http://www.southerncu.com
6799,Lion Federal Credit Union,24437,EL DORADO,AR,http://www.lioncreditunion.com
7765,Linxus Federal Credit Union,64948,MACHESNEY PARK,IL,http://www.linxuscu.org
8239,Southern Star Federal Credit Union,67660,Houston,TX,http://www.southernstarcu.org
7199,Combined Employees Federal Credit Union,60825,WARNER ROBINS,GA,https://www.combinedecu.com
5831,Frankfort Community Federal Credit Union,13355,FRANKFORT,MI,http://www.frankfortcu.org
8184,Linkage Federal Credit Union,67519,WACO,TX,http://www.linkagecu.com
8169,1St University Federal Credit Union,67483,Waco,TX,http://www.culink.net
6804,Spokane Media Federal Credit Union,24451,Spokane,WA,http://www.mediacreditunion.com
8152,Txdot Federal Credit Union,67439,Abilene,TX,http://www.txdotcu.com
6452,Minerva Area Federal Credit Union,20622,Minerva,OH,http://www.minervacreditunion.com
6880,Fasny Federal Credit Union,24690,ALBANY,NY,http://WWW.FASNYCU.COM
5010,Cowboy Country Federal Credit Union,5935,PREMONT,TX,http://www.cowboycountry.virtualcu.net
8250,Academic Employees Federal Credit Union,67695,Columbia,MO,http://www.academicecu.com
8330,Appliance Federal Credit Union,67976,CLEVELAND,TN,http://www.appliancecu.com
7737,Catholic Family Federal Credit Union,64762,Kansas City,MO,http://www.catholicfamilycu.com
8286,Stationery Federal Credit Union,67801,Saint Joseph,MO,http://www.stationerycreditunion.com
8357,Skyline Federal Credit Union,68100,NASHVILLE,TN,http://www.skylinecreditunion.com
6848,Toledo Urban Federal Credit Union,24578,Toledo,OH,http://www.toledourban.net
7437,Mobile Postal Federal Credit Union,62471,Mobile,AL,http://www.mobilepostalcu.com
5343,Holy Family Parma Federal Credit Union,8944,Parma,OH,http://www.holyfamilycreditunion.com
7238,Ohio Teamsters Federal Credit Union,61136,INDEPENDENCE,OH,http://www.ohioteamsterscu.com
7466,Independence Teachers Federal Credit Union,62620,Independence,MO,https://www.isdschools.org/staff/employees/independence-teachers-credit-union
7449,Virginia United Methodist Federal Credit Union,62536,North Chesterfi,VA,http://www.tumcu.org
8324,Corpus Christi Postal Employees Federal Credit Union,67963,Corpus Christi,TX,http://www.ccpecu.com
5804,Palace City Federal Credit Union,13103,Mitchell,SD,http://www.palacecitycu.org
8203,The Wright Federal Credit Union,67564,Toccoa,GA,https://wwwthewrightcu.org
6971,Cm Members Federal Credit Union,24881,Columbus,MS,http://www.cmcreditunion.com
7513,Burlington Northtown Community Federal Credit Union,62895,North Kansas Ci,MO,http://www.bnccu.org
5200,Garden City Teachers Federal Credit Union,7662,GARDEN CITY,KS,http://www.gctcu.org
5703,Clifty Creek Employees Federal Credit Union,12152,Madison,IN,https://www.cliftycreekcu.com/
8124,Jefferson County Teachers Federal Credit Union,67341,Monticello,FL,http://www.jctcuonline.org
7735,Division #6 Highway Federal Credit Union,64755,Chesterfield,MO,http://www.d6hcu.com
7356,Alcose Federal Credit Union,61926,White Oak,PA,http://www.alcosecu.com
7260,"Community Cu Of New Milford, Inc. Federal Credit Union",61261,NEW MILFORD,CT,http://www.ccunm.org
7810,Tcp Federal Credit Union,65384,RURAL HALL,NC,http://www.tcpcu.org
7593,Greensboro Federal Credit Union,63445,GREENSBORO,NC,https://www.gsocu.org
7506,Division 819 Transit Employees Federal Credit Union,62855,IRVINGTON,NJ,http://www.div819cu.com
8377,Gateway Federal Credit Union,68171,CLARKSVILLE,TN,http://www.gatewaycreditunion.com
7748,Patriot Federal Credit Union,64856,OAKVILLE,MO,http://www.patriotcu.com
7564,Ottawa Hiway Federal Credit Union,63213,OTTAWA,IL,http://www.ottawahiwaycu.com
6945,Cape Federal Credit Union,24841,Clarksburg,WV,http://www.capecu.com
7585,Scott Associates Federal Credit Union,63386,Marysville,OH,http://www.mysacu.com
8213,Cen Tex Manufacturing Federal Credit Union,67602,Brownwood,TX,http://www.centexmfgcu.org
7272,Mobile Government Emp. Federal Credit Union,61339,Mobile,AL,https://www.mobgecu.org
6547,I.B.E.W. - Local No. 5 Federal Credit Union,21782,Pittsburgh,PA,http://www.ibew5.virtualcu.net
8171,Reed Federal Credit Union,67486,HOUSTON,TX,https://HTTPS://WWW.REEDCREDITUNION.COM
5332,New Castle Bellco Federal Credit Union,8903,NEW CASTLE,PA,http://WWW.NEWCASTLEBELLCO.COM
7976,Wisconsin Medical Federal Credit Union,66625,Green Bay,WI,https://www.wismedcu.org/
8048,Lakewood Federal Credit Union,66999,Rib Lake,WI,http://www.lakewoodcu.org
7533,Spojnia Federal Credit Union,62998,Scranton,PA,http://www.spojniacreditunion.org
7794,Williamsport Teachers Federal Credit Union,65211,SOUTH WILLIAMSP,PA,http://www.williamsportteacherscu.com
7295,Vermilion Employees Federal Credit Union,61540,ABBEVILLE,LA,http://www.vermilioncu.org
5740,Laredo Fire Department Federal Credit Union,12472,Laredo,TX,http://WWW.laredofirecreditunion.com
5458,Friona Texas Federal Credit Union,9843,Friona,TX,https://www.frionacu.com
5241,Fort Peck Community Federal Credit Union,8037,Fort Peck,MT,http://www.fortpeckcu.com
7255,Wes Federal Credit Union,61233,WILLOUGHBY,OH,http://www.wescreditunion.com
6568,Entertainment Industries Federal Credit Union,22032,ELIZABETH,NJ,http://www.eicu.org
7789,United Association Federal Credit Union,65155,CONCORD,CA,http://WWW.UNITEDASSOCIATIONCU.ORG
7439,Brown-Forman Employees Federal Credit Union,62482,LOUISVILLE,KY,http://www.bfecu.com
7652,Greater Kinston Federal Credit Union,64034,KINSTON,NC,http://www.greaterkcu.org
6639,Sevier County Schools Federal Credit Union,23060,SEVIERVILLE,TN,http://www.scscreditunion.org
5184,Hialeah Municipal Employees Federal Credit Union,7534,Hialeah,FL,http://www.hialeahcu.org
6493,Putnam School Employees Federal Credit Union,21107,ELEANOR,WV,http://www.psewv.com
7202,Peoria Postal Employees Federal Credit Union,60863,Peoria,IL,http://www.ppecu.info
5805,Fasson Employees Federal Credit Union,13115,PAINESVILLE,OH,http://www.fassoncreditunion.com
8318,Dixie Line Federal Credit Union,67937,NASHVILLE,TN,http://www.dixieline.org
7345,Teamsters Federal Credit Union,61824,Blaine,MN,https://www.mnteamsterscu.com
7714,Mower County Employees Federal Credit Union,64518,Austin,MN,http://www.mowercountyecu.org
7105,Blaw-Knox Federal Credit Union,60302,Mattoon,IL,http://www.bkcu.net
8146,Central Texas Teachers Federal Credit Union,67425,Corsicana,TX,http://www.cttcu.com
5504,Cherokee County Teachers Federal Credit Union,10269,RUSK,TX,http://WWW.CCTEACHERS.COM
6699,N. Mississippi Health Services Emp. Federal Credit Union,23900,Tupelo,MS,http://www.nmhs.net/creditunion
7769,Quaker Oats Federal Credit Union,64991,CEDAR RAPIDS,IA,http://www.quakeroatscu.com
7122,Reading Berks School Employees Federal Credit Union,60392,Reading,PA,https://www.rbsecu.com
7613,Atchison Village Federal Credit Union,63630,RICHMOND,CA,https://www.atchisonvillagecu.org
7954,Service Federal Credit Union,66530,Green Bay,WI,http://www.service-cu.com
7945,Public Service Federal Credit Union,66461,Wausau,WI,https://www.publicservicecu.org
6652,Marblehead Municipal Federal Credit Union,23276,Marblehead,MA,http://www.marbleheadcu.com
8153,Angelina County Teachers Federal Credit Union,67440,LUFKIN,TX,http://www.actcu.net
8282,Knox Co. Employees Federal Credit Union,67793,KNOXVILLE,TN,http://www.knoxcountyecu.com
7815,Springfield City Employees Federal Credit Union,65424,Springfield,IL,http://www.scecu.org
5756,Bluegrass Community Federal Credit Union,12648,Ashland,KY,http://www.bluegrasscreditunion.com
7784,"Central Vermont Medical Center,Inc. Federal Credit Union",65090,BARRE,VT,https://www.cvmccu.org
5434,Espeeco Federal Credit Union,9590,Bakersfield,CA,http://www.espeeco.org
8530,Crossroads Federal Credit Union,68557,GOESSEL,KS,http://www.crossroadscreditunion.com
8470,Directors Choice Federal Credit Union,68420,ALBANY,NY,http://www.directorschoicecu.com/
6559,Employees United Federal Credit Union,21904,Paris,TX,http://www.employeesunited.org
7565,1St Kansas Federal Credit Union,63217,Topeka,KS,http://www.1stkansascu.com
7152,Financial Partners Federal Credit Union,60545,Springfield,IL,http://www.fpcu.net
7770,Metropolitan Services Federal Credit Union,64999,SAINT PAUL,MN,http://www.mymscu.org
8327,Tennessee Department Of Safety Federal Credit Union,67971,Nashville,TN,http://www.TDOSCU.COM
6992,Northampton Area School Dist. Emps Federal Credit Union,24911,Northampton,PA,https://www.nasdecu.com
6977,Vicksburg Railroad Federal Credit Union,24892,Vicksburg,MS,http://www.vrcums.com
6435,I.B.E.W. Lu 66 Federal Credit Union,20469,PASADENA,TX,https://www.MyCU66.org
6163,Biloxi Teachers Federal Credit Union,16699,Biloxi,MS,https://www.biloxischools.net/domain/79
7331,Whitewater Community Federal Credit Union,61760,harrison,OH,http://www.whitewaterccu.org
5101,Sorg Bay West Federal Credit Union,6772,MIDDLETOWN,OH,http://www.sorgbaywest.com
7465,Northwest Missouri Regional Federal Credit Union,62611,MARYVILLE,MO,http://www.nwmrcu.org
7675,Austin City Employees Federal Credit Union,64186,Austin,MN,http://www.austincityecu.org
6967,Vickswood Federal Credit Union,24876,Vicksburg,MS,https://www.vickswoodcu.com/
7762,K.C. Area Federal Credit Union,64939,KANSAS CITY,MO,http://www.kcareacu.com
7294,Reeves County Teachers Federal Credit Union,61532,Pecos,TX,https://www.rctcu.com/
7963,P.I.E. Federal Credit Union,66582,Houston,TX,https://www.piecu.org
5130,Internationalites Federal Credit Union,7027,CARLSBAD,NM,http://www.internationalites.com
7089,Maternity B.V.M. Federal Credit Union,60212,Bourbonnais,IL,http://www.mbvmcu.com
6931,1St Bergen Federal Credit Union,24810,Hackensack,NJ,http://www.1stbergen.com
7556,The Catholic Federal Credit Union,63177,AVON LAKE,OH,http://WWW.CUCATHOLIC.COM
6140,Joliet Municipal Employees Federal Credit Union,16437,joliet,IL,http://www.jolietmunicipal.com
6332,Emerald Credit Association Federal Credit Union,19047,Greenwood,SC,http://www.emeraldcu.com
7508,Middletown Area Schools Federal Credit Union,62877,Middletown,OH,http://www.mascu.com
7782,Lake Superior Federal Credit Union,65085,ONTONAGON,MI,http://www.lscu.virtualcu.net
7081,Anco Community Federal Credit Union,60184,La SAlle,IL,http://www.americannickeloidemployeescreditunion.com
5212,Methodist Hospital Employees Federal Credit Union,7731,Dallas,TX,http://www.mhcu.net
7721,Blue Flame Federal Credit Union,64644,Mobile,AL,https://www.blueflamecreditunion.org
6581,Cmc-Fcpi Employees Federal Credit Union,22174,Scranton,PA,https://www.cmcfcpi.com
6446,J.C.T. Federal Credit Union,20581,EDNA,TX,http://www.jacksoncountyteachers.com
8240,Vatat Federal Credit Union,67661,Austin,TX,https://www.vatatcu.org/
7298,Chicago'S Bravest Federal Credit Union,61560,Chicago,IL,http://www.chicagosbravestcu.com
4532,Richmond Heritage Federal Credit Union,1282,Richmond,VA,http://www.richheritage.org
7085,Kankakee Federation Of Teachers Federal Credit Union,60198,Kankakee,IL,http://www.kftcu.com
7731,Missouri Baptist Federal Credit Union,64718,Jefferson City,MO,https://www.mobaptistcu.org
8350,Cn/Ic Employees Federal Credit Union,68069,MEMPHIS,TN,http://www.cnicecu.net
7904,L. E. O. Federal Credit Union,66329,Painesville,OH,http://www.leocu.org
7691,North Western Employees Federal Credit Union,64282,COUNCIL BLUFFS,IA,https://www.nwecu.org
7715,Birmingham City Federal Credit Union,64528,Birmingham,AL,http://www.bhamcu.org
6822,Morton Federal Credit Union,24511,taunton,MA,http://www.mortonfedcu.com
7831,Lincoln S.D.A. Federal Credit Union,65561,LINCOLN,NE,http://www.lincolnsdacu.org
8264,Bcbst Employees Federal Credit Union,67738,CHATTANOOGA,TN,http://www.bcbstecu.com
7532,Guco Federal Credit Union,62985,Greenville,NC,https://www.gucocreditunion.org
6747,P.S.E. & G. Nuclear Employees Federal Credit Union,24226,HANCOCKS BRIDGE,NJ,http://www.psegnuclearcreditunion.com
5150,Hemingford Community Federal Credit Union,7210,HEMINGFORD,NE,http://www.hemingfordcreditunion.com
7444,Cooperative Employees Federal Credit Union,62502,ANADARKO,OK,https://www.cecuok.com/
8220,Watertown Municipal Federal Credit Union,67615,WATERTOWN,MA,http://www.watertownmcu.com
7888,Funeral Service Federal Credit Union,66253,Springfield,IL,http://www.fscunet.org
6599,Marion County School Employees Federal Credit Union,22428,Fairmont,WV,http://www.schoolcu.virtualcu.net
6052,Solon/Chagrin Falls Federal Credit Union,15451,SOLON,OH,http://www.soloncu.com
7323,Louisiana Central Federal Credit Union,61724,HARAHAN,LA,https://www.louisianacentral.org
7262,Alamo City Federal Credit Union,61267,San Antonio,TX,https://www.alamocitycu.com
7693,Alexandria Schools Employees Federal Credit Union,64304,Alexandria,MN,http://www.alexcreditunion.org
7162,Allvac Savings And Federal Credit Union,60660,MONROE,NC,http://WWW.ALLVACCU.COM
7798,Industrial Employees Federal Credit Union,65242,Centerville,IA,https://www.industrialemployeescu.com
6018,Dedham Town Employees Federal Credit Union,15073,DEDHAM,MA,https://www.dedhamcu.org
7681,South Central Missouri Federal Credit Union,64222,Willow Springs,MO,http://www.creditunionmo.com
8025,Greater Cleveland Community Federal Credit Union,66860,Cleveland,OH,http://www.greaterclevcu.com
6814,Cumberland Municipal Employees Federal Credit Union,24486,Cumberland,RI,http://www.cumberlandcu.org
7662,First Pace Federal Credit Union,64089,West St Paul,MN,http://www.firstpacecu.com
6978,Delta Federal Credit Union,24893,Greenville,MS,http://www.deltacu.virtual.cu.net
6073,U F C W Local 1776 Federal Credit Union,15652,PLYMOUTH MEETIN,PA,http://www.1776creditunion.org
8254,St. Joseph Teachers' Federal Credit Union,67708,SAINT JOSEPH,MO,http://WWW.SJTCREDITUNION.COM
7696,One Thirteen Federal Credit Union,64340,Colorado Spring,CO,http://www.113creditunion.com
7649,Electric Machinery Employees Federal Credit Union,63988,MINNEAPOLIS,MN,https://www.emcu.org/
8208,Tex Mex Federal Credit Union,67579,Laredo,TX,https://www.tmcu.com
6947,Stepping Stones Community Federal Credit Union,24845,Wilmington,DE,http://www.sscreditunion.org
7734,Community First Federal Credit Union,64746,HANNIBAL,MO,http://www.mycommunityfirstcu.com
4744,Colfax Power Plant Employees Federal Credit Union,3237,SPRINGDALE,PA,http://www.colfaxpowerplant.com
5930,Danvers Municipal Federal Credit Union,14191,Danvers,MA,http://www.dmfcreditunion.com
6646,Arkansas Education Association Federal Credit Union,23170,LITTLE ROCK,AR,http://wwwaeacu.org
6054,Penn South Cooperative Federal Credit Union,15459,New York,NY,https://www.pennsouthcreditunion.org
7418,L&N Employees Federal Credit Union,62356,Birmingham,AL,http://www.mylncu.com
7386,Arcade Federal Credit Union,62114,Asheville,NC,https://www.arcadecu.com
7187,Port Of Houston Federal Credit Union,60782,Houston,TX,http://www.pohcu.com
6448,Msd Federal Credit Union,20595,LOUISVILLE,KY,https://www.louisvillemsd.org/creditunion
7636,Gallatin Steam Plant Federal Credit Union,63868,GALLATIN,TN,http://www.steamplantcu.org
7818,Riverview Federal Credit Union,65448,SOUTH SAINT PAU,MN,https://www.myrcu.com
6247,N G M Employees Federal Credit Union,17793,KEENE,NH,https://www.ngmcu.com
7836,Teamsters Local #238 Federal Credit Union,65606,Cedar Rapids,IA,http://www.teamsterslocal238cu.org
8158,Wharton County Teachers Federal Credit Union,67458,Wharton,TX,https://www.wctcu.org/
6622,Par-Del Emp. Federal Credit Union,22723,WYOMING,PA,http://www.creducomp.com
6690,Halifax County Community Federal Credit Union,23760,SOUTH BOSTON,VA,https://www.halifaxcu.org
8050,Brantwood Federal Credit Union,67003,Brantwood,WI,http://www.brantwoodcu.com
5015,Ocnac #1 Federal Credit Union,5987,jersey city,NJ,http://www.ocnac.com
7741,Orlex Government Employees Federal Credit Union,64782,Newport,VT,http://www.orlex.com
8147,Galveston Government Employees Federal Credit Union,67427,Dickinson,TX,http://www.ggecu.com
8364,Pathway Federal Credit Union,68124,CLEVELAND,TN,http://www.pathwaycredit.com
7634,C-F La. Federal Credit Union,63851,DONALDSONVILLE,LA,http://WWW.CFLACU.COM
7625,Memorial Federal Credit Union,63802,Chattanooga,TN,http://www.memorialcreditunion.com
8004,Compassionate Care Federal Credit Union,66755,Fond du Lac,WI,http://www.compassionatecarecu.org
5935,Union County Employees Federal Credit Union,14329,Elizabeth,NJ,http://www.unioncountycreditunion.com
4957,Philadelphia Letter Carriers Federal Credit Union,5539,PHILADELPHIA,PA,http://www.phillycreditunion.com
6524,Ukrainian Selfreliance Of West. Pa. Federal Credit Union,21530,Carnegie,PA,http://www.samopomich.com
4443,Maine Media Federal Credit Union,640,PORTLAND,ME,http://www.mainemedia.com
6088,U-Haul Federal Credit Union,15847,Phoenix,AZ,http://www.uhaulfedcu.com
7568,Mower County Catholic Parishes Federal Credit Union,63258,Austin,MN,https://www.mccpcu.com
7254,Peoria Hiway Federal Credit Union,61232,Peoria,IL,http://www.peoriahiwaycu.com
6820,Episcopal Community Federal Credit Union,24506,Los Angeles,CA,http://www.EpiscopalCredit.org
7052,Peoples Choice Federal Credit Union,60039,Coffeyville,KS,http://www.mypccu.com
7801,State Employees Community Federal Credit Union,65259,Alton,IL,http://www.stateemployeescu.virtualcu.net/
5625,Sweetwater Regional Federal Credit Union,11377,Sweetwater,TX,http://www.sweetwatercredit.com
7848,Teachers Federal Credit Union,65774,Oklahoma CIty,OK,http://www.tcuok.org
7127,Coburn Federal Credit Union,60409,Beaumont,TX,http://www.coburncu.com
7722,Alabama Postal Federal Credit Union,64645,Birmingham,AL,https://www.alabamapostalcu.com
8280,Topeka Police Federal Credit Union,67785,TOPEKA,KS,https://www.toppdcu.com
7596,Valley Educators Federal Credit Union,63468,Alamosa,CO,http://WWW.ITSME247.COM
7857,Decatur Postal Federal Credit Union,65841,Decatur,IL,http://www.decaturpostalcreditunion.com
6002,Gibbons And Reed Employees Federal Credit Union,14917,SALT LAKE CITY,UT,http://www.grcreditunion.com
5695,Denocos Federal Credit Union,12028,CRESCENT CITY,CA,http://www.denocoscu.com
8259,Southeast Missouri Community Federal Credit Union,67716,Park Hills,MO,http://www.southeastcreditunion.com
7615,Columbiana County School Empl Federal Credit Union,63676,Lisbon,OH,http://www.ccsecreditunion.com
7361,Rincones Presbyterian Federal Credit Union,61946,CHACON,NM,https://www.rpcu.online
7203,Peoria City Employees Federal Credit Union,60873,Peoria,IL,https://www.peoriacu.com
6240,Health Alliance Federal Credit Union,17679,SOMERVILLE,MA,http://www.myhacu.org
7332,Central Kansas Education Federal Credit Union,61765,Salina,KS,https://www.ckecusalina.com
7864,Peoria Bell Federal Credit Union,65905,Peoria,IL,http://www.peoriabell.org
8207,Nce Federal Credit Union,67578,CORPUS CHRISTI,TX,http://www.ncecreditunion.net
8290,Allen Hospital Personnel Federal Credit Union,67831,Waterloo,IA,https://www.allencu.com
6196,Norwood Town Employees Federal Credit Union,17112,Norwood,MA,http://www.norwoodecu.com
6590,First Care Federal Credit Union,22322,Roanoke,VA,http://www.crchcreditunion.com
7637,Latvian Federal Credit Union,63891,Minneapolis,MN,https://www.latviancu.com
7467,St. James Parish Federal Credit Union,62624,Cincinnati,OH,http://WWW.STJPCU.COM
7173,South Carolina Methodist Conf Federal Credit Union,60715,COLUMBIA,SC,http://www.scmccu.org
7710,Northeast Schools And Hospital Federal Credit Union,64462,Newport,VT,https://www.nshcu.virtualcu.net
7950,Madison Fire Department Federal Credit Union,66499,MADISON,WI,http://www.mfdcu.org
7773,Polk County Federal Credit Union,65039,DES MOINES,IA,http://www.polkcountycreditunion.com
6329,St. Pats Employees Federal Credit Union,19017,Missoula,MT,http://www.StPatsCU.com
6241,Tombigbee Federal Credit Union,17681,AMORY,MS,http://www.tombigb.virtualcu.net
7629,Sikeston Public Schools Federal Credit Union,63830,Sikeston,MO,https://www.spscu.com
4361,Tel-U-Watt Federal Credit Union,146,MINOT,ND,http://www.teluwatt.com
7297,Deming Schools Employees Federal Credit Union,61559,DEMING,NM,https://www.dsecu.org/
7786,Options Federal Credit Union,65111,Littleton,CO,http://www.optionscreditunion.com
7821,Morton Federal Credit Union,65466,South Hutchinso,KS,http://www.MORTONCU.COM
4705,Haxtun Community Federal Credit Union,2794,Haxtun,CO,http://www.haxtuncu.com
8304,Lynn Teachers Federal Credit Union,67882,LYNN,MA,http://www.lynnteacherscu.org
4632,Natural Resources Conservation Serv Federal Credit Union,2158,Fort Worth,TX,http://www.nrcscreditunion.org
5633,Moore County Schools Federal Credit Union,11458,Dumas,TX,https://www.mcsfcreditunion.com
8521,Light Commerce Federal Credit Union,68529,HOUSTON,TX,http://www.lightcommercecu.org
7856,I.B.E.W. Local #146 Federal Credit Union,65840,Decatur,IL,http://www.ibew146cu.com
7717,Urbana Municipal Employees Federal Credit Union,64568,Urbana,IL,http://www.umecu-urbana.com
8170,Corpus Christi S.P. Federal Credit Union,67485,Corpus Christi,TX,http://www.ccspcu.com
6877,Pioneer Community Federal Credit Union,24682,PALISADE,NE,https://www.pioneercreditunion.net
8289,Hutchinson Postal & Community Federal Credit Union,67829,HUTCHINSON,KS,https://www.hutchpccu.com
6434,N. J. Latvian Federal Credit Union,20463,Freehold,NJ,http://www.njlatviancreditunion.com
5744,Santa Maria Associated Employees Federal Credit Union,12508,Santa Maria,CA,https://HTTPS://WWW.SMCREDITUNION.ORG
6059,Local 265 Ibew Federal Credit Union,15522,LINCOLN,NE,https://www.itsme247.com/886/authentication/username
8122,Electricians' Local 349 Federal Credit Union,67338,MIAMI,FL,http://www.local349cu.org
6922,New Covenant Dominion Federal Credit Union,24784,Bronx,NY,http://www.newcovenantcreditunion.org
8198,Midwestern State University Federal Credit Union,67549,Wichita Falls,TX,http://www.mwsucu.com
7797,Burlington Municipal Employees Federal Credit Union,65239,Burlington,IA,http://wwwmybmecu.com
5475,Shelby/Bolivar County Federal Credit Union,9974,BOYLE,MS,https://www.shelbycu.org
7485,Oak Lawn Municipal Employees Federal Credit Union,62717,OAK LAWN,IL,https://www.olmecu.virualcu.net
8561,Nueva Esperanza Community Federal Credit Union,68603,Toledo,OH,http://www.nuevaesperanzaccu.org
7774,Gas & Electric Employees Federal Credit Union,65040,mason city,IA,http://www.geecu.org
7758,Dubuque Postal Employees Federal Credit Union,64917,DUBUQUE,IA,http://www.dpecu.com
8160,Highway District 2 Federal Credit Union,67468,Fort Worth,TX,http://www.dist2cu.com
8279,C & R Federal Credit Union,67783,Clay Center,KS,http://www.candrcreditunion.com
8278,P.I.A.S. Federal Credit Union,67779,Brentwood,TN,http://www.piascu.org
8237,Intercorp Federal Credit Union,67651,AMARILLO,TX,http://www.intercorpcu.com
8161,Highway District 9 Federal Credit Union,67469,WACO,TX,https://www.hwydist9.com
4653,Gaf Linden Employees Federal Credit Union,2348,Parsippany,NJ,http://www.gafcreditunion.org
8224,Oak Farms Employees Federal Credit Union,67624,HOUSTON,TX,http://www.ofecu.com
5817,S H P E Federal Credit Union,13248,GREENSBURG,LA,https://www.sshpecu.org
8157,Everman Parkway Federal Credit Union,67456,FORT WORTH,TX,https://www.epcreditunion.com
5736,"Masters, Mates & Pilots (Mm&P) Federal Credit Union",12440,Linthicum,MD,http://www.creditunion.bridgedeck.org
8518,Smart Choice Federal Credit Union,68513,CLEVELAND,TN,https://wwwsmartchoicecreditunion.com
7404,Coast Guard Employees Federal Credit Union,62258,New Orleans,LA,https://www.coastguardecu.net
7521,N.O. Port Commission Employees Federal Credit Union,62936,New Orleans,LA,http://www.portnocu.com
8423,Georgia Guard Federal Credit Union,68291,MACON,GA,http://www.GGCU.ORG
7990,"Wisconsin Latvian, Inc. Federal Credit Union",66686,MILWAUKEE,WI,http://www.wislat.com
7595,Williamson County Catholic Federal Credit Union,63459,Herrin,IL,http://www.wcccu.us
8605,Jafari No-Interest Federal Credit Union,68675,Houston,TX,http://www.JafariCU.com
6480,Teamsters Local 697 Federal Credit Union,20957,Wheeling,WV,http://www.teamsters697creditunion.com
5903,Orem City Employees Federal Credit Union,13965,OREM,UT,http://www.cu.orem.org
7868,Mercer Federal Credit Union,65995,Aledo,IL,https://www.mercercreditunion.com
8367,Metropolitan Teachers Federal Credit Union,68135,NASHVILLE,TN,http://www.metrotcu.org
6798,U.P. Employees Federal Credit Union,24435,NORTH LITTLE RO,AR,http://www.upemployees.org
7984,School Employees Federal Credit Union,66662,Superior,WI,http://www.secusuperior.com
7806,Salem School System Federal Credit Union,65346,Salem,IL,http://www.salemschoolscreditunion.com
7524,Danfoss Employees Federal Credit Union,62950,Eden Prairie,MN,http://www.danfosscu.com
7624,Niagara Frontier Federal Municipal,63793,NIAGARA FALLS,NY,http://www.nffmecu.com
6189,District 123 Federal Credit Union,17023,Oak Lawn,IL,http://d123.virtualcu.net
6970,Pearl Municipal Federal Credit Union,24880,Pearl,MS,https://www.pearlcu.com
7730,Northeast Regional Federal Credit Union,64709,HANNIBAL,MO,http://www.mynrcu.com
8223,American Baptist Association Federal Credit Union,67622,Angleton,TX,http://www.abacu.org
6284,Usem Mena Federal Credit Union,18343,MENA,AR,http://www.usem.virtualcu.net/
7263,Bothwell Hospital Employees Federal Credit Union,61268,SEDALIA,MO,http://www.bhecu.com
6657,Vitelco Employees Federal Credit Union,23294,Charlotte Amali,VI,http://www.vitelcocu.com
7206,Park Manor Christian Church Federal Credit Union,60923,CHICAGO,IL,https://www.pmcccreditunion.com
7871,Kan Colo Federal Credit Union,66036,HOISINGTON,KS,https://www.kan-colocreditunion.com
7167,College And University Federal Credit Union,60688,Chicago,IL,http://www.cucu1600.com
5850,Cta South Federal Credit Union,13533,CHICAGO,IL,https://www.cta-south.org
6954,Bradford Area School Employees Federal Credit Union,24857,Bradford,PA,http://www.basecu.org
5080,Tsu Federal Credit Union,6667,Nashville,TN,https://www.tnstate.edu
8657,Arise Community Federal Credit Union,68740,Minneapolis,MN,https://www.ariseccu.org
7685,Fellowship Baptist Church Federal Credit Union,64252,CHICAGO,IL,http://www.fellowshipchicagocu.com
6274,Texas Lee Federal Credit Union,18218,Houston,TX,http://www.texaslee.org
6607,S. T. P. Employees Federal Credit Union,22522,Duncansville,PA,http://www.smalltubeproducts.com
8343,Holy Redeemer Community Of Se Wis. Federal Credit Union,68044,MILWAUKEE,WI,https://www.holyredeemerccu.com
6321,C T A F C Federal Credit Union,18882,CHICAGO,IL,https://www.ctafccreditunion.org/
7020,Young Community Federal Credit Union,24950,LOUISVILLE,KY,https://www.youngcommunitycreditunion.org
7164,St. Gregory Parish Federal Credit Union,60680,Chicago,IL,http://www.stgregorycu.org
6797,North Little Rock Educators Federal Credit Union,24434,North Little Ro,AR,http://www.nlrsd.org/credit-union-information
6214,Musicians Federal Credit Union,17361,ARLINGTON,TX,http://www.musiciansdfw.org
6627,Richland Parish Schools Federal Credit Union,22785,Rayville,LA,http://www.richland.k12.la.us/creditunion
7299,St. Mark Federal Credit Union,61566,Chicago,IL,http://www.st.markcu.org
7850,Cogic Federal Credit Union,65780,LAFAYETTE,LA,https://www.COGICCU.org
7894,St. Helena Parish Federal Credit Union,66296,Chicago,IL,https://www.sthelenacreditunion.com/
7823,St. Jude Federal Credit Union,65484,CHICAGO,IL,http://www.stjudecreditunion.org
8528,Catholics United Federal Credit Union,68547,HUTCHINSON,KS,http://www.catholicsunitedcreditunion.com
7896,Imperial Federal Credit Union,66300,Springfield,IL,http://www.imperialcreditunion.org
7031,Fair Break Federal Credit Union,24961,Memphis,TN,https://www.fairbreak.org
