id,db_name,cert,city,state,website,site_title,verdict,proposed_name,title_confirms_cu
7897,"State Employees' Federal Credit Union",66310,RALEIGH,NC,http://www.ncsecu.org,"Welcome to SECU | State Employees&#39; Credit Union",no_federal_on_site,"State Employees' Credit Union",yes
7464,"Boeing Employees Federal Credit Union",62604,TUKWILA,WA,http://www.becu.org,"BECU | A Not-for-Profit Credit Union",no_federal_on_site,"Boeing Employees Credit Union",yes
4382,"Pentagon Federal Credit Union",227,MCLEAN,VA,http://www.penfed.org,"",fetch_failed,"",no
6671,"Digital Federal Credit Union",23521,Marlborough,MA,https://www.dcu.org,"",fetch_failed,"",no
6883,"America First Federal Credit Union",24694,RIVERDALE,UT,http://www.americafirst.com,"America First Credit Union - Personal and Business Banking and Loan Services",no_federal_on_site,"America First Credit Union",yes
6881,"Mountain America Federal Credit Union",24692,SANDY,UT,http://www.macu.com,"",fetch_failed,"",no
7313,"The Golden 1 Federal Credit Union",61650,SACRAMENTO,CA,http://www.golden1.com,"",fetch_failed,"",no
8583,"Suncoast Federal Credit Union",68645,TAMPA,FL,https://www.suncoast.com,"Just a moment...",no_federal_on_site,"Suncoast Credit Union",no
8322,"Alliant Federal Credit Union",67955,CHICAGO,IL,http://www.alliantcreditunion.org,"Alliant Credit Union Online Banking <!--- $TITLE$ --->",no_federal_on_site,"Alliant Credit Union",yes
8602,"Ent Federal Credit Union",68671,Colorado Spring,CO,http://www.ent.com,"Wings Credit Union: Your Colorado Credit Union Partner in Personal &amp; Business Banking",no_federal_on_site,"Ent Credit Union",yes
7448,"Lake Michigan Federal Credit Union",62514,Grand Rapids,MI,http://www.lmcu.org,"Just a moment...",no_federal_on_site,"Lake Michigan Credit Union",no
6394,"First Technology Federal Credit Union",19976,SAN JOSE,CA,http://www.firsttechfed.com,"",fetch_failed,"",no
7559,"Idaho Central Federal Credit Union",63194,Chubbuck,ID,http://www.iccu.com,"Welcome to ICCU. Life’s Greener Here.",no_federal_on_site,"Idaho Central Credit Union",no
8507,"Vystar Federal Credit Union",68490,Jacksonville,FL,https://www.vystarcu.org,"VyStar Credit Union",no_federal_on_site,"Vystar Credit Union",yes
5005,"Global Federal Credit Union",5913,Anchorage,AK,https://www.globalcu.org,"Your world of financial possibilities | Global Credit Union",no_federal_on_site,"Global Credit Union",yes
7099,"Greenstate Federal Credit Union",60269,North Liberty,IA,https://www.greenstate.org,"Just a moment...",no_federal_on_site,"Greenstate Credit Union",no
6843,"Esl Federal Credit Union",24563,Rochester,NY,https://www.esl.org/,"",fetch_failed,"",no
8355,"Eastman Federal Credit Union",68095,Kingsport,TN,https://www.ecu.org,"Attention Required! | Cloudflare",no_federal_on_site,"Eastman Credit Union",no
8558,"Midflorida Federal Credit Union",68600,Lakeland,FL,http://www.midflorida.com,"Banking  Loans &amp; Mortgages | MIDFLORIDA Credit Union",no_federal_on_site,"Midflorida Credit Union",yes
8638,"Desert Financial Federal Credit Union",68713,Phoenix,AZ,http://www.desertfinancial.com,"Arizona&#x2019;s Best Local Credit Union | Desert Financial",no_federal_on_site,"Desert Financial Credit Union",yes
4613,"Logix Federal Credit Union",1999,Valencia,CA,http://www.logixbanking.com,"Credit Union Loans &amp; Savings Accounts | Logix Smarter Banking",federal_on_site,"",yes
7490,"Onpoint Community Federal Credit Union",62745,Portland,OR,http://www.onpointcu.com,"OnPoint Community Credit Union: Banking  Loans &amp; Credit",no_federal_on_site,"Onpoint Community Credit Union",yes
7667,"Pennsylvania State Employees Federal Credit Union",64131,HARRISBURG,PA,http://www.psecu.com,"Digital-First Banking with a Human Touch | Achieve More with PSECU",no_federal_on_site,"Pennsylvania State Employees Credit Union",no
8545,"Patelco Federal Credit Union",68579,Dublin,CA,http://WWW.PATELCO.ORG,"Patelco Credit Union | Personalized Banking and Financial Services",no_federal_on_site,"Patelco Credit Union",yes
8497,"Star One Federal Credit Union",68465,SUNNYVALE,CA,http://www.starone.org,"Free Checking: Bay Area and Silicon Valley to Central Valley | Star One",no_federal_on_site,"Star One Credit Union",no
6703,"American Airlines Federal Credit Union",23957,Fort Worth,TX,http://www.aacreditunion.org,"Home",no_federal_on_site,"American Airlines Credit Union",no
7220,"San Diego County Federal Credit Union",61004,San Diego,CA,http://www.sdccu.com,"San Diego County Credit Union: It&#x2019;s not big bank banking. It&#x2019;s better.",no_federal_on_site,"San Diego County Credit Union",yes
8559,"Wings Financial Federal Credit Union",68601,Apple Valley,MN,http://www.wingsfinancial.com,"Wings Credit Union | Loans  Mortgages &amp; Savings Accounts",no_federal_on_site,"Wings Financial Credit Union",yes
8109,"Space Coast Federal Credit Union",67297,Melbourne,FL,http://www.sccu.com,"SCCU | Florida | Credit Union | Car and Mortgage Loans | Online Banking | HELOC | Refi | Space Coast Credit Un",no_federal_on_site,"Space Coast Credit Union",yes
7918,"Delta Community Federal Credit Union",66357,Atlanta,GA,https://www.deltacommunitycu.com,"Delta Community         Credit Union - Financial Services",no_federal_on_site,"Delta Community Credit Union",yes
7706,"Veridian Federal Credit Union",64418,Waterloo,IA,http://www.veridiancu.org,"",fetch_failed,"",no
8479,"Bellco Federal Credit Union",68437,GREENWOOD VILLA,CO,http://www.bellco.org,"Credit Union Colorado - Bellco Credit Union",no_federal_on_site,"Bellco Credit Union",yes
5090,"Members 1St Federal Credit Union",6694,Enola,PA,http://www.members1st.org,"",fetch_failed,"",no
8086,"Summit Federal Credit Union",67190,Madison,WI,http://www.summitcreditunion.com,"Attention Required! | Cloudflare",no_federal_on_site,"Summit Credit Union",no
8002,"Landmark Federal Credit Union",66751,Brookfield,WI,https://www.landmarkcu.com,"Banking Services for Wisconsin &amp; Illinois | Landmark Credit Union",no_federal_on_site,"Landmark Credit Union",yes
7032,"Virginia Federal Credit Union",24962,Richmond,VA,http://www.vacu.org,"Homepage | Virginia Credit Union",no_federal_on_site,"Virginia Credit Union",yes
5941,"Mission Federal Credit Union",14384,San Diego,CA,http://www.MissionFed.com,"Homepage | Mission Fed Credit Union",no_federal_on_site,"Mission Credit Union",yes
4624,"Citadel Federal Credit Union",2099,EXTON,PA,http://www.citadelbanking.com,"Citadel Credit Union | Mobile Banking  Credit Cards  Mortgages  Auto Loan",federal_on_site,"",yes
8417,"Gesa Federal Credit Union",68278,RICHLAND,WA,http://www.gesa.com,"Just a moment...",no_federal_on_site,"Gesa Credit Union",no
7981,"Community First Federal Credit Union",66642,Appleton,WI,http://WWW.COMMUNITYFIRSTCU.ORG,"Checking  Savings  Loans &amp; More - Community First Credit Union",no_federal_on_site,"Community First Credit Union",yes
6998,"Service Federal Credit Union",24921,PORTSMOUTH,NH,https://www.servicecu.org,"Welcome to Service Credit Union - Banking Services | Service Credit Union",federal_on_site,"",yes
7949,"University Of Wisconsin Federal Credit Union",66492,Madison,WI,http://www.uwcu.org,"Home | UW Credit Union",no_federal_on_site,"University Of Wisconsin Credit Union",yes
8383,"Baxter Federal Credit Union",68187,Vernon Hills,IL,http://www.bcu.org,"BCU | BCU | Credit Union - Better Banking: Checking  Loans  Credit Cards  Mortgages  Savings",no_federal_on_site,"Baxter Credit Union",yes
7993,"Wescom Central Federal Credit Union",66703,PASADENA,CA,https://www.wescom.org,"Banking  Loans  Credit Cards  Savings &amp; Mobile App | Wescom Financial",no_federal_on_site,"Wescom Central Credit Union",no
4839,"Kinecta Federal Credit Union",4142,Manhattan Beach,CA,http://www.kinecta.org,"Kinecta - Personal Banking | All Products",federal_on_site,"",no
8524,"Genisys Federal Credit Union",68536,AUBURN HILLS,MI,http://www.genisyscu.org,"Michigan & Minnesota Credit Union  Loans  & Insurance - Genisys Credit Union",no_federal_on_site,"Genisys Credit Union",yes
8386,"Spokane Teachers Federal Credit Union",68203,LIBERTY LAKE,WA,http://www.stcu.org,"",fetch_failed,"",no
6281,"Coastal Federal Credit Union",18297,Raleigh,NC,http://www.coastal24.com,"Just a moment...",no_federal_on_site,"Coastal Credit Union",no
8645,"Trustone Financial Federal Credit Union",68722,Plymouth,MN,https://www.trustonefinancial.org,"Home - TruStone Financial CU",no_federal_on_site,"Trustone Financial Credit Union",no
8014,"Royal Federal Credit Union",66834,EAU CLAIRE,WI,http://www.rcu.org,"Royal Credit Union | Wisconsin &amp; Minnesota",no_federal_on_site,"Royal Credit Union",yes
7905,"State Employees Cu Of Maryland",,,,,"SECU Credit Union Home | Maryland’s Leading Credit Union",no_federal_on_site,"State Employees Cu Of Maryland",yes
7060,"Everwise Federal Credit Union",60060,South Bend,IN,http://WWW.everwisecu.com,"Everwise Credit Union | IN  MI Accounts And Loans | Credit Cards",no_federal_on_site,"Everwise Credit Union",yes
8475,"Travis Federal Credit Union",68429,VACAVILLE,CA,http://www.traviscu.org,"Travis Credit Union | Personal Banking Services | Business Banking Accounts",no_federal_on_site,"Travis Credit Union",yes
8241,"Communityamerica Federal Credit Union",67664,Lenexa,KS,http://www.cacu.com,"CommunityAmerica Credit Union: Banking  Loans &amp; Mortgages",federal_on_site,"",yes
7146,"Educational Employees Federal Credit Union",60520,FRESNO,CA,http://WWW.MYEECU.ORG,"Educational Employees Credit Union | Trusted Banking in California",no_federal_on_site,"Educational Employees Credit Union",yes
4972,"American Heritage Federal Credit Union",5621,Philadelphia,PA,http://www.americanheritagecu.org,"Service unavailable",no_federal_on_site,"American Heritage Credit Union",no
8469,"Fairwinds Federal Credit Union",68417,ORLANDO,FL,http://www.fairwinds.org,"Welcome to FAIRWINDS",no_federal_on_site,"Fairwinds Credit Union",no
8354,"Knoxville Tva Employees Federal Credit Union",68085,Knoxville,TN,http://www.tvacreditunion.com,"KTVAECU® Homepage",no_federal_on_site,"Knoxville Tva Employees Credit Union",no
7740,"Canvas Federal Credit Union",64778,LONE TREE,CO,https://www.canvas.org/,"",fetch_failed,"",no
7054,"Washington State Employees Federal Credit Union",60042,OLYMPIA,WA,http://www.wsecu.org,"The Credit Union for Washington: Join Us Today",no_federal_on_site,"Washington State Employees Credit Union",yes
7075,"Municipal Federal Credit Union",60153,NEW YORK,NY,http://www.NYMCU.ORG,"Banking for NYC | Municipal Credit Union",no_federal_on_site,"Municipal Credit Union",yes
7170,"Texas Dow Employees Federal Credit Union",60705,Lake Jackson,TX,http://www.tdecu.org,"TDECU | Your Texas Credit Union With Digital Banking",no_federal_on_site,"Texas Dow Employees Credit Union",yes
6776,"Affinity Plus Federal Credit Union",24362,Saint Paul,MN,http://www.affinityplus.org,"Affinity Plus Federal Credit Union | Serving Minnesota",federal_on_site,"",no
8221,"First Community Federal Credit Union",67619,Chesterfield,MO,http://www.firstcommunity.com,"First Community CU | St. Louis  MO | Chesterfield  MO | St. Charles  MO",no_federal_on_site,"First Community Credit Union",no
4484,"Nusenda Federal Credit Union",948,ALBUQUERQUE,NM,http://www.nusenda.org,"Nusenda Credit Union | Serving New Mexico &amp; West Texas",no_federal_on_site,"Nusenda Credit Union",yes
8586,"Blaze Federal Credit Union",68651,Falcon Heights,MN,https://www.blazecu.com/,"Blaze Credit Union | Let&#x2019;s Blaze Your Trail Together | MN",no_federal_on_site,"Blaze Credit Union",yes
8569,"Rally Federal Credit Union",68615,Corpus Christi,TX,https://www.rallycu.com,"Home | Rally Credit Union",no_federal_on_site,"Rally Credit Union",yes
8315,"Eecu Federal Credit Union",67928,Fort Worth,TX,http://www.eecu.org,"Azure WAF",no_federal_on_site,"Eecu Credit Union",no
5169,"Ascend Federal Credit Union",7397,TULLAHOMA,TN,https://www.ascend.org,"A Not-for-Profit Credit Union | Ascend Federal Credit Union",federal_on_site,"",no
7012,"Gecu Federal Credit Union",24941,El Paso,TX,https://www.gecu-ep.org,"Attention Required! | Cloudflare",no_federal_on_site,"Gecu Credit Union",no
8457,"Technology Federal Credit Union",68383,SAN JOSE,CA,https://www.techcu.com,"Tech CU | Technology Credit Union – Serving Silicon Valley & Beyond",no_federal_on_site,"Technology Credit Union",yes
8551,"Consumers Federal Credit Union",68588,lake Forest,IL,http://www.myconsumers.org,"CCU | Consumers Credit Union  The People In Your Corner&#174;",no_federal_on_site,"Consumers Credit Union",yes
4998,"Sunward Federal Credit Union",5851,Albuquerque,NM,http://www.gosunward.org,"Sunward Credit Union | Lending  Checking  &amp; Online Banking",federal_on_site,"",yes
4700,"Jovia Financial Federal Credit Union",2760,WESTBURY,NY,http://www.jovia.org,"Just a moment...",no_federal_on_site,"Jovia Financial Credit Union",no
7268,"Oneaz Federal Credit Union",61315,Phoenix,AZ,https://www.oneazcu.com,"Arizona Credit Union for Banking  Loans &amp; Accounts | OneAZ Credit Union",no_federal_on_site,"Oneaz Credit Union",yes
8450,"Safe Federal Credit Union",68366,FOLSOM,CA,http://www.safecu.org,"SAFE Credit Union - Checking  Credit Cards  Home Loans  Auto Loans",no_federal_on_site,"Safe Credit Union",yes
6779,"Credit Human Federal Credit Union",24382,San Antonio,TX,https://www.credithuman.com,"Checking  Savings and Loans | Credit Human",federal_on_site,"",no
7379,"Michigan Schools And Government Federal Credit Union",62049,Clinton Townshi,MI,http://www.msgcu.org,"Michigan Schools & Government Credit Union | Banking & Loan",no_federal_on_site,"Michigan Schools And Government Credit Union",yes
8017,"Numerica Federal Credit Union",66841,Spokane Valley,WA,https://www.numericacu.com,"Numerica Credit Union | Numerica Credit Union",no_federal_on_site,"Numerica Credit Union",yes
8138,"Georgia'S Own Federal Credit Union",67390,Atlanta,GA,http://www.georgiasown.org,"Banking on Purpose | Georgia&#039;s Own Credit Union",no_federal_on_site,"Georgia'S Own Credit Union",yes
8591,"Rogue Federal Credit Union",68660,Medford,OR,http://www.roguecu.org,"Member-Owned Credit Union in Oregon  California &amp; Idaho | Rogue Credit Union",no_federal_on_site,"Rogue Credit Union",yes
8414,"Peak Federal Credit Union",68271,OLYMPIA,WA,http://www.peakcu.org,"Peak Credit Union | Built for You. Built for Belonging",no_federal_on_site,"Peak Credit Union",yes
8541,"General Electric Federal Credit Union",68574,Cincinnati,OH,http://www.gecreditunion.org,"Just a moment...",no_federal_on_site,"General Electric Credit Union",no
7458,"Premier Members Federal Credit Union",62574,Broomfield,CO,http://www.pmcu.org,"PMCU is now Meritrust Credit Union",no_federal_on_site,"Premier Members Credit Union",yes
8020,"Covantage Federal Credit Union",66848,Antigo,WI,http://www.covantagecu.org,"CoVantage Credit Union | MI  WI  IL Savings Accounts | Auto Loans",no_federal_on_site,"Covantage Credit Union",yes
7511,"Navigant Federal Credit Union",62882,Smithfield,RI,http://www.navigantcu.org,"",fetch_failed,"",no
7957,"Connexus Federal Credit Union",66538,Wausau,WI,http://www.connexuscu.org,"Home – High Yields  Low Rates  Online Services - Connexus Credit Union",no_federal_on_site,"Connexus Credit Union",yes
6882,"Goldenwest Federal Credit Union",24693,Ogden,UT,http://www.gwcu.org,"Goldenwest Credit Union - Utah Loans  Insurance and Banking Services",no_federal_on_site,"Goldenwest Credit Union",yes
8637,"Valley Strong Federal Credit Union",68712,BAKERSFIELD,CA,http://www.valleystrong.com,"403 Forbidden",no_federal_on_site,"Valley Strong Credit Union",no
7288,"Advia Federal Credit Union",61503,Kalamazoo,MI,http://www.adviacu.org,"Advia Credit Union | Local Banking &amp; Loans in MI  WI &amp; IL",no_federal_on_site,"Advia Credit Union",yes
8460,"Campus Usa Federal Credit Union",68391,Gainesville,FL,http://www.campuscu.com,"CAMPUS USA Credit Union | A Florida credit union",no_federal_on_site,"Campus Usa Credit Union",yes
5476,"Grow Financial Federal Credit Union",9976,Tampa,FL,http://www.growfinancial.org,"Home - Grow Financial",federal_on_site,"",no
7941,"Educators Federal Credit Union",66448,Racine,WI,http://www.ecu.com,"Home | Achieving More Together | Educators CU  Wisconsin",no_federal_on_site,"Educators Credit Union",no
5553,"Utah Community Federal Credit Union",10709,Provo,UT,https://www.uccu.com,"UCCU",no_federal_on_site,"Utah Community Credit Union",no
8629,"Addition Financial Federal Credit Union",68702,Lake Mary,FL,http://www.additionfi.com,"Personal Banking | Addition Financial Credit Union",no_federal_on_site,"Addition Financial Credit Union",yes
6237,"All In Federal Credit Union",17642,DALEVILLE,AL,http://www.allincu.com,"All In Credit Union | Alabama | Florida",no_federal_on_site,"All In Credit Union",yes
7487,"Southern Energy Federal Credit Union",62728,BIRMINGHAM,AL,http://www.southernenergycu.org,"Home - Southern Energy Credit Union",no_federal_on_site,"Southern Energy Credit Union",yes
7656,"Dupaco Community Federal Credit Union",64049,Dubuque,IA,http://www.dupaco.com,"Build a Life Worth Loving  Together | Dupaco",no_federal_on_site,"Dupaco Community Credit Union",no
7911,"Provident Federal Credit Union",66343,REDWOOD CITY,CA,https://www.providentcu.org,"Checking  Savings  Mortgage  and Auto Loan | Provident Credit Union",no_federal_on_site,"Provident Credit Union",yes
7883,"Trumark Financial Federal Credit Union",66158,Fort Washington,PA,http://www.trumarkonline.org,"Trumark Credit Union | Banking  Loans  Investment  &amp; Business Services",no_federal_on_site,"Trumark Financial Credit Union",yes
7859,"Oregon Community Federal Credit Union",65856,EUGENE,OR,http://www.myoccu.org,"OCCU | Oregon Community Credit Union",federal_on_site,"",yes
8537,"Elevations Federal Credit Union",68565,Boulder,CO,https://www.elevationscu.com,"Attention Required! | Cloudflare",no_federal_on_site,"Elevations Credit Union",no
8412,"Indiana Members Federal Credit Union",68259,INDIANAPOLIS,IN,http://www.imcu.org,"Indiana Members Credit Union | Serving Central & Southern IN | Home",no_federal_on_site,"Indiana Members Credit Union",yes
8107,"Coastal1 Federal Credit Union",67278,Pawtucket,RI,https://www.coastal1.org,"Coastal1: Personal &amp; Business Banking in MA &amp; RI",no_federal_on_site,"Coastal1 Credit Union",no
7964,"California Coast Federal Credit Union",66584,San Diego,CA,http://www.calcoastcu.org,"Credit Union in San Diego | California Coast Credit Union",no_federal_on_site,"California Coast Credit Union",yes
7906,"Sound Federal Credit Union",66331,Tacoma,WA,https://www.soundcu.com,"Washington&#039;s Favorite Credit Union | Sound Credit Union",no_federal_on_site,"Sound Credit Union",yes
6232,"Usalliance Federal Credit Union",17587,Rye,NY,http://www.USAlliance.org,"Checking  Credit Cards  Loans  Top CD Rates | USALLIANCE Financial",federal_on_site,"",no
7997,"Fox Communities Federal Credit Union",66731,Appleton,WI,http://www.foxcu.org,"Just a moment...",no_federal_on_site,"Fox Communities Credit Union",no
7926,"Whatcom Educational Federal Credit Union",66373,Bellingham,WA,http://www.wecu.com,"WECU | Not-for-Profit Credit Union | Banking & Loans",no_federal_on_site,"Whatcom Educational Credit Union",yes
8474,"Premier America Federal Credit Union",68428,Chatsworth,CA,http://www.PremierAmerica.com,"Just a moment...",no_federal_on_site,"Premier America Credit Union",no
7920,"Metro Federal Credit Union",66364,Chelsea,MA,http://www.metrocu.org,"403 Forbidden",no_federal_on_site,"Metro Credit Union",no
8531,"Vantage West Federal Credit Union",68558,TUCSON,AZ,http://www.vantagewest.org,"Error 403 Forbidden",no_federal_on_site,"Vantage West Credit Union",no
5816,"Chartway Federal Credit Union",13242,Virginia Beach,VA,https://www.chartway.com,"Banking  Loans  Mortgages  Community | Chartway Credit Union",federal_on_site,"",yes
7840,"Rivermark Community Federal Credit Union",65644,Oregon City,OR,http://www.rivermarkcu.org,"Top Portland Credit Union Serving the NW | Get Great Rates at Rivermark",no_federal_on_site,"Rivermark Community Credit Union",yes
6342,"Eastrise Federal Credit Union",19263,Williston,VT,http://www.eastrise.com,"EastRise Credit Union | Your Financial Journey Begins Here",federal_on_site,"",yes
4374,"Gte Federal Credit Union",196,TAMPA,FL,http://www.gtefinancial.org,"GTE Financial | Going Beyond Money",no_federal_on_site,"Gte Credit Union",no
6720,"Altra Federal Credit Union",24077,ONALASKA,WI,http://www.altra.org,"Just a moment...",no_federal_on_site,"Altra Credit Union",no
8400,"Hapo Community Federal Credit Union",68239,Richland,WA,http://www.hapo.org,"HAPO Community Credit Union - Bank on More",no_federal_on_site,"Hapo Community Credit Union",yes
7931,"Harborstone Federal Credit Union",66399,TACOMA,WA,http://www.Harborstone.com,"Attention Required! | Cloudflare",no_federal_on_site,"Harborstone Credit Union",no
8477,"Americu Federal Credit Union",68433,Rome,NY,http://www.americu.org,"Homepage - AmeriCU Credit Union",no_federal_on_site,"Americu Credit Union",yes
7560,"Selco Community Federal Credit Union",63196,Springfield,OR,http://www.selco.org,"SELCO Community Credit Union | SELCO",no_federal_on_site,"Selco Community Credit Union",yes
8011,"First Community Federal Credit Union",66818,Houston,TX,http://www.FCCU.org,"Home - First Community Credit Union",no_federal_on_site,"First Community Credit Union",yes
7041,"Arrowhead Federal Credit Union",24973,Rancho Cucamong,CA,https://www.arrowheadcu.org,"Arrowhead Credit Union",no_federal_on_site,"Arrowhead Credit Union",yes
7378,"Lake Trust Federal Credit Union",62047,Brighton,MI,http://www.laketrust.org,"Lake Trust Credit Union - Homepage",no_federal_on_site,"Lake Trust Credit Union",yes
7395,"Consumers Federal Credit Union",62172,Oshtemo,MI,http://www.consumerscu.org,"Consumers Credit Union | Serving Michigan and Northern Indiana",no_federal_on_site,"Consumers Credit Union",yes
8027,"Capital Federal Credit Union",66865,Green Bay,WI,http://www.capitalcu.com,"Capital Credit Union | Northeast Wisconsin Credit Union & Loans",no_federal_on_site,"Capital Credit Union",yes
7038,"Commonwealth Federal Credit Union",24970,Frankfort,KY,http://www.ccuky.org,"Commonwealth Credit Union | Credit Union in Kentucky",no_federal_on_site,"Commonwealth Credit Union",yes
7047,"Bayport Federal Credit Union",24979,NEWPORT NEWS,VA,http://www.bayportcu.org,"Home | BayPort Credit Union",no_federal_on_site,"Bayport Credit Union",yes
8651,"Pen Air Federal Credit Union",68734,Pensacola,FL,https://www.penair.org,"PenAir Credit Union - Banking that Fits You! - Pensacola  FL  Mobile  AL  Panama City  FL",federal_on_site,"",yes
8590,"American Eagle Financial Federal Credit Union",68659,EAST HARTFORD,CT,http://www.americaneagle.org,"Just a moment...",no_federal_on_site,"American Eagle Financial Credit Union",no
6830,"America'S First Federal Credit Union",24534,BIRMINGHAM,AL,http://www.amfirst.org,"Homepage - AmFirst",no_federal_on_site,"America'S First Credit Union",no
7142,"Florida Federal Credit Union",60497,GAINESVILLE,FL,http://www.flcu.org,"Florida Banking | Florida Credit Union",federal_on_site,"",yes
8587,"Oregon State Federal Credit Union",68656,Corvallis,OR,http://www.oregonstatecu.com,"Error 403 Forbidden",no_federal_on_site,"Oregon State Credit Union",no
4568,"Corning Federal Credit Union",1644,Corning,NY,http://www.corningcu.org,"Corning Credit Union",no_federal_on_site,"Corning Credit Union",yes
7483,"Together Federal Credit Union",62715,Saint Louis,MO,http://www.togethercu.org,"Home | Together Credit Union",no_federal_on_site,"Together Credit Union",yes
5124,"Abound Federal Credit Union",7000,Radcliff,KY,http://www.Aboundcu.com,"Abound Credit Union | Kentucky Accounts &amp; Loans | Online Banking",no_federal_on_site,"Abound Credit Union",yes
7844,"Connecticut State Employees Federal Credit Union",65728,HARTFORD,CT,https://www.CSECREDITUNION.COM,"CSE Credit Union - Home",no_federal_on_site,"Connecticut State Employees Credit Union",yes
6974,"Ttcu Federal Credit Union",24887,Tulsa,OK,http://www.ttcu.com,"TTCU Federal Credit Union | Serving Tulsa to Oklahoma City",federal_on_site,"",no
8562,"Magnifi Financial Federal Credit Union",68604,MELROSE,MN,http://www.mymagnifi.org,"Magnifi Financial | Your World in Focus.",no_federal_on_site,"Magnifi Financial Credit Union",no
7037,"Altura Federal Credit Union",24969,Riverside,CA,https://www.alturacu.com,"Altura Credit Union - Enriching Lives &amp; Empowering Dreams",no_federal_on_site,"Altura Credit Union",yes
5987,"Jsc Federal Credit Union",14762,Houston,TX,http://www.wellbyfinancial.com,"Wellby Financial | Banking  Loans  Mortgages &amp; Credit Cards",no_federal_on_site,"Jsc Credit Union",no
7072,"Dow Federal Credit Union",60137,Midland,MI,http://www.dowcreditunion.org,"Home | Dow Credit Union",no_federal_on_site,"Dow Credit Union",yes
7196,"Texans Federal Credit Union",60806,RICHARDSON,TX,http://WWW.TEXANSCU.ORG,"Home",no_federal_on_site,"Texans Credit Union",no
8382,"Columbia Community Federal Credit Union",68186,VANCOUVER,WA,http://www.columbiacu.org,"Vercel Security Checkpoint",no_federal_on_site,"Columbia Community Credit Union",no
6800,"Allegacy Federal Credit Union",24438,Winston Salem,NC,http://www.allegacy.org,"Home | Allegacy Financial",no_federal_on_site,"Allegacy Credit Union",no
8543,"Kitsap Federal Credit Union",68576,BREMERTON,WA,https://www.kitsapcu.org,"Together it&#x2019;s Possible.&#xAE; | Kitsap Credit Union&#xAE;",no_federal_on_site,"Kitsap Credit Union",yes
8137,"Atlanta Postal Federal Credit Union",67389,Atlanta,GA,http://www.apcu.com,"Attention Required! | Cloudflare",no_federal_on_site,"Atlanta Postal Credit Union",no
6999,"Workers Federal Credit Union",24923,Littleton,MA,http://www.wcu.com,"Home  | Workers Credit Union | MA",federal_on_site,"",yes
8565,"Georgia United Federal Credit Union",68607,DULUTH,GA,http://www.gucu.org,"Georgia United Credit Union  | Georgia United Credit Union",no_federal_on_site,"Georgia United Credit Union",yes
6604,"Elements Financial Federal Credit Union",22468,INDIANAPOLIS,IN,http://www.elements.org,"Personal Banking | Checking  Savings &amp; Loans 		| Elements Financial",federal_on_site,"",no
6968,"Firefighters First Federal Credit Union",24877,Los Angeles,CA,http://www.firefightersfirstcu.org,"",fetch_failed,"",no
7340,"Elga Federal Credit Union",61797,Grand Blanc,MI,http://www.elgacu.com,"Home | ELGA Credit Union",no_federal_on_site,"Elga Credit Union",yes
8634,"Dort Financial Federal Credit Union",68708,GRAND BLANC,MI,https://www.DORTONLINE.ORG,"Dort Financial Credit Union",federal_on_site,"",yes
7304,"Kemba Financial Federal Credit Union",61623,Gahanna,OH,http://www.kemba.org,"KEMBA Financial Credit Union | Central OH Loan Rates | Mortgages",no_federal_on_site,"Kemba Financial Credit Union",yes
8622,"Brightbridge Federal Credit Union",68693,LAWRENCE,MA,http://www.brightbridge.com,"BrightBridge Credit Union Home Page - BrightBridge Credit Union",no_federal_on_site,"Brightbridge Credit Union",yes
4648,"Advancial Federal Credit Union",2285,Dallas,TX,http://www.Advancial.org,"Better Banking with Advancial | Advancial Federal Credit Union",federal_on_site,"",no
8546,"Lge Community Federal Credit Union",68581,Marietta,GA,http://www.LGEccu.org,"Home Page - LGE Community Credit Union",federal_on_site,"",yes
8422,"Centra Federal Credit Union",68287,COLUMBUS,IN,http://www.centra.org,"Centra Credit Union - Banking Services Centered Around You",no_federal_on_site,"Centra Credit Union",yes
8594,"Ithink Financial Federal Credit Union",68663,Boca Raton,FL,http://www.ithinkfi.org,"Personal Banking | Accounts  Loans  Services | FL  GA Credit Union| iTHINK Financial",no_federal_on_site,"Ithink Financial Credit Union",yes
8542,"Max Federal Credit Union",68575,Montgomery,AL,http://www.mymax.com,"MAX Credit Union | Central & East AL Accounts | Loans | Insurance",no_federal_on_site,"Max Credit Union",yes
4764,"Communication Federal Credit Union",3454,OKLAHOMA CITY,OK,http://www.comfedcu.org,"Communication Federal Credit Union - Oklahoma &amp; Kansas",federal_on_site,"",no
8405,"Forum Federal Credit Union",68248,INDIANAPOLIS,IN,http://www.forumcu.com,"",fetch_failed,"",no
7111,"I. H. Mississippi Valley Federal Credit Union",60337,Moline,IL,http://www.ihmvcu.org,"IH Mississippi Valley Credit Union / Move Up With Us",no_federal_on_site,"I. H. Mississippi Valley Credit Union",yes
7420,"Coast Central Federal Credit Union",62367,Eureka,CA,http://www.coastccu.org,"Coast Central Credit Union: Humboldt  Del Norte  and Trinity Counties  CA",no_federal_on_site,"Coast Central Credit Union",yes
8556,"Empeople Federal Credit Union",68598,Moline,IL,http://www.empeople.com,"Empeople Credit Union",no_federal_on_site,"Empeople Credit Union",yes
8493,"Financial Partners Federal Credit Union",68457,DOWNEY,CA,http://www.fpcu.org,"Just a moment...",no_federal_on_site,"Financial Partners Credit Union",no
7133,"Iq Federal Credit Union",60438,VANCOUVER,WA,http://www.iQcu.com,"iQ Credit Union | Banking  Loans &amp; Financial Services in WA &amp; OR",no_federal_on_site,"Iq Credit Union",yes
8000,"Westconsin Federal Credit Union",66742,Menomonie,WI,http://www.westconsincu.org,"",fetch_failed,"",no
8130,"Jeanne D'Arc Federal Credit Union",67352,LOWELL,MA,http://www.jdcu.org,"Home - Jeanne D&#039;Arc Credit Union",no_federal_on_site,"Jeanne D'Arc Credit Union",yes
8461,"Meriwest Federal Credit Union",68394,SAN JOSE,CA,http://www.meriwest.com,"403 Forbidden",no_federal_on_site,"Meriwest Credit Union",no
7889,"Self-Help Federal Credit Union",66258,DURHAM,NC,http://www.self-help.org,"Just a moment...",no_federal_on_site,"Self-Help Credit Union",no
6347,"Purdue Federal Credit Union",19307,WEST LAFAYETTE,IN,https://www.purduefed.com,"Just a moment...",no_federal_on_site,"Purdue Credit Union",no
6891,"Canyon View Federal Credit Union",24710,Salt Lake City,UT,https://www.canyonviewcu.com/,"Canyon View Credit Union - Serving Utah - Personal &amp; Business Banking - Loans &amp; More",no_federal_on_site,"Canyon View Credit Union",yes
8453,"First Entertainment Federal Credit Union",68373,Hollywood,CA,http://www.firstent.org,"First Entertainment Credit Union | Banking for Creators",no_federal_on_site,"First Entertainment Credit Union",yes
7034,"Lighthouse Federal Credit Union",24964,Dover,NH,https://www.lighthousecu.org,"Lighthouse Credit Union | New England&rsquo;s Trusted Credit Union",no_federal_on_site,"Lighthouse Credit Union",yes
7751,"Community Choice Federal Credit Union",64880,Farmington Hill,MI,http://www.communitychoicecu.com,"Community Choice Credit Union | Keeping Banking Easy",no_federal_on_site,"Community Choice Credit Union",yes
7438,"Dupont Community Federal Credit Union",62474,Waynesboro,VA,http://www.mydccu.com,"DuPont Community Credit Union",no_federal_on_site,"Dupont Community Credit Union",yes
6879,"Cyprus Federal Credit Union",24688,WEST JORDAN,UT,http://www.cypruscu.com,"Cyprus Credit Union - Utah&#39;s Mortgage Loan Experts | Cyprus Credit Union",no_federal_on_site,"Cyprus Credit Union",yes
8478,"Texas Trust Federal Credit Union",68434,Mansfield,TX,https://www.texastrustcu.org,"Attention Required! | Cloudflare",no_federal_on_site,"Texas Trust Credit Union",no
6254,"Suffolk Federal Credit Union",17914,Medford,NY,http://www.suffolkcu.org,"Just a moment...",no_federal_on_site,"Suffolk Credit Union",no
7198,"Alabama Federal Credit Union",60823,TUSCALOOSA,AL,https://www.alabamacu.com,"Alabama Credit Union | Banking  Loans &amp; Online Banking",no_federal_on_site,"Alabama Credit Union",yes
8544,"Indiana University Federal Credit Union",68577,BLOOMINGTON,IN,http://www.iucu.org,"403 - Forbidden: Access is denied.",no_federal_on_site,"Indiana University Credit Union",no
7851,"Westerra Federal Credit Union",65788,Denver,CO,http://www.westerracu.com,"",fetch_failed,"",no
5151,"Self Reliance Ny Federal Credit Union",7217,New York,NY,http://www.selfrelianceny.org,"Self Reliance Financial Federal Credit Union | SRFFCU",federal_on_site,"",no
7228,"Seven Seventeen Federal Credit Union",61077,WARREN,OH,http://www.717cu.com,"7 17 Credit Union | Northeastern OH Credit Union | Accounts",no_federal_on_site,"Seven Seventeen Credit Union",yes
8104,"Horizon Federal Credit Union",67264,Spokane Valley,WA,http://www.hzcu.org,"Horizon Credit Union",no_federal_on_site,"Horizon Credit Union",yes
5478,"Safe Federal Credit Union",9988,Sumter,SC,https://www.safefed.org,"SAFE Federal Credit Union",federal_on_site,"",no
7489,"Monterra Federal Credit Union",62736,Redwood City,CA,http://www.monterra.org,"Just a moment...",no_federal_on_site,"Monterra Credit Union",no
5559,"Tyndall Federal Credit Union",10754,Panama City,FL,http://www.tyndall.org,"Tyndall Federal Credit Union | Florida | Alabama",federal_on_site,"",no
5698,"Bay Federal Credit Union",12067,CAPITOLA,CA,http://www.bayfed.com,"Home - Bay Federal Credit Union",federal_on_site,"",no
7534,"Honor Federal Credit Union",63004,BERRIEN SPRINGS,MI,http://WWW.HONORCU.COM,"",fetch_failed,"",no
7924,"Scott Federal Credit Union",66370,Edwardsville,IL,https://www.scu.org,"Scott Credit Union | Banking",no_federal_on_site,"Scott Credit Union",yes
4636,"Fibre Federal Credit Union",2191,LONGVIEW,WA,http://www.fibrecu.com,"Fibre Federal Credit Union and TLC",federal_on_site,"",no
7671,"Marion And Polk Schools Federal Credit Union",64166,Salem,OR,http://www.mapscu.com,"Maps Credit Union in the Mid-Willamette Valley of Oregon",no_federal_on_site,"Marion And Polk Schools Credit Union",yes
8522,"First Community Federal Credit Union",68530,COQUILLE,OR,http://www.myfirstccu.org,"First Community Credit Union",no_federal_on_site,"First Community Credit Union",yes
7592,"Unitus Community Federal Credit Union",63440,Tigard,OR,http://www.unitusccu.com,"Unitus Community Credit Union - You. Us. Unitus",no_federal_on_site,"Unitus Community Credit Union",yes
4371,"Educational Federal Credit Union",176,MIAMI,FL,http://www.edfed.org,"The Educational Federal Credit Union",federal_on_site,"",no
7343,"Kemba Federal Credit Union",61810,West Chester,OH,http://www.kemba.com,"Kemba Credit Union | Personal & Business Finance",no_federal_on_site,"Kemba Credit Union",yes
8190,"Datcu Federal Credit Union",67535,DENTON,TX,http://WWW.DATCU.ORG,"DATCU | North TX Credit Union| Loans | Checking &amp; Savings Account",no_federal_on_site,"Datcu Credit Union",yes
7027,"Coasthills Federal Credit Union",24957,Santa Maria,CA,https://www.coasthills.coop,"Just a moment...",no_federal_on_site,"Coasthills Credit Union",no
8510,"Frontwave Federal Credit Union",68494,Oceanside,CA,http://www.frontwavecu.com,"Just a moment...",no_federal_on_site,"Frontwave Credit Union",no
7628,"St. Mary'S Bank Federal Credit Union",63829,Manchester,NH,http://www.stmarysbank.com,"New Hampshire Credit Union | St. Mary&#39;s Bank",no_federal_on_site,"St. Mary'S Bank Credit Union",yes
7630,"Truwest Federal Credit Union",63832,Scottsdale,AZ,http://www.truwest.org,"TruWest Credit Union | Reach Your Financial Goals",no_federal_on_site,"Truwest Credit Union",yes
4550,"Merck Employees Federal Credit Union",1454,RAHWAY,NJ,http://WWW.MERCKCU.COM,"403 Forbidden",no_federal_on_site,"Merck Employees Credit Union",no
6842,"Greylock Federal Credit Union",24560,Pittsfield,MA,https://www.greylock.org,"Greylock Federal Credit Union | Pittsfield  MA | Hudson  NY | Federal Credit Union",federal_on_site,"",no
7803,"Keypoint Federal Credit Union",65299,San Jose,CA,https://www.kpcu.com,"KeyPoint Credit Union | CA Bay Area Checking Accounts |  Loans",no_federal_on_site,"Keypoint Credit Union",yes
4759,"Charter Oak Federal Credit Union",3413,WATERFORD,CT,http://www.charteroak.org,"Welcome to Charter Oak Federal Credit Union",federal_on_site,"",no
8397,"Greater Nevada Federal Credit Union",68228,CARSON CITY,NV,http://www.gncu.org,"Greater Nevada Credit Union",no_federal_on_site,"Greater Nevada Credit Union",yes
8406,"United Heritage Federal Credit Union",68251,Austin,TX,http://www.uhcu.org,"United Heritage Credit Union Banking | United Heritage Credit Union",no_federal_on_site,"United Heritage Credit Union",yes
6930,"Skyla Federal Credit Union",24808,Charlotte,NC,http://www.skylacu.com,"Skyla Credit Union | See What Your Money Can Do",no_federal_on_site,"Skyla Credit Union",yes
8584,"Financial Plus Federal Credit Union",68646,Flint,MI,https://www.myfpcu.com,"Home | Financial Plus Credit Union",no_federal_on_site,"Financial Plus Credit Union",yes
7445,"University Of Va Community Cu Federal Credit Union",62504,Charlottesville,VA,http://www.uvacreditunion.org,"Just a moment...",no_federal_on_site,"University Of Va Community Cu Credit Union",no
8444,"Westmark Federal Credit Union",68353,Idaho Falls,ID,http://www.westmark.org,"Westmark Credit Union | Banking  Loans  Savings  Community",no_federal_on_site,"Westmark Credit Union",yes
4911,"Red River Employees Federal Credit Union",5029,Texarkana,TX,http://www.rrcu.com,"403 Forbidden",no_federal_on_site,"Red River Employees Credit Union",no
7291,"Vibe Federal Credit Union",61522,Novi,MI,http://www.vibecu.com,"",fetch_failed,"",no
7327,"Frankenmuth Federal Credit Union",61755,Frankenmuth,MI,https://www.frankenmuthcu.org,"Home - Frankenmuth Credit Union",federal_on_site,"",yes
7528,"Collins Community Federal Credit Union",62969,Cedar Rapids,IA,http://www.collinscu.org,"CCCU | Collins Community Credit Union.",no_federal_on_site,"Collins Community Credit Union",yes
4595,"Aloha Pacific Federal Credit Union",1845,Honolulu,HI,https://www.alohapacific.com,"403 Forbidden",no_federal_on_site,"Aloha Pacific Credit Union",no
7067,"First Community Federal Credit Union",60103,Jamestown,ND,https://www.myfccu.com,"First Community Credit Union | Personal & Business Finance",no_federal_on_site,"First Community Credit Union",yes
6907,"Mayo Employees Federal Credit Union",24748,ROCHESTER,MN,https://www.mayocreditunion.org,"Home - Mayo Employees Federal Credit Union",federal_on_site,"",no
8568,"One Nevada Federal Credit Union",68613,LAS VEGAS,NV,https://www.onenevada.org,"Attention Required! | Cloudflare",no_federal_on_site,"One Nevada Credit Union",no
8553,"Alabama One Federal Credit Union",68595,TUSCALOOSA,AL,http://www.alabamaone.org,"Home | Alabama ONE",no_federal_on_site,"Alabama One Credit Union",no
7756,"Utilities Employees Federal Credit Union",64896,READING,PA,http://www.uecu.org,"UECU – Your Trusted Financial Partner for Life.",no_federal_on_site,"Utilities Employees Credit Union",no
5886,"Allsouth Federal Credit Union",13828,Columbia,SC,https://www.allsouth.org,"Home | AllSouth Federal Credit Union",federal_on_site,"",no
8436,"Beginnings Federal Credit Union",68322,Ithaca,NY,https://www.beginnings.com,"Beginnings Credit Union - Savings &amp; Loans | New York",no_federal_on_site,"Beginnings Credit Union",yes
7147,"Michigan First Federal Credit Union",60522,Lathrup Village,MI,http://www.michiganfirst.com,"Just a moment...",no_federal_on_site,"Michigan First Credit Union",no
6841,"Webster First Federal Credit Union",24557,Worcester,MA,https://www.websterfirst.com,"Webster First Federal Credit Union - Banking You Can Trust",federal_on_site,"",no
8346,"Sierra Central Federal Credit Union",68053,Yuba City,CA,http://www.sierracentral.com,"Sierra Central Credit Union | California",no_federal_on_site,"Sierra Central Credit Union",yes
6982,"Weokie Federal Credit Union",24899,Oklahoma City,OK,http://www.weokie.org,"Oklahoma Credit Union | Banking &amp; Loans | WEOKIE",federal_on_site,"",yes
6839,"Noble Federal Credit Union",24552,Fresno,CA,http://www.noblecu.com,"Attention Required! | Cloudflare",no_federal_on_site,"Noble Credit Union",no
7100,"Freedom Federal Credit Union",60275,WARMINSTER,PA,http://www.freedomcu.org,"See Where Freedom Can Take You | Freedom Credit Union",no_federal_on_site,"Freedom Credit Union",yes
4457,"U.S. Eagle Federal Credit Union",808,Albuquerque,NM,https://www.useagle.org,"U.S. Eagle Federal Credit Union | Your Trusted New Mexico Credit Union",federal_on_site,"",no
5769,"First Commonwealth Federal Credit Union",12765,Lehigh Valley,PA,http://www.firstcomcu.org,"First Commonwealth Federal Credit Union",federal_on_site,"",no
4554,"Palmetto Citizens Federal Credit Union",1472,Columbia,SC,http://www.palmettocitizens.org,"Palmetto Citizens Federal Credit Union",federal_on_site,"",no
8577,"Community Financial Federal Credit Union",68631,PLYMOUTH,MI,http://www.orsacu.org,"orsa credit union | Michigan&#x27;s Premier Banking Partner",no_federal_on_site,"Community Financial Credit Union",yes
8563,"First Service Federal Credit Union",68605,Houston,TX,https://www.fscu.com,"Attention Required! | Cloudflare",no_federal_on_site,"First Service Credit Union",no
7736,"Del Norte Federal Credit Union",64759,Los Alamos,NM,http://www.dncu.com,"A New Mexico Credit Union offering services for people  not profit.",no_federal_on_site,"Del Norte Credit Union",yes
8494,"Ventura County Federal Credit Union",68458,Ventura,CA,https://www.onlinebanking.vccuonline.net,"",fetch_failed,"",no
7539,"Listerhill Federal Credit Union",63057,SHEFFIELD,AL,http://www.listerhill.com,"Banking  Loans  Credit Cards  Investing | Listerhill Credit Union",no_federal_on_site,"Listerhill Credit Union",yes
6939,"S. C. State Federal Credit Union",24824,Columbia,SC,https://www.scscu.com,"South Carolina State Credit Union | Full-Service Banking &amp; Loans",federal_on_site,"",yes
7245,"First Florida Federal Credit Union",61170,Jacksonville,FL,https://www.firstflorida.org,"First Florida Credit Union | Enriching People Every Day",no_federal_on_site,"First Florida Credit Union",yes
7006,"Park Federal Credit Union",24931,Louisville,KY,http://www.parkcommunity.com,"Homepage - Park Community Credit Union",no_federal_on_site,"Park Credit Union",yes
7296,"University Of Michigan Federal Credit Union",61552,Ann Arbor,MI,http://www.umcu.org,"Michigan Credit Union | Community Credit Union in Michigan | UMCU",no_federal_on_site,"University Of Michigan Credit Union",yes
8272,"East Texas Professional Federal Credit Union",67761,Longview,TX,http://www.etpcu.org,"Home | East Texas Professional Credit Union",no_federal_on_site,"East Texas Professional Credit Union",yes
7092,"Great Lakes Federal Credit Union",60238,BANNOCKBURN,IL,http://www.glcu.org,"Home | Great Lakes Credit Union",no_federal_on_site,"Great Lakes Credit Union",yes
8491,"Sikorsky Financial Federal Credit Union",68453,Stratford,CT,http://WWW.SIKORSKYCU.org,"Just a moment...",no_federal_on_site,"Sikorsky Financial Credit Union",no
7025,"Multipli Federal Credit Union",24955,Jefferson City,MO,http://www.rrcu.org,"Home - Multipli Credit Union",no_federal_on_site,"Multipli Credit Union",yes
8547,"Avadian Federal Credit Union",68583,Birmingham,AL,http://www.avadiancu.com,"Avadian Credit Union | Online Banking & 18 Alabama Locations",no_federal_on_site,"Avadian Credit Union",yes
5297,"First Financial Of Maryland Federal Credit Union",8554,Sparks,MD,http://www.firstfinancial.org,"",fetch_failed,"",no
5617,"Sandia Area Federal Credit Union",11316,Albuquerque,NM,http://www.sandia.org,"Sandia Area Federal Credit Union",federal_on_site,"",no
8292,"Sharon & Crescent United Federal Credit Union",67836,SHARON,MA,http://www.scucu.com,"Personal & Business Banking | Savings & Loans | SCU Credit Union",no_federal_on_site,"Sharon & Crescent United Credit Union",yes
4495,"Capital Educators Federal Credit Union",1040,MERIDIAN,ID,http://www.capedcu.com,"CapEd Credit Union | More Than Banking | CapEd",federal_on_site,"",yes
7216,"Directions Federal Credit Union",60978,Toledo,OH,http://www.directionscu.org,"Home - Directions Credit Union",no_federal_on_site,"Directions Credit Union",yes
6602,"Sharonview Federal Credit Union",22458,Fort Mill,SC,http://www.sharonview.org,"Sharonview Federal Credit Union | SC NC Banking | Loans | Rates",federal_on_site,"",no
8466,"Pacific Service Federal Credit Union",68413,Concord,CA,http://www.pacificservice.org,"Pacific Service Credit Union | Northern CA Auto & Home Loans",no_federal_on_site,"Pacific Service Credit Union",yes
8215,"St. Anne'S Federal Credit Union",67605,Fall River,MA,http://www.stannes.com,"St. Anne&#39;s Credit Union",no_federal_on_site,"St. Anne'S Credit Union",yes
7504,"Telhio Federal Credit Union",62848,Columbus,OH,http://www.telhio.org,"",fetch_failed,"",no
6994,"Cobalt Federal Credit Union",24917,Papillion,NE,http://www.cobaltcu.com,"Cobalt Credit Union | Serving the Omaha Metro Area",no_federal_on_site,"Cobalt Credit Union",yes
8623,"Gulf Winds Federal Credit Union",68694,PENSACOLA,FL,https://www.gogulfwinds.com,"Gulf Winds Credit Union",no_federal_on_site,"Gulf Winds Credit Union",yes
8505,"American First Federal Credit Union",68485,BREA,CA,https://www.amerfirst.org,"Home Page | American First Credit Union",no_federal_on_site,"American First Credit Union",yes
7827,"State Employees Federal Credit Union",65513,Santa Fe,NM,http://www.secunm.org,"State Employees Credit Union | New Mexico",no_federal_on_site,"State Employees Credit Union",yes
4737,"Truity Federal Credit Union",3130,Bartlesville,OK,http://www.truitycu.org,"Home - Truity Credit Union",no_federal_on_site,"Truity Credit Union",yes
8499,"Fort Worth Community Federal Credit Union",68471,Bedford,TX,http://www.ftwccu.org,"403 Forbidden",no_federal_on_site,"Fort Worth Community Credit Union",no
8467,"Southland Federal Credit Union",68415,LOS ALAMITOS,CA,http://www.southlandcu.org,"Just a moment...",no_federal_on_site,"Southland Credit Union",no
7447,"Firstmark Federal Credit Union",62509,San Antonio,TX,http://www.firstmarkcu.org,"Best Texas Credit Union | Firstmark Credit Union",no_federal_on_site,"Firstmark Credit Union",yes
8611,"Amplify Federal Credit Union",68681,Austin,TX,https://www.goamplify.com,"Amplify Credit Union | Fee-Free Banking &amp; Award-Winning Lending",no_federal_on_site,"Amplify Credit Union",yes
5977,"Onpath Federal Credit Union",14692,Metairie,LA,https://www.beonpath.org/,"OnPath FCU of Greater New Orleans | Financial Services &amp; Banking | OnPath Federal Credit Union",federal_on_site,"",no
8652,"Rave Financial Federal Credit Union",68735,Beaumont,TX,https://www.bankwithrave.com,"Homepage - Rave Financial",no_federal_on_site,"Rave Financial Credit Union",no
8431,"Five Star Federal Credit Union",68302,Dothan,AL,https://www.fivestarcu.com,"Five Star Credit Union | AL GA Accounts & Loans | Online Banking",no_federal_on_site,"Five Star Credit Union",yes
7645,"1St United Federal Credit Union",63958,Pleasanton,CA,http://www.1stUnitedcu.org,"1st United Credit Union | Your Local Credit Union",no_federal_on_site,"1St United Credit Union",yes
8658,"Sesloc Federal Credit Union",68741,SAN LUIS OBISPO,CA,https://www.sesloc.org,"Welcome - SESLOC Credit Union",no_federal_on_site,"Sesloc Credit Union",yes
7711,"Dutrac Community Federal Credit Union",64471,DUBUQUE,IA,http://WWW.DUTRAC.ORG,"DuTrac Community Credit Union | Serving Iowa  Illinois &amp; Wisconsin",no_federal_on_site,"Dutrac Community Credit Union",yes
8430,"First Commerce Federal Credit Union",68301,Tallahassee,FL,http://www.firstcommercecu.org,"First Commerce Credit Union | North Florida &amp; South Georgia CU",no_federal_on_site,"First Commerce Credit Union",yes
5597,"Freedom First Federal Credit Union",11111,Roanoke,VA,http://www.freedomfirst.com,"Home | Freedom First",no_federal_on_site,"Freedom First Credit Union",no
8402,"Diamond Federal Credit Union",68241,Pottstown,PA,http://www.diamondcu.org,"",fetch_failed,"",no
8454,"Guardian Federal Credit Union",68374,Prattville,AL,https://www.myguardiancu.com,"Guardian Credit Union of Alabama",federal_on_site,"",yes
8385,"Red Canoe Federal Credit Union",68196,LONGVIEW,WA,http://www.redcanoecu.com,"Red Canoe Credit Union | Everyday Banking in WA and OR",no_federal_on_site,"Red Canoe Credit Union",yes
8635,"Sunmark Federal Credit Union",68710,Albany,NY,http://www.sunmark.org,"Sunmark Credit Union | Personal Financial Services",no_federal_on_site,"Sunmark Credit Union",yes
7091,"Members Cooperative Federal Credit Union",60216,DULUTH,MN,http://www.membersccu.com,"Members Cooperative Credit Union | MN Credit Union",no_federal_on_site,"Members Cooperative Credit Union",yes
7058,"Wildfire Federal Credit Union",60057,Saginaw,MI,http://www.wildfirecu.org,"Home | Wildfire Credit Union",no_federal_on_site,"Wildfire Credit Union",yes
7674,"University Federal Credit Union",64171,Los Angeles,CA,https://www.ucu.org,"University Credit Union | Credit Union in California | UCU",no_federal_on_site,"University Credit Union",yes
8603,"Crane Federal Credit Union",68672,ODON,IN,http://www.cranecu.org,"Home - Crane Credit Union",no_federal_on_site,"Crane Credit Union",yes
7096,"City & County Federal Credit Union",60255,SAINT PAUL,MN,https://www.cccu.com,"City &amp; County Credit Union | Transform Your Dreams into BOLD Realities",no_federal_on_site,"City & County Credit Union",yes
8575,"Family Savings Federal Credit Union",68628,Rainbow City,AL,http://www.familysavingscu.com,"Home › Family Savings Credit Union",no_federal_on_site,"Family Savings Credit Union",yes
7233,"Vibrant Federal Credit Union",61093,Moline,IL,http://www.vibrantcreditunion.org,"",fetch_failed,"",no
4430,"Utah First Federal Credit Union",528,SALT LAKE CITY,UT,http://www.utahfirst.com,"Utah First Credit Union - Utah Personal and Business Banking",federal_on_site,"",yes
7913,"Salal Federal Credit Union",66349,Seattle,WA,http://www.salalcu.org,"Salal Credit Union",no_federal_on_site,"Salal Credit Union",yes
5614,"Clearwater Federal Credit Union",11300,Missoula,MT,http://www.clearwatercreditunion.org,"Clearwater Credit Union - Values-Based Banking",no_federal_on_site,"Clearwater Credit Union",yes
8649,"Topline Financial Federal Credit Union",68731,Maple Grove,MN,http://www.toplinecu.com,"Credit Union in Minnesota | TopLine Financial Credit Union",no_federal_on_site,"Topline Financial Credit Union",yes
8287,"Vantage Federal Credit Union",67804,Saint Charles,MO,http://www.vcu.com,"",fetch_failed,"",no
8433,"Seattle Metropolitan Federal Credit Union",68315,Seattle,WA,https://www.seattlecu.com,"Home - Seattle Credit Union",no_federal_on_site,"Seattle Metropolitan Credit Union",yes
5164,"Selfreliance Federal Credit Union",7346,Chicago,IL,http://www.selfreliance.com,"Selfreliance Federal Credit Union",federal_on_site,"",no
8245,"Neighborhood Federal Credit Union",67681,Dallas,TX,http://www.myncu.com,"Online Checking  Savings  & Loans | Neighborhood Credit Union  Texas",no_federal_on_site,"Neighborhood Credit Union",yes
6770,"North Country Federal Credit Union",24312,BURLINGTON,VT,http://www.northcountry.org,"NorthCountry Federal Credit Union | VT Accounts &amp; Mortgage Loans",federal_on_site,"",no
8404,"First Financial Federal Credit Union",68244,Albuquerque,NM,http://www.ffnm.org,"First Financial Credit Union | Personal & Business Finance",no_federal_on_site,"First Financial Credit Union",yes
7195,"Blupeak Federal Credit Union",60801,San Diego,CA,http://www.blupeak.com,"BluPeak Credit Union | Financial Solutions in California",no_federal_on_site,"Blupeak Credit Union",yes
8582,"Fivepoint Federal Credit Union",68643,Nederland,TX,http://www.5pointcu.org,"5Point Credit Union | Home",no_federal_on_site,"Fivepoint Credit Union",yes
7300,"Safe 1 Federal Credit Union",61598,BAKERSFIELD,CA,http://www.safe1.org,"Attention Required! | Cloudflare",no_federal_on_site,"Safe 1 Credit Union",no
4691,"First Source Federal Credit Union",2658,New Hartford,NY,http://www.fsource.org,"",fetch_failed,"",no
7626,"Christian Financial Federal Credit Union",63805,Sterling Height,MI,https://www.christianfinancialcu.org,"Christian Financial Credit Union | Personal &amp; Business Banking",no_federal_on_site,"Christian Financial Credit Union",yes
7209,"Michigan Educational Federal Credit Union",60931,Plymouth,MI,http://www.michedcu.org,"Michigan Educational CU",no_federal_on_site,"Michigan Educational Credit Union",no
5710,"Kirtland Federal Credit Union",12199,ALBUQUERQUE,NM,http://www.kirtlandcu.org,"Home - Kirtland Credit Union",federal_on_site,"",yes
4574,"Hawaiian Financial Federal Credit Union",1717,Honolulu,HI,http://www.hificu.com,"Hawaiian Financial Federal Credit Union",federal_on_site,"",no
8003,"Marine Federal Credit Union",66752,La Crosse,WI,http://www.marinecu.com,"Marine Credit Union | Chart Your Course",no_federal_on_site,"Marine Credit Union",yes
8516,"Community 1St Federal Credit Union",68510,Ottumwa,IA,http://www.c1stcu.com,"Community 1st Credit Union | Together is Better",no_federal_on_site,"Community 1St Credit Union",yes
8646,"Radiant Federal Credit Union",68723,Gainesville,FL,https://www.radiantcu.org,"Radiant Credit Union | The Power to Shine",no_federal_on_site,"Radiant Credit Union",yes
4546,"Raiz Federal Credit Union",1409,EL PASO,TX,http://www.raiz.us,"Credit Union El Paso | Raiz",federal_on_site,"",yes
8069,"Utah Power Federal Credit Union",67132,Murray,UT,http://www.utahpowercu.org,"Web Application Firewall",no_federal_on_site,"Utah Power Credit Union",no
7530,"Ideal Federal Credit Union",62978,WOODBURY,MN,http://www.idealcu.com,"Just a moment...",no_federal_on_site,"Ideal Credit Union",no
7155,"Family Security Federal Credit Union",60605,Decatur,AL,http://www.myfscu.com,"Family Security Credit Union | Checking &amp; Loans in Alabama",no_federal_on_site,"Family Security Credit Union",yes
5174,"1St Advantage Federal Credit Union",7448,Newport News,VA,http://www.1stadvantage.org,"1st Advantage Federal Credit Union: It&#039;s Your Advantage",federal_on_site,"",no
8448,"Velocity Federal Credit Union",68359,Austin,TX,http://www.velocitycu.com,"A Better Way to Bank | Velocity Credit Union",no_federal_on_site,"Velocity Credit Union",yes
7661,"Mazuma Federal Credit Union",64084,Overland Park,KS,http://www.mazuma.org,"Your Kansas City Credit Union | Mazuma Credit Union",no_federal_on_site,"Mazuma Credit Union",yes
7215,"The Police Federal Credit Union",60968,SAN BRUNO,CA,http://www.thepolicecu.org,"Just a moment...",no_federal_on_site,"The Police Credit Union",no
7428,"Zeal Federal Credit Union",62426,Livonia,MI,http://www.zealcu.org,"Zeal Credit Union - Banking Simplified. We&#039;re Here To Help!",no_federal_on_site,"Zeal Credit Union",yes
8476,"Latino Community Federal Credit Union",68430,Durham,NC,http://www.latinoccu.org,"Home - latinoccu.org",no_federal_on_site,"Latino Community Credit Union",no
8517,"Connex Federal Credit Union",68511,North Haven,CT,http://www.connexcu.org,"Attention Required! | Cloudflare",no_federal_on_site,"Connex Credit Union",no
8298,"St. Mary'S Federal Credit Union",67864,MARLBOROUGH,MA,http://www.stmaryscu.org,"St. Mary's Credit Union | MA Credit Union",no_federal_on_site,"St. Mary'S Credit Union",yes
8486,"Power Financial Federal Credit Union",68445,Pembroke Pines,FL,http://www.powerfi.org,"Just a moment...",no_federal_on_site,"Power Financial Credit Union",no
7916,"Brazos Valley Schools Federal Credit Union",66353,Katy,TX,https://www.bvscu.org,"Credit Union in Katy  TX | BVSCU",no_federal_on_site,"Brazos Valley Schools Credit Union",yes
5113,"People First Federal Credit Union",6885,Allentown,PA,https://www.peoplefirst.com,"Home - People First Federal Credit Union",federal_on_site,"",no
7273,"4Front Federal Credit Union",61365,Traverse City,MI,http://www.4frontcu.com,"4Front Credit Union | Michigan",no_federal_on_site,"4Front Credit Union",yes
8127,"Brightstar Federal Credit Union",67347,Fort Lauderdale,FL,http://www.bscu.org,"Attention Required! | Cloudflare",no_federal_on_site,"Brightstar Credit Union",no
7642,"1St Midamerica Federal Credit Union",63932,Bethalto,IL,http://www.1stmidamerica.org,"1st MidAmerica Credit Union",no_federal_on_site,"1St Midamerica Credit Union",yes
8608,"Kellogg Community Federal Credit Union",68678,BATTLE CREEK,MI,http://www.kccu4u.org,"Home Page - KCCU",no_federal_on_site,"Kellogg Community Credit Union",no
8092,"Westby Co-Op Federal Credit Union",67208,WESTBY,WI,https://www.wccu.coop,"WCCU Credit Union",no_federal_on_site,"Westby Co-Op Credit Union",yes
7451,"Golden Plains Federal Credit Union",62542,Garden City,KS,http://www.gpcu.org,"Golden Plains Credit Union - Home",no_federal_on_site,"Golden Plains Credit Union",yes
7965,"Point Breeze Federal Credit Union",66585,Hunt Valley,MD,http://www.pbcu.com,"Just a moment...",no_federal_on_site,"Point Breeze Credit Union",no
4654,"Houston Police Federal Credit Union",2357,Houston,TX,http://www.hpcu.coop,"Houston Police Credit Union",no_federal_on_site,"Houston Police Credit Union",yes
8509,"Water And Power Community Federal Credit Union",68493,LOS ANGELES,CA,http://www.wpccu.org,"Auto Loans  Credit Cards  Mortgage  CD  IRA  Banking | Water and Power Community Credit Union",no_federal_on_site,"Water And Power Community Credit Union",yes
5895,"Del-One Federal Credit Union",13919,Dover,DE,http://www.del-one.org,"Del-One Federal Credit Union | Delaware&#039;s Largest Credit Union",federal_on_site,"",no
4971,"Altaone Federal Credit Union",5612,Ridgecrest,CA,http://www.altaone.org,"AltaOne Federal Credit Union | AltaOne FCU",federal_on_site,"",no
6933,"Westreet Federal Credit Union",24812,Tulsa,OK,http://www.westreet.org,"Home | WeStreet Credit Union",no_federal_on_site,"Westreet Credit Union",yes
7375,"Alpena-Alcona Area Federal Credit Union",62035,Alpena,MI,http://www.aaacu.com,"Home - Alpena Alcona Area Credit Union",no_federal_on_site,"Alpena-Alcona Area Credit Union",yes
8642,"True Community Federal Credit Union",68718,Jackson,MI,http://www.TrueCCU.com,"TRUE Community Credit Union | Making a Lasting Legacy in Our Community",no_federal_on_site,"True Community Credit Union",yes
8513,"First City Federal Credit Union",68503,Pasadena,CA,http://www.Firstcitycu.org,"Just a moment...",no_federal_on_site,"First City Credit Union",no
7282,"Numark Federal Credit Union",61447,Joliet,IL,http://www.numarkcu.org,"NuMark Credit Union - Financial Services for Every Need",no_federal_on_site,"Numark Credit Union",yes
7023,"Oklahoma'S Federal Credit Union",24953,OKLAHOMA CITY,OK,http://www.okcu.org,"Oklahoma's Credit Union | Mortgages | Loans | Checking Accounts",no_federal_on_site,"Oklahoma'S Credit Union",yes
5447,"Fortera Federal Credit Union",9759,Clarksville,TN,http://www.forteracu.com,"",fetch_failed,"",no
7145,"Tlc Community Federal Credit Union",60509,Adrian,MI,http://www.tlccu.org,"TLC Community Credit Union - Best Credit Union MI | Bank Near Me",no_federal_on_site,"Tlc Community Credit Union",yes
8225,"Schlumberger Employees Federal Credit Union",67625,Sugar Land,TX,http://www.secu.slb.com,"",fetch_failed,"",no
8340,"Community Resource Federal Credit Union",68021,Baytown,TX,http://www.crcu.org,"Community Resource Credit Union | TX Mortgage  Checking & Savings",no_federal_on_site,"Community Resource Credit Union",yes
8047,"Blackhawk Community Federal Credit Union",66998,Janesville,WI,http://www.BHCCU.org,"Home",no_federal_on_site,"Blackhawk Community Credit Union",no
6613,"Ardent Federal Credit Union",22637,Phila,PA,http://www.ardentcu.org,"ERROR: The request could not be satisfied",no_federal_on_site,"Ardent Credit Union",no
7185,"Hoosier Hills Federal Credit Union",60768,BEDFORD,IN,http://www.hoosierhills.com,"Banking &amp; Loans in Indiana - Hoosier Hills Credit Union",no_federal_on_site,"Hoosier Hills Credit Union",yes
7968,"Greenwood Federal Credit Union",66594,Warwick,RI,http://www.greenwoodcu.org,"Just a moment...",no_federal_on_site,"Greenwood Credit Union",no
8392,"Qualstar Federal Credit Union",68223,Bothell,WA,http://www.qualstarcu.com,"403 Forbidden",no_federal_on_site,"Qualstar Credit Union",no
7316,"Community First Federal Credit Union",61667,Santa Rosa,CA,http://www.comfirstcu.org,"Community First Credit Union | The New Local",no_federal_on_site,"Community First Credit Union",yes
5384,"Certified Federal Credit Union",9230,El Monte,CA,http://www.certifiedfed.com,"Certified Federal Credit Union Home - Certified Federal Credit Union",federal_on_site,"",no
7780,"Community Choice Federal Credit Union",65078,JOHNSTON,IA,https://www.comchoicecu.org,"Home - Community Choice Credit Union",no_federal_on_site,"Community Choice Credit Union",yes
6900,"Granite Federal Credit Union",24726,SALT LAKE CITY,UT,http://www.granite.org,"Granite Credit Union | Better Banking In Salt Lake County  Utah",no_federal_on_site,"Granite Credit Union",yes
5034,"Sun East Federal Credit Union",6160,Aston,PA,http://www.suneast.org,"Homepage - Your Credit Union | Sun East Federal Credit Union",federal_on_site,"",no
7309,"Capital Federal Credit Union",61637,Bismarck,ND,https://www.capcu.org/,"Just a moment...",no_federal_on_site,"Capital Credit Union",no
8159,"Texas Bay Federal Credit Union",67465,Houston,TX,https://www.texasbaycu.org,"Texas Bay Credit Union | Personal Banking  Loans & Financial Services",no_federal_on_site,"Texas Bay Credit Union",yes
5371,"Merced School Employees Federal Credit Union",9119,MERCED,CA,https://www.mercedschoolcu.org,"Home Page | Merced School Employees Federal Credit Union",federal_on_site,"",no
5394,"Sun Community Federal Credit Union",9296,El Centro,CA,https://www.suncommunity.com,"Sun Community Federal Credit Union | Serving the Imperial and Coachella Valley areas of California for over 65",federal_on_site,"",no
8015,"Day Air Federal Credit Union",66835,Kettering,OH,http://www.dayair.org,"",fetch_failed,"",no
6283,"Communitywide Federal Credit Union",18336,South Bend,IN,http://www.comwide.com,"Home Page - CommunityWide Federal Credit Union",federal_on_site,"",no
5047,"Skyone Federal Credit Union",6248,Hawthorne,CA,http://www.skyone.org,"SkyOne Federal Credit Union",federal_on_site,"",no
8389,"Triangle Federal Credit Union",68210,Nashua,NH,https://www.trianglecu.org/,"Attention Required! | Cloudflare",no_federal_on_site,"Triangle Credit Union",no
5192,"Oceanair Federal Credit Union",7608,Oxnard,CA,http://www.oceanair.org,"OceanAir Federal Credit Union",federal_on_site,"",no
6578,"Southwest Airlines Federal Credit Union",22157,Dallas,TX,http://www.swacu.org,"Southwest Airlines Federal Credit Union",federal_on_site,"",no
6941,"Hope Federal Credit Union",24829,JACKSON,MS,https://www.hopecu.org,"Hope Credit Union",federal_on_site,"",yes
7991,"All One Federal Credit Union",66699,Leominster,MA,http://www.all-onecu.com,"All One Credit Union",no_federal_on_site,"All One Credit Union",yes
6561,"Cinfed Federal Credit Union",21930,Cincinnati,OH,http://www.cinfed.org,"Cinfed Credit Union | Why Just Bank When You Can Belong?",no_federal_on_site,"Cinfed Credit Union",yes
5961,"Maine Savings Federal Credit Union",14565,Hampden,ME,http://www.mainesavings.com,"403 Forbidden",no_federal_on_site,"Maine Savings Credit Union",no
7471,"Sacramento Federal Credit Union",62641,Sacramento,CA,http://www.sactocu.org,"Sacramento Credit Union",no_federal_on_site,"Sacramento Credit Union",yes
7344,"Azura Federal Credit Union",61823,Topeka,KS,http://www.azuracu.com,"Azura Credit Union | Northeast KS Mortgage and HELOC | CD Rates",no_federal_on_site,"Azura Credit Union",yes
7600,"Atomic Federal Credit Union",63532,Piketon,OH,http://www.atomiccu.com,"Atomic Credit Union | Southeast OH Accounts & Loans | Mortgages",no_federal_on_site,"Atomic Credit Union",yes
8348,"Solarity Federal Credit Union",68061,Yakima,WA,https://www.solaritycu.org,"Solarity Credit Union | Brighter Banking Starts Here",no_federal_on_site,"Solarity Credit Union",yes
8193,"Liberty Bay Federal Credit Union",67541,Braintree,MA,https://www.lbcu.org,"Liberty Bay Credit Union",no_federal_on_site,"Liberty Bay Credit Union",yes
7033,"First South Financial Federal Credit Union",24963,Bartlett,TN,http://www.firstsouth.com,"First South Financial | Banking in Greater TN &amp; Growing",federal_on_site,"",no
6574,"Service 1St Federal Credit Union",22128,Danville,PA,http://www.service1.org,"personal & business banking  | service 1st federal credit union",federal_on_site,"",no
5392,"Consolidated Federal Credit Union",9292,PORTLAND,OR,https://www.consolidatedccu.com,"Home | CCCU | Consolidated Community Credit Union",no_federal_on_site,"Consolidated Credit Union",yes
8116,"Envision Federal Credit Union",67329,Tallahassee,FL,http://www.envisioncu.com,"Envision Credit Union is Now Addition Financial",no_federal_on_site,"Envision Credit Union",yes
7482,"Pelican Federal Credit Union",62710,Baton Rouge,LA,http://www.pelicanstatecu.com,"Pelican Credit Union | Homepage",no_federal_on_site,"Pelican Credit Union",yes
8599,"1St Northern California Federal Credit Union",68668,Martinez,CA,http://www.1stnorcalcu.org/,"Access Denied",no_federal_on_site,"1St Northern California Credit Union",no
8514,"Intouch Federal Credit Union",68505,PLANO,TX,http://www.itcu.org,"InTouch Credit Union - Texas  Nevada  Michigan | Home",no_federal_on_site,"Intouch Credit Union",yes
8349,"America'S Christian Federal Credit Union",68062,Glendora,CA,http://www.americaschristiancu.com,"America&#039;s Christian Credit Union | Faith-Based Banking with ACCU",no_federal_on_site,"America'S Christian Credit Union",yes
5358,"Uniwyo Federal Credit Union",9089,Laramie,WY,http://www.uniwyo.com,"Just a moment...",no_federal_on_site,"Uniwyo Credit Union",no
8455,"Frontier Federal Credit Union",68376,Idaho Falls,ID,https://www.frontiercreditunion.com,"We Believe in Building Better Lives | Frontier Credit Union",no_federal_on_site,"Frontier Credit Union",yes
8314,"Smart Financial Federal Credit Union",67927,Houston,TX,http://www.smartcu.org,"Credit Union in Houston  TX | Smart Financial Credit Union - Smart Financial Credit Union",no_federal_on_site,"Smart Financial Credit Union",yes
5641,"Family Trust Federal Credit Union",11554,Rock Hill,SC,http://www.familytrust.org,"Family Trust FCU Rock Hill SC - Auto  Car & Bank Loans  Home Mortgages  Savings Accounts Clover SC  Fort Mill ",federal_on_site,"",no
7860,"The Peoples Federal Credit Union",65861,Middletown,RI,http://www.peoplescu.com,"Credit Union in Rhode Island | People&#039;s Credit Union",no_federal_on_site,"The Peoples Credit Union",yes
7007,"True Sky Federal Credit Union",24934,Oklahoma City,OK,https://www.TrueSkyCU.org,"",fetch_failed,"",no
8566,"Texell Federal Credit Union",68608,Temple,TX,http://www.texell.org,"Texas Auto and Home Loans  Credit Cards  Banking | Texell CU",no_federal_on_site,"Texell Credit Union",no
5355,"Direct Federal Credit Union",9071,Needham,MA,http://www.direct.com,"Direct Federal Credit Union | Rates | Calculators | Auto Loans | Home Equity",federal_on_site,"",no
7583,"Maine State Federal Credit Union",63377,Augusta,ME,http://www.mainestatecu.org,"403 Forbidden",no_federal_on_site,"Maine State Credit Union",no
7492,"Sooper Cu Dba Climb Cu Federal Credit Union",62776,ARVADA,CO,http://www.climbcu.org,"Climb Credit Union | Colorado Credit Union - Banking Services",no_federal_on_site,"Sooper Cu Dba Climb Cu Credit Union",yes
7190,"Town And Country Federal Credit Union",60790,MINOT,ND,http://www.townandcountry.org,"Town and Country Credit Union",no_federal_on_site,"Town And Country Credit Union",yes
6186,"Profed Federal Credit Union",17012,Fort Wayne,IN,http://www.profedcu.org,"Your Trusted Credit Union | Profed Credit Union",no_federal_on_site,"Profed Credit Union",yes
7928,"Pathways Financial Federal Credit Union",66376,Columbus,OH,http://www.pathwayscu.com,"Pathways Financial Credit Union | Ohio Credit Union",no_federal_on_site,"Pathways Financial Credit Union",yes
5734,"Foothill Federal Credit Union",12425,Arcadia,CA,http://www.foothillcu.org,"Just a moment...",no_federal_on_site,"Foothill Credit Union",no
6076,"Sea Comm Federal Credit Union",15672,MASSENA,NY,http://www.seacomm.org,"SeaComm Federal Credit Union",federal_on_site,"",no
7389,"Team One Federal Credit Union",62141,SAGINAW,MI,http://WWW.TEAMONECU.ORG,"Team One Credit Union | Award-Winning Banking Services in Michigan",no_federal_on_site,"Team One Credit Union",yes
7154,"University Of Illinois Community Federal Credit Union",60583,Champaign,IL,http://www.uoficreditunion.org,"U of I Community Credit Union - Experience the Difference",no_federal_on_site,"University Of Illinois Community Credit Union",yes
7970,"Polish National Federal Credit Union",66597,Chicopee,MA,http://www.pncu.com,"403 Forbidden",no_federal_on_site,"Polish National Credit Union",no
6415,"Reliant Community Federal Credit Union",20258,Sodus,NY,https://www.reliantcu.com/,"Personal and Business Banking - Reliant Credit Union",no_federal_on_site,"Reliant Community Credit Union",yes
8519,"Verity Federal Credit Union",68517,Seattle,WA,http://www.veritycu.com,"403 Forbidden",no_federal_on_site,"Verity Credit Union",no
8029,"Kohler Federal Credit Union",66872,Sheboygan,WI,http://www.kohlercu.com,"Attention Required! | Cloudflare",no_federal_on_site,"Kohler Credit Union",no
7407,"Oklahoma Central Federal Credit Union",62322,Tulsa,OK,http://www.oklahomacentral.org,"Oklahoma Central Credit Union | Banking  Loans &amp; Mortgages",no_federal_on_site,"Oklahoma Central Credit Union",yes
8013,"Freedom Federal Credit Union",66824,SPRINGFIELD,MA,http://www.freedom.coop,"Freedom Credit Union | Massachusetts | Freedom is Yours",federal_on_site,"",yes
7571,"Granite State Federal Credit Union",63272,Manchester,NH,https://www.gscu.org,"Just a moment...",no_federal_on_site,"Granite State Credit Union",no
5377,"Carter Federal Credit Union",9164,SPRINGHILL,LA,http://www.cartercu.org,"Carter Credit Union - Carter Credit Union Homepage",federal_on_site,"",yes
7608,"Corda Federal Credit Union",63602,Cedar Rapids,IA,http://www.cordacu.org,"Corda Credit Union | Serving Iowa",no_federal_on_site,"Corda Credit Union",yes
8613,"Coosa Valley Federal Credit Union",68683,Rome,GA,https://www.mycvcu.org,"",fetch_failed,"",no
6564,"Cpm Federal Credit Union",21971,NORTH CHARLESTO,SC,http://www.cpmfed.com,"Home - CPM Federal Credit Union",federal_on_site,"",no
7712,"Uncle Federal Credit Union",64482,LIVERMORE,CA,http://WWW.UNCLECU.ORG,"Home - UNCLE Credit Union",no_federal_on_site,"Uncle Credit Union",yes
6789,"Legacy Community Federal Credit Union",24421,BIRMINGHAM,AL,http://www.legacycreditunion.com,"Legacy Credit Union",no_federal_on_site,"Legacy Community Credit Union",yes
7510,"Arizona Central Federal Credit Union",62881,Phoenix,AZ,http://www.azcentralcu.org,"",fetch_failed,"",no
8255,"Quincy Federal Credit Union",67709,Quincy,MA,https://www.qcu.org,"Attention Required! | Cloudflare",no_federal_on_site,"Quincy Credit Union",no
8178,"Members Choice Federal Credit Union",67508,Houston,TX,http://www.mccu.com,"Members Choice Credit Union | Houston  TX",no_federal_on_site,"Members Choice Credit Union",yes
5375,"Meridian Trust Federal Credit Union",9160,Cheyenne,WY,http://www.mymeridiantrust.com,"Meridian Trust Federal Credit Union - Banking - Loans &amp; Savings",federal_on_site,"",no
7232,"Sharefax Federal Credit Union",61090,CINCINNATI,OH,http://WWW.SHAREFAX.ORG,"Personal Banking  Auto Loans &amp; Checking Accounts in Ohio | Sharefax Credit Union",no_federal_on_site,"Sharefax Credit Union",yes
8078,"Superior Choice Federal Credit Union",67173,Superior,WI,http://www.superiorchoice.com,"Superior Choice Credit Union | Superior Choice Credit Union",no_federal_on_site,"Superior Choice Credit Union",yes
8428,"Tapco Federal Credit Union",68298,Fircrest,WA,http://www.tapcocu.org,"TAPCO Credit Union | Personal & Business Banking in WA",no_federal_on_site,"Tapco Credit Union",yes
8495,"Usc Federal Credit Union",68459,Los Angeles,CA,http://www.usccreditunion.org,"Home - USC Credit Union",no_federal_on_site,"Usc Credit Union",yes
7802,"Armco Federal Credit Union",65291,BUTLER,PA,http://www.armcocu.com,"Armco Credit Union - Banking Made Easy",no_federal_on_site,"Armco Credit Union",yes
6270,"Umassfive College Federal Credit Union",18181,Hadley,MA,http://www.umassfive.coop,"Just a moment...",no_federal_on_site,"Umassfive College Credit Union",no
4402,"Spero Financial Federal Credit Union",361,Greenville,SC,https://www.spero.financial,"Spero Financial | Credit Union",no_federal_on_site,"Spero Financial Credit Union",yes
7292,"We Florida Financial Federal Credit Union",61525,Fort Lauderdale,FL,http://www.wefloridafinancial.com,"We Florida Financial | South FL Credit Union | Banking Accounts",no_federal_on_site,"We Florida Financial Credit Union",yes
7374,"Heartland Federal Credit Union",62031,HUTCHINSON,KS,http://www.hcu.coop,"Heartland Credit Union  Kansas | It's the Heartland Way",no_federal_on_site,"Heartland Credit Union",yes
5687,"Northland Area Federal Credit Union",11979,Alpena,MI,http://www.northlandcu.com,"Northland Area FCU",federal_on_site,"",no
7330,"Alliance Catholic Federal Credit Union",61759,Farmington Hill,MI,https://www.allianceccu.com,"Alliance Catholic Credit Union | Michigan’s Catholic Credit Union",no_federal_on_site,"Alliance Catholic Credit Union",yes
4400,"Radifi Federal Credit Union",340,Jacksonville,FL,http://www.radificu.org,"RadiFi Credit Union | Serving NE Florida",no_federal_on_site,"Radifi Credit Union",yes
4747,"First Choice America Community Federal Credit Union",3264,Weirton,WV,http://www.firstchoiceamericacu.org,"First Choice America Community Federal Credit Union",federal_on_site,"",no
7678,"Greater Iowa Federal Credit Union",64203,Ames,IA,https://www.gicu.org,"Home Page",no_federal_on_site,"Greater Iowa Credit Union",no
8456,"Mypoint Federal Credit Union",68377,San Diego,CA,http://www.mypointcu.com,"MyPoint Credit Union | San Diego's Local Credit Union",no_federal_on_site,"Mypoint Credit Union",yes
6756,"First Citizens' Federal Credit Union",24254,FAIRHAVEN,MA,http://www.firstcitizens.org,"Home | First Citizens Federal Credit Union",federal_on_site,"",no
6955,"Mainstreet Federal Credit Union",24858,Lenexa,KS,https://www.mainstreetcu.org,"Mainstreet Credit Union | Kansas Credit Union | Accounts | Loans",no_federal_on_site,"Mainstreet Credit Union",yes
7016,"Envista Federal Credit Union",24945,Topeka,KS,http://www.envistacu.com,"Envista Credit Union | Personal & Business Finance",federal_on_site,"",yes
8624,"Northern Federal Credit Union",68696,WATERTOWN,NY,http://www.mynorthern.com,"New York Credit Union | Northern Credit Union",no_federal_on_site,"Northern Credit Union",yes
8512,"Copper State Federal Credit Union",68502,Phoenix,AZ,http://www.copperstatecu.org,"Copper State Credit Union",no_federal_on_site,"Copper State Credit Union",yes
4515,"Coreplus Federal Credit Union",1148,Norwich,CT,http://www.coreplus.org,"403 Forbidden",no_federal_on_site,"Coreplus Credit Union",no
7182,"Bellwether Community Federal Credit Union",60747,MANCHESTER,NH,http://www.bccu.org,"Bellwether Community Credit Union | Local Credit Union | Home",no_federal_on_site,"Bellwether Community Credit Union",yes
7843,"Freedom Northwest Federal Credit Union",65722,KAMIAH,ID,http://www.fnwcu.org,"Home in Kamiah  Lewiston  Hayden and Kooskia - Freedom Northwest",no_federal_on_site,"Freedom Northwest Credit Union",no
7059,"O Bee Federal Credit Union",60059,Lacey,WA,https://www.obee.com,"Credit Union in Washington with a Pub Style. Join Us! | O Bee Credit Union",no_federal_on_site,"O Bee Credit Union",yes
7835,"American 1 Federal Credit Union",65595,JACKSON,MI,http://www.american1cu.org,"Home - American 1 Credit Union",no_federal_on_site,"American 1 Credit Union",yes
7457,"Rio Grande Federal Credit Union",62573,Albuquerque,NM,http://www.riograndecu.org,"Auto & Home Loans | Checking & Savings | Rio Grande CU - Rio Grande Credit Union",no_federal_on_site,"Rio Grande Credit Union",yes
5573,"Kinetic Federal Credit Union",10866,Columbus,GA,https://www.kineticCU.com,"403 Forbidden",no_federal_on_site,"Kinetic Credit Union",no
5830,"First Peoples Community Federal Credit Union",13345,CUMBERLAND,MD,http://www.firstpeoples.com,"First Peoples Community Federal Credit Union | Join Today",federal_on_site,"",no
8126,"Insight Federal Credit Union",67344,WINTER SPRINGS,FL,http://www.insightcreditunion.com,"Home | Insight Credit Union",no_federal_on_site,"Insight Credit Union",yes
6919,"Wasatch Peaks Federal Credit Union",24780,OGDEN,UT,http://www.wasatchpeaks.com,"Wasatch Peaks Credit Union",no_federal_on_site,"Wasatch Peaks Credit Union",yes
7996,"Heartland Federal Credit Union",66710,Madison,WI,https://www.heartlandcu.org/,"Home and Business Loans | Wisconsin | Heartland Credit Union",no_federal_on_site,"Heartland Credit Union",yes
8525,"Premier One Federal Credit Union",68540,San Jose,CA,https://www.premieronecu.org/,"Home Page | PremierOne Credit Union",no_federal_on_site,"Premier One Credit Union",yes
8480,"Resource One Federal Credit Union",68439,Dallas,TX,https://www.r1cu.org,"Member Owned | Not-for-Profit | Resource One Credit Union",no_federal_on_site,"Resource One Credit Union",yes
7068,"Omni Community Federal Credit Union",60105,Battle Creek,MI,http://www.omnicommunitycu.org,"OMNI Community Credit Union",no_federal_on_site,"Omni Community Credit Union",yes
7242,"Security Federal Credit Union",61159,GRAND BLANC,MI,http://www.securitycu.org,"Security Credit Union | Personal &amp; Vehicle Loans  Mortgages In Michigan",no_federal_on_site,"Security Credit Union",yes
7057,"Consumer Federal Credit Union",60056,Greeneville,TN,https://www.consumercreditunion.com,"Consumer Credit Union | Federally Insured by NCUA",no_federal_on_site,"Consumer Credit Union",no
5874,"Beehive Federal Credit Union",13741,Rexburg,ID,http://www.beehive.org,"Beehive Federal Credit Union | Banking  Loans  Mortgages and More",federal_on_site,"",no
7921,"Align Federal Credit Union",66365,Lowell,MA,http://www.aligncu.com,"Personal | Align Credit Union",no_federal_on_site,"Align Credit Union",yes
7211,"Adventure Federal Credit Union",60936,Grand Rapids,MI,http://www.adventurecu.org,"Just a moment...",no_federal_on_site,"Adventure Credit Union",no
6545,"Fedex Employees Credit Association Federal Credit Union",21751,Memphis,TN,http://www.fecca.com,"Just a moment...",no_federal_on_site,"Fedex Employees Credit Association Credit Union",no
8341,"Evergreen Federal Credit Union",68038,Portland,ME,http://www.egcu.org,"Evergreen Credit Union | Personal & Business Finance",no_federal_on_site,"Evergreen Credit Union",yes
8567,"Our Community Federal Credit Union",68609,Shelton,WA,http://www.ourcu.com,"Our Community CU",no_federal_on_site,"Our Community Credit Union",no
7515,"Partner Colorado Federal Credit Union",62903,Arvada,CO,http://www.partnercoloradocu.org,"Top Denver Credit Union | Partner Colorado Credit Union",no_federal_on_site,"Partner Colorado Credit Union",yes
5079,"Financial Resources Federal Credit Union",6665,Branchburg,NJ,http://WWW.MYFINANCIALRESOURCES.ORG,"403 Forbidden",no_federal_on_site,"Financial Resources Credit Union",no
8244,"City Federal Credit Union",67669,DALLAS,TX,http://www.citycu.org,"",fetch_failed,"",no
7325,"Commonwealth Central Federal Credit Union",61741,San Jose,CA,http://www.wealthcu.org,"403 Forbidden",no_federal_on_site,"Commonwealth Central Credit Union",no
8243,"Floridacentral Federal Credit Union",67668,Tampa,FL,https://www.floridacentralcu.com/,"Floridacentral Credit Union | Personal & Business Finance",no_federal_on_site,"Floridacentral Credit Union",yes
8598,"Southpoint Financial Federal Credit Union",68667,SLEEPY EYE,MN,http://www.southpointfinancial.com,"SouthPoint Financial Credit Union | Your Local Credit Union",federal_on_site,"",yes
7231,"Homeland Federal Credit Union",61089,CHILLICOTHE,OH,http://www.homelandcu.com,"Homeland Credit Union | Ohio",no_federal_on_site,"Homeland Credit Union",yes
8482,"Excite Federal Credit Union",68441,San Jose,CA,http://www.excitecu.org,"Excite Credit Union | California &amp; North Carolina Credit Union",no_federal_on_site,"Excite Credit Union",yes
8046,"Co-Op Federal Credit Union",66983,Black River Fal,WI,http://www.coopcu.com,"Home | Co-op Credit Union",no_federal_on_site,"Co-Op Credit Union",yes
7476,"Central Willamette Federal Credit Union",62665,Albany,OR,http://www.centralwcu.org,"CWCU",no_federal_on_site,"Central Willamette Credit Union",no
7376,"Embers Federal Credit Union",62038,Marquette,MI,https://www.embers.org,"Embers Credit Union - Upper Peninsula Banking  Loans &amp; Mortgages",no_federal_on_site,"Embers Credit Union",yes
7614,"Minnco Federal Credit Union",63639,Cambridge,MN,https://www.minnco.com,"Landing",no_federal_on_site,"Minnco Credit Union",no
6022,"Dugood Federal Credit Union",15146,BEAUMONT,TX,http://www.dugood.org,"DuGood Federal Credit Union is Southeast Texas' Best Credit Union",federal_on_site,"",no
8218,"Educators Federal Credit Union",67611,WACO,TX,http://www.EDCU.COM,"Attention Required! | Cloudflare",no_federal_on_site,"Educators Credit Union",no
7253,"Financial Plus Federal Credit Union",61231,OTTAWA,IL,http://www.financialplus.org,"Financial Plus Credit Union - Illinois",no_federal_on_site,"Financial Plus Credit Union",yes
6993,"I.L.W.U. Federal Credit Union",24916,Long Beach,CA,http://www.ilwucu.org,"ILWU Credit Union",no_federal_on_site,"I.L.W.U. Credit Union",yes
8394,"Tech Federal Credit Union",68225,Crown Point,IN,http://www.techcu.org,"Tech Credit Union | Savings &amp; Loans in Indiana &amp; Illinois",no_federal_on_site,"Tech Credit Union",yes
5667,"Embold Federal Credit Union",11793,Oregon City,OR,http://www.emboldcu.org,"Home | Embold Credit Union",no_federal_on_site,"Embold Credit Union",yes
7413,"Diversified Members Federal Credit Union",62339,Detroit,MI,http://www.dmcu.com,"Local Credit Union in Michigan | Diversified Members Credit Union",no_federal_on_site,"Diversified Members Credit Union",yes
7570,"Ascentra Federal Credit Union",63268,Bettendorf,IA,http://www.ascentra.org,"Banking  Loans &amp; Mortgages in Iowa &amp; Illinois | Ascentra",no_federal_on_site,"Ascentra Credit Union",no
8597,"Transcend Federal Credit Union",68666,Louisville,KY,http://www.transcendcu.com,"Transcend Credit Union | Louisville KY Mortgages | Auto Loans",no_federal_on_site,"Transcend Credit Union",yes
7101,"Siu Federal Credit Union",60279,Carbondale,IL,http://www.siucu.org,"Homepage - SIU Credit Union",no_federal_on_site,"Siu Credit Union",yes
7163,"Sovita Federal Credit Union",60666,Flint,MI,http://www.sovitacu.org,"Home | Sovita Credit Union",no_federal_on_site,"Sovita Credit Union",yes
8592,"Members Heritage Federal Credit Union",68661,Lexington,KY,https://www.membersheritage.org,"Members Heritage CU",no_federal_on_site,"Members Heritage Credit Union",no
7632,"Adelfi Federal Credit Union",63837,Brea,CA,http://www.adelfibanking.com,"Christian Banking &amp; Credit Union | AdelFi Banking (formerly Christian Community Credit Union",no_federal_on_site,"Adelfi Credit Union",yes
7709,"Heartland Federal Credit Union",64441,Springfield,IL,http://www.hcu.org,"Heartland Credit Union | Springfield  Illinois Banking",no_federal_on_site,"Heartland Credit Union",yes
7516,"Neighbors Federal Credit Union",62905,Saint Louis,MO,http://www.neighborscu.org,"Banking Services &amp; Solutions - Community Credit Union | Neighbors Credit Union | Greater St. Louis",no_federal_on_site,"Neighbors Credit Union",yes
8464,"Cabrillo Federal Credit Union",68409,San Diego,CA,http://www.cabrillocu.com,"Cabrillo Credit Union - San Diego Credit Union",no_federal_on_site,"Cabrillo Credit Union",yes
8579,"The Southern Federal Credit Union",68638,Fayetteville,GA,http://www.southernonline.org,"Home | The Southern Credit Union",no_federal_on_site,"The Southern Credit Union",yes
5260,"Soarion Federal Credit Union",8169,SAN ANTONIO,TX,https://www.soarion.org,"Soarion Credit Union | San Antonio Banking that Works for You!",federal_on_site,"",yes
6771,"Argent Federal Credit Union",24313,CHESTERFIELD,VA,http://www.argentcu.org,"Argent Credit Union - Richmond | Chesterfield | Midlothian | Chester",no_federal_on_site,"Argent Credit Union",yes
7134,"Dutch Point Federal Credit Union",60457,Wethersfield,CT,http://www.dutchpoint.org,"Just a moment...",no_federal_on_site,"Dutch Point Credit Union",no
8612,"My Community Federal Credit Union",68682,Midland,TX,http://www.mccu.coop,"My Community Credit Union | Proud to Serve Our Community",no_federal_on_site,"My Community Credit Union",yes
4662,"First New York Federal Credit Union",2440,Albany,NY,http://www.firstnewyork.org,"First New York Federal Credit Union - First New York Federal Credit Union",federal_on_site,"",no
7176,"Champion Federal Credit Union",60721,Canton,NC,http://www.championcu.com,"Champion Credit Union | Western NC Personal & Business Accounts",no_federal_on_site,"Champion Credit Union",yes
8500,"First U.S. Community Federal Credit Union",68474,Sacramento,CA,http://www.firstus.org,"First U.S. – Official Site of Better Than FREE Checking",no_federal_on_site,"First U.S. Community Credit Union",no
4941,"Spectra Federal Credit Union",5380,ALEXANDRIA,VA,http://www.spectracu.com,"Spectra Credit Union | VA MD DC",no_federal_on_site,"Spectra Credit Union",yes
5204,"Partners 1St Federal Credit Union",7688,Fort Wayne,IN,http://www.partners1stcu.org,"It&#039;s All About U | Partners 1st Federal Credit Union",federal_on_site,"",no
6755,"I-C Federal Credit Union",24250,FITCHBURG,MA,http://www.iccreditunion.org,"Personal Accounts &amp; Loans | IC Credit Union | MA",no_federal_on_site,"I-C Credit Union",yes
8295,"City Of Boston Federal Credit Union",67841,South Boston,MA,http://www.cityofbostoncu.com,"City of Boston Credit Union - Home",no_federal_on_site,"City Of Boston Credit Union",yes
4608,"Pearl Hawaii Federal Credit Union",1961,WAIPAHU,HI,http://www.pearlhawaii.com,"Best Credit Union on Oahu for Low Rates and Excellent Services - Pearl Hawaii",no_federal_on_site,"Pearl Hawaii Credit Union",yes
5189,"Arlington Community Federal Credit Union",7573,Arlington,VA,http://www.arlingtoncu.org,"Arlington Community Federal Credit Union | Virginia Credit Union",federal_on_site,"",no
8302,"Champions First Federal Credit Union",67874,Tallahassee,FL,http://www.championsfirst.org,"Champions First Credit Union",no_federal_on_site,"Champions First Credit Union",yes
7988,"Simplicity Federal Credit Union",66678,Marshfield,WI,http://www.simplicity.coop,"Simplicity Credit Union |",no_federal_on_site,"Simplicity Credit Union",yes
4639,"Sunwest Federal Credit Union",2226,Glendale,AZ,http://www.mysunwest.com,"Bank On the Bright Side | SunWest Credit Union of Arizona",federal_on_site,"",yes
7549,"University Federal Credit Union",63133,Orono,ME,http://www.ucumaine.com,"UCU - Maine",no_federal_on_site,"University Credit Union",no
8574,"Revity Federal Credit Union",68623,Granite City,IL,https://www.revitycu.com,"Revity Credit Union | Personal & Business Finance",no_federal_on_site,"Revity Credit Union",yes
4347,"Levo Federal Credit Union",60,Sioux Falls,SD,http://www.levo.org,"Forward Together | Levo Credit Union®",no_federal_on_site,"Levo Credit Union",yes
7329,"Western Cooperative Federal Credit Union",61758,Williston,ND,http://www.wccu.org,"Western Cooperative Credit Union - Home",federal_on_site,"",yes
4959,"Security First Federal Credit Union",5547,MCALLEN,TX,https://www.securityfirstcu.com,"Home - Security First Credit Union",no_federal_on_site,"Security First Credit Union",yes
7809,"Mid American Federal Credit Union",65378,Wichita,KS,http://www.midamerican.coop,"Home | Mid American Credit Union",no_federal_on_site,"Mid American Credit Union",yes
5580,"Servu Federal Credit Union",10933,Painted Post,NY,http://www.servucu.com,"Home Page",no_federal_on_site,"Servu Credit Union",no
8035,"Valleystar Federal Credit Union",66924,Martinsville,VA,http://www.valleystar.org,"ValleyStar Credit Union - Virginia Banking &amp; Loans",no_federal_on_site,"Valleystar Credit Union",yes
7619,"Land Of Lincoln Federal Credit Union",63716,DECATUR,IL,https://www.llcu.org,"Land of Lincoln Credit Union LLCU",no_federal_on_site,"Land Of Lincoln Credit Union",yes
8503,"Coastlife Federal Credit Union",68482,Corpus Christi,TX,http://www.coastlifecu.com,"Attention Required! | Cloudflare",no_federal_on_site,"Coastlife Credit Union",no
7019,"Mutual Federal Credit Union",24948,Vicksburg,MS,http://www.mutualcu.org,"Bank Better with Member-Focused Accounts &amp; Loans | Mutual Credit Union",federal_on_site,"",yes
7227,"People Driven Federal Credit Union",61068,Southfield,MI,http://www.peopledrivencu.org,"People Driven Credit Union of Michigan",no_federal_on_site,"People Driven Credit Union",yes
6669,"Carolinas Telco Federal Credit Union",23494,Charlotte,NC,http://www.ctelco.org,"Carolinas Telco Federal Credit Union",federal_on_site,"",no
7620,"Liberty First Federal Credit Union",63757,Lincoln,NE,http://www.libertyfirstcu.com,"Liberty First Credit Union | Loans &amp; Banking in Lincoln  Omaha &amp; Seward  NE",no_federal_on_site,"Liberty First Credit Union",yes
8106,"Westerly Community Federal Credit Union",67270,Wakefield,RI,http://www.westerlyccu.com,"Westerly Community Credit Union | RI Personal Accounts | Loans",no_federal_on_site,"Westerly Community Credit Union",yes
7934,"Pcm Federal Credit Union",66424,Green Bay,WI,http://www.pcmcu.org,"PCM Credit Union",no_federal_on_site,"Pcm Credit Union",yes
4363,"Fedchoice Federal Credit Union",150,Lanham,MD,https://www.fedchoice.org/,"Home Page",federal_on_site,"",no
7783,"Holy Rosary Federal Credit Union",65088,Rochester,NH,http://www.hrcu.org,"HRCU | Your Neighborhood Credit Union",no_federal_on_site,"Holy Rosary Credit Union",yes
6739,"Telcoe Federal Credit Union",24202,LITTLE ROCK,AR,http://www.telcoe.com,"Telcoe Federal Credit Union | Serving Little Rock  Sherwood &amp; Russellville  Arkansas",federal_on_site,"",no
7093,"Memphis City Employees Federal Credit Union",60239,MEMPHIS,TN,http://www.memphiscu.org,"Home | Memphis City Employees Credit Union",no_federal_on_site,"Memphis City Employees Credit Union",yes
7531,"802 Federal Credit Union",62983,Barre,VT,http://www.802cu.com,"Our Credit Union is Made for You | Join 802 Credit Union",no_federal_on_site,"802 Credit Union",yes
7494,"West Community Federal Credit Union",62801,O Fallon,MO,http://www.westcommunitycu.org,"West Community Credit Union | Banking On You",no_federal_on_site,"West Community Credit Union",yes
5738,"Velocity Community Federal Credit Union",12458,PALM BEACH GARD,FL,http://www.velocitycommunity.org,"Attention Required! | Cloudflare",no_federal_on_site,"Velocity Community Credit Union",no
6780,"Nizari Progressive Federal Credit Union",24384,Sugar Land,TX,http://www.nizaricu.org,"Ismaili-Based Personal &amp; Business Banking - Texas | Nizari Credit Union",federal_on_site,"",yes
6886,"Trax Federal Credit Union",24703,Tampa,FL,https://www.traxcu.com,"Trax Credit Union | Empowering Our Members",no_federal_on_site,"Trax Credit Union",yes
7814,"Healthcare Associates Federal Credit Union",65421,Lisle,IL,https://www.hacu.org,"Healthcare Credit Union Metro Chicago  IL  | HACU",no_federal_on_site,"Healthcare Associates Credit Union",yes
4507,"Widget Federal Credit Union",1117,Erie,PA,https://www.widgetfinancial.com,"Widget Financial - Erie PA Credit Union",no_federal_on_site,"Widget Credit Union",yes
8630,"Jolt Federal Credit Union",68703,SAGINAW,MI,http://www.joltcu.com,"Home Page | Jolt Credit Union",no_federal_on_site,"Jolt Credit Union",yes
7279,"Loc Federal Credit Union",61404,Farmington,MI,http://www.loccreditunion.com,"Michigan Credit Union | LOC Credit Union - LOC Credit Union",no_federal_on_site,"Loc Credit Union",yes
7720,"Lehigh Valley Educators Federal Credit Union",64606,Allentown,PA,http://www.lvecu.org,"Lehigh Valley Educators Credit Union | LVECU",no_federal_on_site,"Lehigh Valley Educators Credit Union",yes
7048,"Members Federal Credit Union",60002,WINSTON SALEM,NC,http://www.memcu.com,"Vehicle Financing Winston Salem NC | Home Equity  Student &amp; Personal Loan | Members Credit Union",no_federal_on_site,"Members Credit Union",yes
8581,"Cornerstone Community Financial Federal Credit Union",68641,Auburn Hills,MI,http://www.ccfinancial.com,"Home | Cornerstone Community Financial Credit Union",federal_on_site,"",yes
6835,"Millbury Federal Credit Union",24543,Millbury,MA,https://www.millburycu.com,"Home | Millbury Credit Union",federal_on_site,"",yes
4999,"Century Federal Credit Union",5852,Independence,OH,http://www.cenfedcu.org,"Century Federal Credit Union",federal_on_site,"",no
8557,"Southeast Financial Federal Credit Union",68599,FRANKLIN,TN,http://www.southeastfinancial.org,"Southeast Financial Credit Union",no_federal_on_site,"Southeast Financial Credit Union",yes
8174,"Education Federal Credit Union",67494,Amarillo,TX,http://www.educationcu.com,"Home - Education Credit Union",no_federal_on_site,"Education Credit Union",yes
4818,"First Harvest Federal Credit Union",3951,DEPTFORD,NJ,http://www.firstharvestcu.com,"First Harvest Credit Union | Quality Financial Solutions",no_federal_on_site,"First Harvest Credit Union",yes
7574,"Skyward Federal Credit Union",63300,Wichita,KS,https://www.skywardcu.com,"403 Forbidden",no_federal_on_site,"Skyward Credit Union",no
7454,"North Star Community Federal Credit Union",62563,Maddock,ND,http://www.northstarccu.com,"Welcome to North Star Community Credit Union",no_federal_on_site,"North Star Community Credit Union",yes
8661,"Winsouth Federal Credit Union",68744,GADSDEN,AL,http://www.winsouthcu.com,"WinSouth Credit Union | Personal & Business Finance",no_federal_on_site,"Winsouth Credit Union",yes
6079,"Trona Valley Community Federal Credit Union",15741,GREEN RIVER,WY,http://www.tronavalley.com,"Trona Valley Federal Credit Union - Home",federal_on_site,"",no
7719,"Alabama State Employees Federal Credit Union",64598,Montgomery,AL,https://www.yourasecu.com,"ASE Credit Union - ASE Credit Union",no_federal_on_site,"Alabama State Employees Credit Union",yes
7165,"Public Service Federal Credit Union",60683,Romulus,MI,http://www.pscunow.com,"",fetch_failed,"",no
4976,"Cascade Community Federal Credit Union",5652,Roseburg,OR,http://www.cascadecu.org,"Home - Cascade Community Credit Union",no_federal_on_site,"Cascade Community Credit Union",yes
7757,"On Tap Federal Credit Union",64913,Golden,CO,http://www.ontapcu.org,"On Tap Credit Union",no_federal_on_site,"On Tap Credit Union",yes
7219,"Wheelhouse Federal Credit Union",61003,SAN DIEGO,CA,http://www.wheelhousecu.com,"Home - Wheelhouse Credit Union",no_federal_on_site,"Wheelhouse Credit Union",yes
4578,"Baton Rouge Telco Federal Credit Union",1726,Baton Rouge,LA,https://www.brtelco.org,"Baton Rouge Telco FCU - Proudly serving Southeast Louisiana for more than 85 years",federal_on_site,"",no
4750,"Picatinny Federal Credit Union",3291,DOVER,NJ,http://www.picacreditunion.com,"",fetch_failed,"",no
4610,"Centric Federal Credit Union",1982,West Monroe,LA,http://www.mycentric.org,"Centric Federal Credit Union - Live Better with Centric!",federal_on_site,"",no
6863,"Cu Hawaii Federal Credit Union",24630,Hilo,HI,https://www.cuhawaii.com,"CU Hawaii | Personal & Business Finance",federal_on_site,"",no
7042,"Infuze Federal Credit Union",24974,Fort Leonard Wo,MO,http://www.infuzecu.org,"Infuze Credit Union | Central MO Accounts & Loans | Mortgage",no_federal_on_site,"Infuze Credit Union",yes
5497,"Everence Federal Credit Union",10223,Lancaster,PA,http://www.everence.com,"Everence | Faith-based financial services",federal_on_site,"",no
7416,"Wmcu Federal Credit Union",62347,Grand Rapids,MI,https://www.WestMichiganCU.com,"West Michigan Credit Union | Simply Better",no_federal_on_site,"Wmcu Credit Union",yes
8293,"Boston Firefighters Federal Credit Union",67837,Dorchester,MA,http://www.bosfirecu.com,"First Responders Credit Union | The credit union for Massachusetts first responders",no_federal_on_site,"Boston Firefighters Credit Union",yes
7514,"Assemblies Of God Federal Credit Union",62897,Springfield,MO,http://www.agcu.org,"",fetch_failed,"",no
6846,"Texar Federal Credit Union",24567,TEXARKANA,TX,http://WWW.GOTEXAR.COM,"Home | TEXAR Federal Credit Union",federal_on_site,"",no
7124,"St. Louis Community Federal Credit Union",60400,Saint Louis,MO,http://www.stlouiscommunity.com,"St Louis Community Credit Union",no_federal_on_site,"St. Louis Community Credit Union",yes
8484,"Colorado Federal Credit Union",68443,Littleton,CO,http://www.ccu.org,"Best Credit Union in Colorado | Colorado Credit Union",no_federal_on_site,"Colorado Credit Union",yes
7627,"Cport Federal Credit Union",63828,Portland,ME,http://www.cportcu.org,"cPort Credit Union | Local Credit Union in Maine",no_federal_on_site,"Cport Credit Union",yes
8148,"Public Employees Federal Credit Union",67428,Austin,TX,http://www.pecutx.org,"PECU | Austin  TX",no_federal_on_site,"Public Employees Credit Union",no
8538,"American Southwest Federal Credit Union",68567,Sierra Vista,AZ,http://www.ascu.org,"American Southwest Credit Union Home Page Services Offered",no_federal_on_site,"American Southwest Credit Union",yes
8604,"Southeastern Federal Credit Union",68673,Valdosta,GA,http://www.southeasterncu.com,"Southeastern Credit Union | Personal &amp; Business Finance",no_federal_on_site,"Southeastern Credit Union",yes
4635,"Dexsta Federal Credit Union",2187,Wilmington,DE,http://www.dexsta.com,"DEXSTA Federal Credit Union in Delaware &amp; Maryland Co-Op",federal_on_site,"",no
4969,"Taunton Federal Credit Union",5602,Taunton,MA,http://www.tfed.com,"Homepage | Taunton Federal Credit Union",federal_on_site,"",no
5772,"Mocse Federal Credit Union",12805,Modesto,CA,http://www.mocse.org,"Homepage - Mocse Credit Union",federal_on_site,"",yes
8653,"Essential Federal Credit Union",68736,Baton Rouge,LA,http://www.essentialcu.org,"Essential Credit Union - Serving Baton Rouge  LA & Beyond",federal_on_site,"",yes
7999,"North Coast Federal Credit Union",66734,Bellingham,WA,http://www.northcoastcu.com,"Home | North Coast Credit Union",no_federal_on_site,"North Coast Credit Union",yes
8192,"Membersfirst Federal Credit Union",67538,Decatur,GA,http://www.membersfirstga.com,"Home | MembersFirst CU",no_federal_on_site,"Membersfirst Credit Union",no
7767,"Universal 1 Federal Credit Union",64970,Dayton,OH,http://www.universal1cu.org,"Universal 1 Credit Union",no_federal_on_site,"Universal 1 Credit Union",yes
8105,"Rhode Island Federal Credit Union",67269,Providence,RI,http://www.ricreditunion.org,"Rhode Island Credit Union | Banking  Loans &amp; Savings",no_federal_on_site,"Rhode Island Credit Union",yes
7371,"Members Choice Federal Credit Union",62026,ASHLAND,KY,http://www.mccu.net,"",fetch_failed,"",no
8395,"Streator Onized Federal Credit Union",68226,Streator,IL,http://www.socu.org,"SOCU - Streator Onized Credit Union",no_federal_on_site,"Streator Onized Credit Union",yes
8162,"America'S Federal Credit Union",67470,GARLAND,TX,http://WWW.AMERICASCU.ORG,"Your Local Credit Union | America's Credit Union",no_federal_on_site,"America'S Credit Union",yes
7622,"Alliance Federal Credit Union",63789,Fenton,MO,http://www.alliancecu.com,"",fetch_failed,"",no
6885,"Jordan Federal Credit Union",24698,South Jordan,UT,http://www.jordan-cu.org,"Homepage | Jordan Credit Union",no_federal_on_site,"Jordan Credit Union",yes
8093,"First Community Cu Of Beloit Federal Credit Union",67214,BELOIT,WI,http://www.firstccu.com,"Just a moment...",no_federal_on_site,"First Community Cu Of Beloit Credit Union",no
5730,"Carolina Trust Federal Credit Union",12361,MYRTLE BEACH,SC,https://www.carolinatrust.org,"Home - Carolina Trust Credit Union",federal_on_site,"",yes
8083,"Fort Community Federal Credit Union",67184,FORT ATKINSON,WI,http://www.fortcommunity.com,"FCCU | Invested In You  With You  For You.",no_federal_on_site,"Fort Community Credit Union",no
4594,"Honolulu Federal Credit Union",1830,Honolulu,HI,http://www.myhocu.com,"Home - My HOCU",federal_on_site,"",no
8570,"Denver Community Cu D.B.A. Zing Cu Federal Credit Union",68616,Denver,CO,http://www.myzing.com,"Personal &amp; Business Banking | Credit Union in Denver  Colorado - Zing Credit Union",no_federal_on_site,"Denver Community Cu D.B.A. Zing Cu Credit Union",yes
8472,"Iaa Federal Credit Union",68423,Bloomington,IL,http://www.iaacu.org,"IAA Credit Union -Checking  Savings and Loans- Bloomington  IL",no_federal_on_site,"Iaa Credit Union",yes
7337,"Ashland Federal Credit Union",61792,ASHLAND,KY,http://WWW.ASHLANDCU.ORG,"Home Page - Ashland Credit Union",no_federal_on_site,"Ashland Credit Union",yes
8019,"Eagle Community Federal Credit Union",66847,Lake Forest,CA,http://www.eaglecu.org,"Eagle Community Credit Union in Orange County  CA",no_federal_on_site,"Eagle Community Credit Union",yes
5361,"Wyhy Federal Credit Union",9094,CHEYENNE,WY,http://www.wyhy.org,"Home | WyHy Federal Credit Union",federal_on_site,"",no
6134,"Nymeo Federal Credit Union",16408,FREDERICK,MD,http://www.nymeo.org,"Nymeo Federal Credit Union",federal_on_site,"",no
8641,"Interstate Federal Credit Union",68717,Jesup,GA,https://www.interstatecu.org/,"Interstate Credit Union &#8211; Experience Better Banking",no_federal_on_site,"Interstate Credit Union",yes
8333,"Ancorum Federal Credit Union",67993,Bath,ME,https://www.fivecounty.com,"Credit Union | Maine | Ancorum Credit Union",no_federal_on_site,"Ancorum Credit Union",yes
7352,"Case Federal Credit Union",61908,Lansing,MI,http://www.casecu.org,"CASE Credit Union - Lansing  MI",no_federal_on_site,"Case Credit Union",yes
7326,"Monroe Community Federal Credit Union",61748,Monroe,MI,http://www.monroecommunitycu.org,"Monroe Community Credit Union",no_federal_on_site,"Monroe Community Credit Union",yes
6917,"Alltru Federal Credit Union",24774,WENTZVILLE,MO,http://www.alltrucu.org,"Alltru Credit Union - Financial Institution | St. Louis&#039; Better Way To Bank",federal_on_site,"",yes
6343,"Ocean Financial Federal Credit Union",19269,Oceanside,NY,http://www.oceanfinancial.org,"Ocean Financial Federal Credit Union | Catholic Credit Union New York",federal_on_site,"",no
7024,"Navigator Federal Credit Union",24954,Pascagoula,MS,http://www.navigatorcu.org,"Navigator Credit Union | Banking Built for You",no_federal_on_site,"Navigator Credit Union",yes
4945,"Fort Financial Federal Credit Union",5431,Fort Wayne,IN,https://www.fortfinancial.org,"Home Page - Fort Financial Credit Union",federal_on_site,"",yes
7909,"Industrial Cu Of Whatcom County Federal Credit Union",66337,Bellingham,WA,https://www.industrialcu.com,"403 Forbidden",no_federal_on_site,"Industrial Cu Of Whatcom County Credit Union",no
8087,"Arsenal Federal Credit Union",67195,Arnold,MO,http://www.arsenalcu.com,"Arsenal Credit Union | Home Equity Line of Credit Financing",no_federal_on_site,"Arsenal Credit Union",yes
4901,"Avenir Financial Federal Credit Union",4915,YUMA,AZ,http://WWW.AVENIRFINANCIAL.ORG,"Avenir Financial",federal_on_site,"",no
8032,"Ten Federal Credit Union",66886,NASHVILLE,TN,https://www.tencu.com,"Local Banking in Nashville  Cookeville  Bellevue  Rivergate  Cool Springs  Gallatin  Johnson City & Middle Ten",no_federal_on_site,"Ten Credit Union",no
5261,"American United Federal Credit Union",8187,West Jordan,UT,https://www.amucu.org,"Credit Union in Utah | American United Federal Credit Union",federal_on_site,"",no
7336,"Blucurrent Federal Credit Union",61790,SPRINGFIELD,MO,http://www.blucurrent.org,"BluCurrent Credit Union in Springfield  MO",no_federal_on_site,"Blucurrent Credit Union",yes
7688,"Premier Federal Credit Union",64271,Des Moines,IA,http://www.premiercu.org,"Attention Required! | Cloudflare",no_federal_on_site,"Premier Credit Union",no
8088,"Park City Federal Credit Union",67196,Merrill,WI,http://www.parkcitycu.org,"Home - Park City Credit Union",no_federal_on_site,"Park City Credit Union",yes
8021,"Unison Federal Credit Union",66851,Kaukauna,WI,http://www.unisoncu.org,"Home | Unison Credit Union",no_federal_on_site,"Unison Credit Union",yes
8265,"Missouri Electric Cooperatives Empl Federal Credit Union",67739,Jefferson City,MO,http://www.mececu.com,"MECE Credit Union &#8211; Serving Electric Cooperatives since 1975",no_federal_on_site,"Missouri Electric Cooperatives Empl Credit Union",yes
4486,"Pacific Crest Federal Credit Union",960,Klamath Falls,OR,https://www.sagecu.org,"Sage Credit Union",federal_on_site,"",yes
7339,"Tba Federal Credit Union",61795,TRAVERSE CITY,MI,http://www.tbacu.com,"TBA Credit Union - Members saved over $1 005 575 in 2025",no_federal_on_site,"Tba Credit Union",yes
5775,"Sea West Coast Guard Federal Credit Union",12814,OAKLAND,CA,http://www.seawest.coop,"SeaWest Coast Guard Federal Credit Union | SeaWest Coast Guard FCU",federal_on_site,"",no
8502,"Mutual Security Federal Credit Union",68479,SHELTON,CT,http://www.mscu.net,"Welcome to MSCU",no_federal_on_site,"Mutual Security Credit Union",no
7982,"Prospera Federal Credit Union",66652,APPLETON,WI,http://www.myprospera.com,"Prospera Credit Union – Your Financial Dots…Connected.",no_federal_on_site,"Prospera Credit Union",yes
8323,"St. Jean'S Federal Credit Union",67959,lynn,MA,http://www.stjeanscu.com,"St. Jean&#039;s Credit Union &#8211; Massachusetts&#039; First Credit Union",no_federal_on_site,"St. Jean'S Credit Union",yes
7382,"Ignite Federal Credit Union",62072,Battle Creek,MI,https://www.ignitecreditunion.com/,"Ignite Credit Union",no_federal_on_site,"Ignite Credit Union",yes
5044,"West-Aircomm Federal Credit Union",6233,Beaver,PA,http://www.westaircomm.com,"Home - West-Aircomm",federal_on_site,"",no
7009,"Allegiance Federal Credit Union",24936,Oklahoma City,OK,http://www.allegiancecu.org,"Allegiance Credit Union",no_federal_on_site,"Allegiance Credit Union",yes
7071,"My Federal Credit Union",60125,BLOOMINGTON,MN,https://www.mymncu.org,"Personalized Banking Services | MY CREDIT UNION",no_federal_on_site,"My Credit Union",yes
8523,"Mountain Federal Credit Union",68531,Waynesville,NC,http://www.mountaincu.org,"Mountain Credit Union",no_federal_on_site,"Mountain Credit Union",yes
7373,"Our Federal Credit Union",62028,Royal Oak,MI,https://www.ourcuonline.org,"OUR Credit Union",no_federal_on_site,"Our Credit Union",yes
7392,"Marshall Community Federal Credit Union",62160,Marshall,MI,http://www.marshallcommunitycu.com,"Marshall Community Credit Union | Personal & Business Finance",no_federal_on_site,"Marshall Community Credit Union",yes
7536,"Summit Federal Credit Union",63020,Greensboro,NC,http://www.summitcu.org,"Summit Credit Union | NC Mortgage | Auto Loans | Credit Cards",no_federal_on_site,"Summit Credit Union",yes
7543,"Sharepoint Federal Credit Union",63098,Bloomington,MN,https://www.sharepointcu.com/,"Local Credit Unions in Minnesota | SharePoint Credit Union",no_federal_on_site,"Sharepoint Credit Union",yes
5133,"Great Basin Federal Credit Union",7063,Reno,NV,http://www.greatbasin.org,"Home - Great Basin Federal Credit Union",federal_on_site,"",no
8368,"Mass Bay Federal Credit Union",68137,SOUTH BOSTON,MA,http://www.massbaycu.org,"Mass Bay Credit Union -  Mortgages  Banking  Loans | Mass Bay Credit Union",no_federal_on_site,"Mass Bay Credit Union",yes
8483,"Peopleschoice Federal Credit Union",68442,Biddeford,ME,http://www.peopleschoicecreditunion.com,"PeoplesChoice Credit Union | Local Credit Union | Southern Maine",federal_on_site,"",yes
8632,"Orlando Federal Credit Union",68706,Orlando,FL,http://www.OrlandoCreditUnion.org,"Checking  Savings  Credit Cards & Loans in Florida Near You - Serving Orange  Brevard  Hillsborough  Lake  Osc",no_federal_on_site,"Orlando Credit Union",no
8644,"Panhandle Federal Credit Union",68720,Panama City,FL,http://www.panhandlecu.org,"Panhandle Credit Union | Panama City&#x27;s Best Credit Union",no_federal_on_site,"Panhandle Credit Union",yes
5181,"C-Plant Federal Credit Union",7524,PADUCAH,KY,http://www.cplant.com,"C-Plant Federal Credit Union | Local Personal & Business Finance",federal_on_site,"",no
7695,"Alpine Federal Credit Union",64332,Orem,UT,http://www.alpinecu.com,"",fetch_failed,"",no
4714,"Affidian Federal Credit Union",2847,Denver,CO,https://www.affidiancu.org/,"Our website is temporarily unavailable.",no_federal_on_site,"Affidian Credit Union",no
5705,"Aero Federal Credit Union",12164,Glendale,AZ,http://www.aerofinancial.com,"AERO Financial",no_federal_on_site,"Aero Credit Union",no
8504,"Matadors Community Federal Credit Union",68483,Northridge,CA,http://www.matadors.org,"",fetch_failed,"",no
8268,"Heritage South Community Cu Federal Credit Union",67748,Shelbyville,TN,http://www.heritagesouth.org,"Home | Heritage South",no_federal_on_site,"Heritage South Community Cu Credit Union",no
7478,"Members 1St Federal Credit Union",62677,Redding,CA,https://www.m1cu.org,"System Transition Merger Hub | Rogue Credit Union",no_federal_on_site,"Members 1St Credit Union",yes
4844,"Montana Federal Credit Union",4164,Great Falls,MT,http://www.montanacu.com,"Home - Montana Credit Union",no_federal_on_site,"Montana Credit Union",yes
8441,"Hudson River Community Federal Credit Union",68342,Corinth,NY,http://www.hrccu.org,"Hudson River Community Credit Union | Banking &amp; Financial Services",no_federal_on_site,"Hudson River Community Credit Union",yes
7994,"Members Plus Federal Credit Union",66706,Medford,MA,https://www.memberspluscu.org,"Members Plus Credit Union | Your local credit union",no_federal_on_site,"Members Plus Credit Union",yes
8533,"Red Rocks Federal Credit Union",68560,Littleton,CO,http://www.redrocks.org,"Red Rocks Credit Union | Colorado Checking  Savings  Loans  Mortgages &amp; Credit Cards",no_federal_on_site,"Red Rocks Credit Union",yes
5367,"Class Act Federal Credit Union",9106,Louisville,KY,https://www.classact.org,"Class Act Federal Credit Union | Louisville  KY",federal_on_site,"",no
7125,"Freestar Financial Federal Credit Union",60406,Mount Clemens,MI,http://www.freestarfinancial.com,"FreeStar Financial Credit Union",no_federal_on_site,"Freestar Financial Credit Union",yes
7969,"Ocean State Federal Credit Union",66595,COVENTRY,RI,http://www.oceanstatecu.org,"Attention Required! | Cloudflare",no_federal_on_site,"Ocean State Credit Union",no
6936,"Pioneer Mutual Federal Credit Union",24818,SUGAR LAND,TX,http://www.pioneeronline.org,"Just a moment...",no_federal_on_site,"Pioneer Mutual Credit Union",no
7314,"United Financial Federal Credit Union",61657,Saginaw,MI,https://www.unitedfinancialcu.org/,"",fetch_failed,"",no
8018,"Cloverbelt Federal Credit Union",66844,Wausau,WI,http://www.ccuwausau.com,"Home › Cloverbelt Credit Union",no_federal_on_site,"Cloverbelt Credit Union",yes
7880,"Guadalupe Federal Credit Union",66149,Santa Fe,NM,http://www.guadalupecu.org,"Guadalupe Credit Union",no_federal_on_site,"Guadalupe Credit Union",yes
7087,"Gulf Federal Credit Union",60205,Groves,TX,http://www.gecu.org,"Gulf Credit Union - Texas - Groves - Orange - Beaumont",no_federal_on_site,"Gulf Credit Union",yes
8261,"Us Community Federal Credit Union",67720,Nashville,TN,http://www.usccu.org,"Home - US Community Credit Union",no_federal_on_site,"Us Community Credit Union",yes
7320,"Michigan United Federal Credit Union",61698,Auburn Hills,MI,http://www.michiganunitedcu.org,"Michigan United Credit Union - Michigan United Credit Union",no_federal_on_site,"Michigan United Credit Union",yes
8332,"Old Hickory Federal Credit Union",67982,Nashville,TN,http://www.ohcu.org,"Old Hickory Credit Union - Old Hickory Credit Union",no_federal_on_site,"Old Hickory Credit Union",yes
5019,"Strata Federal Credit Union",6032,BAKERSFIELD,CA,http://www.stratacu.org,"Strata Credit Union | Kern County  California | Strata CU",no_federal_on_site,"Strata Credit Union",yes
7129,"Extra Federal Credit Union",60428,WARREN,MI,http://www.extracreditunion.org,"Extra Credit Union: Personalized Banking &amp; Financial Literacy in Michigan",no_federal_on_site,"Extra Credit Union",yes
4889,"Net Federal Credit Union",4792,Scranton,PA,https://www.netcreditunion.com,"",fetch_failed,"",no
8600,"Oregonians Federal Credit Union",68669,Milwaukie,OR,http://www.oregonianscu.com,"Oregonians Credit Union. We're a Credit Union. For Oregonians.",no_federal_on_site,"Oregonians Credit Union",yes
6346,"Family First Of Ny Federal Credit Union",19304,ROCHESTER,NY,http://www.familyfirstny.com,"Attention Required! | Cloudflare",no_federal_on_site,"Family First Of Ny Credit Union",no
8217,"First Basin Federal Credit Union",67609,Odessa,TX,http://www.firstbasin.com,"First Basin Home - First Basin Credit Union",no_federal_on_site,"First Basin Credit Union",yes
7151,"Community Trust Federal Credit Union",60543,Gurnee,IL,https://www.ctcu.org,"Community Trust Credit Union",no_federal_on_site,"Community Trust Credit Union",yes
7422,"Dakota West Federal Credit Union",62380,WATFORD CITY,ND,http://www.dakotawestcu.com,"Credit Union Watford City  North Dakota | Dakota West Credit Union",no_federal_on_site,"Dakota West Credit Union",yes
8615,"Centricity Federal Credit Union",68685,HERMANTOWN,MN,http://www.centricity.org,"Homepage - CentricityCU",no_federal_on_site,"Centricity Credit Union",no
4983,"Tucoemas Federal Credit Union",5718,VISALIA,CA,https://www.tucoemas.org,"Home - Tucoemas FCU",federal_on_site,"",no
6975,"West Virginia Central Federal Credit Union",24888,Parkersburg,WV,http://www.wvccu.org,"West Virginia Central Credit Union - West Virginia Central Federal Credit Union | Parkersburg &amp; Vienna WV",federal_on_site,"",no
8100,"Unitedone Federal Credit Union",67248,Manitowoc,WI,http://www.unitedone.org,"UnitedOne Credit Union in Manitowoc & Sheboygan - UnitedOne Credit Union",no_federal_on_site,"Unitedone Credit Union",yes
4544,"Nassau Financial Federal Credit Union",1404,East Meadow,NY,http://www.nassaufinancial.org,"Long Island Credit Union | Banking & Loans | Nassau Financial",federal_on_site,"",yes
8188,"Fort Worth City Federal Credit Union",67532,Fort Worth,TX,http://www.fwccu.org,"Fort Worth City CU: Texas Loans  Credit Cards &amp; Checking",no_federal_on_site,"Fort Worth City Credit Union",no
7919,"First Northern Federal Credit Union",66359,Chicago,IL,http://www.fncu.org,"First Northern Credit Union | Serving northern Illinois since 1944",no_federal_on_site,"First Northern Credit Union",yes
7507,"First Alliance Federal Credit Union",62872,Rochester,MN,http://www.firstalliancecu.com,"First Alliance Credit Union | Serving Southeast Minnesota",no_federal_on_site,"First Alliance Credit Union",yes
4696,"Inroads Federal Credit Union",2730,Saint Helens,OR,http://www.inroadscu.org,"Just a moment...",no_federal_on_site,"Inroads Credit Union",no
4815,"Ume Federal Credit Union",3945,Burbank,CA,http://www.umecreditunion.com,"U + Me = UMe Federal Credit Union in Burbank",federal_on_site,"",no
7546,"Telcomm Federal Credit Union",63116,Springfield,MO,http://www.telcommcu.com,"TelComm Home | TelComm CU - Better Than Banking",no_federal_on_site,"Telcomm Credit Union",no
6272,"United Teletech Financial Federal Credit Union",18195,TINTON FALLS,NJ,http://www.utfinancial.org,"Attention Required! | Cloudflare",no_federal_on_site,"United Teletech Financial Credit Union",no
5369,"Families And Schools Together Federal Credit Union",9109,Hanford,CA,http://www.fastcu.com,"FAST Credit Union",no_federal_on_site,"Families And Schools Together Credit Union",yes
8536,"Downeast Federal Credit Union",68563,Baileyville,ME,http://www.downeastcu.com,"Downeast Credit Union &#8211; Opportunity starts here",no_federal_on_site,"Downeast Credit Union",yes
7409,"Soo Co-Op Federal Credit Union",62325,Sault Sainte Ma,MI,http://www.soocoop.com,"Home Page - Soo Co-Op CU",no_federal_on_site,"Soo Co-Op Credit Union",no
6199,"Trugrocer Federal Credit Union",17127,BOISE,ID,http://www.trugrocer.com,"TruGrocer Federal Credit Union - grocery workers credit union",federal_on_site,"",no
8102,"Northwest Plus Federal Credit Union",67262,Everett,WA,http://www.nwpluscu.com,"Northwest Plus Credit Union | Personal & Business Finance",no_federal_on_site,"Northwest Plus Credit Union",yes
6436,"Secny Federal Credit Union",20496,SYRACUSE,NY,http://www.secny.org,"SECNY Federal Credit Union | Credit Unions in Syracuse",federal_on_site,"",no
6717,"Forest Area Federal Credit Union",24047,Fife Lake,MI,http://www.forestarea.com,"Forest Area Federal Credit Union | Personal &amp; Business Banking in Northern Michigan",federal_on_site,"",no
7414,"Preferred Federal Credit Union",62340,Grand Rapids,MI,http://www.preferredcu.org,"Preferred Credit Union",no_federal_on_site,"Preferred Credit Union",yes
7230,"Oklahoma Educators Federal Credit Union",61088,OKLAHOMA CITY,OK,http://www.oecu.com,"Oklahoma Educators Credit Union of Oklahoma City",no_federal_on_site,"Oklahoma Educators Credit Union",yes
8307,"Fall River Municipal Federal Credit Union",67894,Fall River,MA,http://www.frmcu.com,"Fall River Municipal Credit Union",no_federal_on_site,"Fall River Municipal Credit Union",yes
7293,"Texoma Community Federal Credit Union",61527,Wichita Falls,TX,http://www.TexomaCU.com,"Attention Required! | Cloudflare",no_federal_on_site,"Texoma Community Credit Union",no
8555,"Decatur Earthmover Federal Credit Union",68597,Forsyth,IL,http://www.decu.com,"Homepage - Main Source for Our Members to Stay Up to Date… | DECU",no_federal_on_site,"Decatur Earthmover Credit Union",no
7036,"Harvesters Federal Credit Union",24967,Cantonment,FL,http://www.myharvesterscu.com,"Home - Credit Union Services near Pensacola  FL",no_federal_on_site,"Harvesters Credit Union",yes
6943,"Hawaii Central Federal Credit Union",24839,Honolulu,HI,http://www.hawaiicentral.org,"HOME - Hawaii Central Federal Credit Union",federal_on_site,"",no
8511,"Intrepid Federal Credit Union",68495,Helena,MT,http://www.intrepidcu.org,"Intrepid Credit Union | Personal & Business Finance",no_federal_on_site,"Intrepid Credit Union",yes
8186,"Guardians Federal Credit Union",67521,WEST PALM BEACH,FL,http://www.Guardianscu.coop,"Guardians Credit Union in West Palm Beach",no_federal_on_site,"Guardians Credit Union",yes
5215,"Lookout Federal Credit Union",7776,Pocatello,ID,http://www.lookoutcu.com,"Home Page - Lookout Credit Union",no_federal_on_site,"Lookout Credit Union",yes
4387,"Energy One Federal Credit Union",256,Tulsa,OK,http://www.energyone.org,"Energy One Federal Credit Union | Banking  Loans &amp; Mortgages",federal_on_site,"",no
7517,"Members1St Community Federal Credit Union",62918,Marshalltown,IA,http://www.members1st.com,"Home - Members1st Community Credit Union",no_federal_on_site,"Members1St Community Credit Union",yes
7935,"Valley Communities Federal Credit Union",66430,Mosinee,WI,http://www.valleycommunities.org,"Valley Communities Credit Union",no_federal_on_site,"Valley Communities Credit Union",yes
7247,"United Bay Community Federal Credit Union",61186,Bay City,MI,http://www.ubccu.org,"United Bay Community Credit Union | Serving Michigan",no_federal_on_site,"United Bay Community Credit Union",yes
7606,"United Federal Credit Union",63597,Mexico,MO,http://www.unitedcu.org,"United Credit Union | Credit Union Columbia MO - United Credit Union",no_federal_on_site,"United Credit Union",yes
7425,"Loyalty Federal Credit Union",62417,Pensacola,FL,https://www.loyaltycu.org,"Loyalty Credit Union",no_federal_on_site,"Loyalty Credit Union",yes
8326,"Bowater Employees Federal Credit Union",67970,Calhoun,TN,http://www.bowaterecu.org,"Bowater Credit Union | Better Begins Here",no_federal_on_site,"Bowater Employees Credit Union",yes
8303,"Holyoke Federal Credit Union",67875,Holyoke,MA,http://www.holyokecu.com,"403 Forbidden",no_federal_on_site,"Holyoke Credit Union",no
7194,"New Horizons Federal Credit Union",60799,MOBILE,AL,http://www.newhcu.org,"New Horizons Credit Union",no_federal_on_site,"New Horizons Credit Union",yes
6538,"Home Town Federal Credit Union",21669,Owatonna,MN,http://www.hometowncu.coop,"HomeTown Credit Union - HomeTown Credit Union | Local Banking  Competitive Rates | You Belong Here",no_federal_on_site,"Home Town Credit Union",yes
5209,"Homebase Federal Credit Union",7722,Prince George,VA,https://www.homebasecu.org,"Homebase Credit Union | Savings  Checking &amp; Loans",federal_on_site,"",yes
7305,"Greater Community Federal Credit Union",61624,Dawson,MN,http://www.greaterccu.com,"Greater Community Credit Union | Formerly Dawson Co-Op CU",no_federal_on_site,"Greater Community Credit Union",yes
8111,"Alive Federal Credit Union",67316,Jacksonville,FL,http://www.alivecu.coop,"Alive Credit Union | Inspiring Financial Wellness",no_federal_on_site,"Alive Credit Union",yes
7250,"Kalsee Federal Credit Union",61219,Kalamazoo,MI,http://www.kalsee.com,"Kalsee Credit Union | Michigan",no_federal_on_site,"Kalsee Credit Union",yes
7961,"Northwestern Mutual Federal Credit Union",66555,Milwaukee,WI,http://www.mynmcu.com,"Northwestern Mutual Credit Union | Milwaukee  Wisconsin",no_federal_on_site,"Northwestern Mutual Credit Union",yes
8168,"Alltrust Federal Credit Union",67481,Fairhaven,MA,http://www.alltrustcu.org,"Alltrust Credit Union | Local Massachusetts Banking",no_federal_on_site,"Alltrust Credit Union",yes
7979,"Guardian Federal Credit Union",66638,Oak Creek,WI,http://www.guardiancu.org,"Guardian Credit Union",no_federal_on_site,"Guardian Credit Union",yes
5282,"Advantage Plus Federal Credit Union",8428,POCATELLO,ID,http://www.advantagepluscreditunion.com,"Home - Advantage Plus Credit Union",no_federal_on_site,"Advantage Plus Credit Union",yes
4828,"General Electric Employees Federal Credit Union",4043,Milford,CT,https://www.myGECreditUnion.com,"GE Credit Union - Home",no_federal_on_site,"General Electric Employees Credit Union",yes
8580,"Har-Co Federal Credit Union",68639,BEL AIR,MD,http://www.harcocu.org,"Har-co Credit Union",no_federal_on_site,"Har-Co Credit Union",yes
8053,"1St Community Federal Credit Union",67012,Sparta,WI,http://www.1stccu.com,"1st Community Credit Union",no_federal_on_site,"1St Community Credit Union",yes
8097,"Glacier Hills Federal Credit Union",67238,WEST BEND,WI,http://www.glacierhills.com,"Glacier Hills Your Community Credit Union. | Glacier Hills Credit Union",federal_on_site,"",yes
8462,"Heritage Community Federal Credit Union",68395,Rancho Cordova,CA,http://www.heritageccu.com,"Heritage CCU | Delivering Valued Financial Solutions",no_federal_on_site,"Heritage Community Credit Union",no
6865,"Lormet Community Federal Credit Union",24637,Amherst,OH,http://www.lormet.com,"The Leading Credit Union in Lorain County | Bank With LorMet",federal_on_site,"",yes
8552,"Unity One Federal Credit Union",68589,Fort Worth,TX,http://www.unityone.org,"Unity One Credit Union - Local Credit Union - Unity One Credit Union",no_federal_on_site,"Unity One Credit Union",yes
8387,"Puget Sound Cooperative Federal Credit Union",68204,Bellevue,WA,http://www.psccu.org,"Puget Sound Cooperative Credit Union - Home",no_federal_on_site,"Puget Sound Cooperative Credit Union",yes
4820,"Western Vista Federal Credit Union",3972,Cheyenne,WY,http://www.wvista.com,"Home - Western Vista Federal Credit Union",federal_on_site,"",no
6894,"People'S Community Federal Credit Union",24713,VANCOUVER,WA,http://www.peoplescu.org,"People&#039;s Community Federal Credit Union | Vancouver WA",federal_on_site,"",no
5225,"First Flight Federal Credit Union",7870,CARY,NC,https://www.efirstflight.com,"Home - First Flight Credit Union",no_federal_on_site,"First Flight Credit Union",yes
8458,"Lewis Clark Federal Credit Union",68386,Lewiston,ID,https://www.lewisclarkcu.org,"Home Page - LCCU",no_federal_on_site,"Lewis Clark Credit Union",no
8639,"Marshland Federal Credit Union",68714,Brunswick,GA,https://www.marshlandcu.com,"Marshland Credit Union",no_federal_on_site,"Marshland Credit Union",yes
8396,"Weststar Federal Credit Union",68227,Las Vegas,NV,http://www.weststar.org,"WestStar Credit Union | Personal Finance in Nevada",no_federal_on_site,"Weststar Credit Union",yes
8401,"Minnequa Works Federal Credit Union",68240,Pueblo,CO,http://www.mymwcu.com,"Home - Minnequa Works Credit Union",no_federal_on_site,"Minnequa Works Credit Union",yes
7136,"Zia Federal Credit Union",60467,Los Alamos,NM,https://www.ziacu.org,"ZIA CU",no_federal_on_site,"Zia Credit Union",no
7276,"Bhcu Federal Credit Union",61387,RIDLEY PARK,PA,http://www.propellcu.org,"Homepage - Propell CU",no_federal_on_site,"Bhcu Credit Union",no
7440,"Service One Federal Credit Union",62484,Bowling Green,KY,http://www.socu.com,"Service One Credit Union | SOCU | Bowling Green  KY",no_federal_on_site,"Service One Credit Union",yes
7363,"North Central Area Federal Credit Union",61953,Houghton Lake,MI,http://www.ncacu.org,"North Central Area Credit Union - Your dynamic financial partner  guiding and empowering your success.",no_federal_on_site,"North Central Area Credit Union",yes
8628,"Auburn University Federal Credit Union",68701,AUBURN,AL,http://www.myaucu.org,"Local Community Credit Union & Bank Loans Online Checking Accoun - Auburn University Credit Union",no_federal_on_site,"Auburn University Credit Union",yes
4741,"Aneca Federal Credit Union",3212,Shreveport,LA,https://www.aneca.org,"ANECA Federal Credit Union - Home",federal_on_site,"",no
8576,"Blue Eagle Federal Credit Union",68629,Roanoke,VA,http://www.blueeaglecreditunion.com,"Blue Eagle Credit Union | See Banking Differently",no_federal_on_site,"Blue Eagle Credit Union",yes
7166,"Spc Federal Credit Union",60686,HARTSVILLE,SC,http://www.spccu.org,"SPC Credit Union | Safe. Personal. Connected. | SPCCU",no_federal_on_site,"Spc Credit Union",yes
8609,"Advantage One Federal Credit Union",68679,Brownstown,MI,https://www.myaocu.com/,"Advantage One Credit Union | Accounts | Loans",no_federal_on_site,"Advantage One Credit Union",yes
5294,"Encompass Federal Credit Union",8548,Tipton,IN,http://www.encompasscu.org,"Encompass Credit Union | Where Community Comes Full Circle",no_federal_on_site,"Encompass Credit Union",yes
4424,"Primetrust Financial Federal Credit Union",489,MUNCIE,IN,https://www.primetrustcu.com,"PrimeTrust | Home",federal_on_site,"",no
7522,"Landings Federal Credit Union",62937,TEMPE,AZ,http://www.landingscu.org,"Landings Credit Union - Home",no_federal_on_site,"Landings Credit Union",yes
5310,"Niagara'S Choice Federal Credit Union",8693,Niagara Falls,NY,http://www.niagaraschoice.org,"NCFCU - Niagara&#039;s Choice Federal Credit Union",federal_on_site,"",no
5152,"St. Francis X Federal Credit Union",7219,Petoskey,MI,http://www.stfranciscu.org,"Home | St. Francis X Federal Credit Union",federal_on_site,"",no
7641,"One Federal Credit Union",63923,SPRINGFIELD,VT,http://www.onecu.org,"One Credit Union | Vermont and New Hampshire Credit Union",no_federal_on_site,"One Credit Union",yes
8473,"Illiana Financial Federal Credit Union",68425,CALUMET CITY,IL,http://www.illiana.org,"Illiana Financial",federal_on_site,"",no
7150,"Southwest Heritage Federal Credit Union",60533,Odessa,TX,http://www.swhcu.com,"Southwest Heritage Credit Union",no_federal_on_site,"Southwest Heritage Credit Union",yes
7358,"Energy Capital Federal Credit Union",61936,Houston,TX,https://www.eccu.net,"Checking & Savings Accounts | Energy Capital Credit Union",no_federal_on_site,"Energy Capital Credit Union",yes
5376,"Elevate Federal Credit Union",9163,BRIGHAM CITY,UT,http://www.elevatecu.com,"Home | Elevate Credit Union",no_federal_on_site,"Elevate Credit Union",yes
4682,"Red Crown Federal Credit Union",2585,Tulsa,OK,http://www.redcrown.org,"Red Crown Credit Union | Trusted Local Credit Union in Oklahoma",no_federal_on_site,"Red Crown Credit Union",yes
8411,"Connections Federal Credit Union",68257,pocatello,ID,http://www.connectidaho.org,"Connections Credit Union | Connections CU",no_federal_on_site,"Connections Credit Union",yes
5424,"Midwest Community Federal Credit Union",9522,Defiance,OH,http://www.midwestcommunity.org,"Home - Midwest Community",federal_on_site,"",no
8443,"Tremont Federal Credit Union",68349,Boston,MA,http://www.tremontcu.org,"Credit Union in Massachusetts | Savings Accounts | Checking Accounts | Auto Loans |  Mortgages | Tremont Credi",no_federal_on_site,"Tremont Credit Union",yes
5761,"Edifi Federal Credit Union",12679,Rancocas,NJ,http://www.edificu.com,"EdiFi Credit Union | Know More. Grow More.",no_federal_on_site,"Edifi Credit Union",yes
7369,"Filer Federal Credit Union",62010,Manistee,MI,http://www.filercu.com,"",fetch_failed,"",no
8560,"Mygeorgia Federal Credit Union",68602,Gainesville,GA,http://www.mygacu.com,"My Georgia Credit Union |",no_federal_on_site,"Mygeorgia Credit Union",yes
7424,"Bridge Federal Credit Union",62406,Powell,OH,http://www.bridgecu.org,"Home - Bridge Credit Union | Central Ohio Credit Unions",no_federal_on_site,"Bridge Credit Union",yes
4853,"Chief Financial Federal Credit Union",4271,Rochester Hills,MI,http://www.chiefonline.com,"Home - Chief Financial Credit Union",no_federal_on_site,"Chief Financial Credit Union",yes
7317,"Community West Federal Credit Union",61677,Kentwood,MI,http://www.communitywestcu.org,"Home - Community West Credit Union",no_federal_on_site,"Community West Credit Union",yes
7114,"Central State Federal Credit Union",60363,Stockton,CA,http://www.centralstatecu.org,"Central State Credit Union",no_federal_on_site,"Central State Credit Union",yes
7760,"Hidden River Federal Credit Union",64932,Pottsville,PA,http://www.hdriver.org,"Hidden River Credit Union &#8211; &quot;People Helping People&quot;",no_federal_on_site,"Hidden River Credit Union",yes
4824,"Truecore Federal Credit Union",4024,NEWARK,OH,http://www.truecore.org,"Home › TrueCore Federal Credit Union",federal_on_site,"",no
7966,"Citizens Community Federal Credit Union",66592,Fort Dodge,IA,http://www.citizenscu.com,"Home | Citizens Community Credit Union",no_federal_on_site,"Citizens Community Credit Union",yes
7759,"Illinois State Federal Credit Union",64920,Normal,IL,http://www.itsmycreditunion.org,"Illinois State Credit Union - Homepage",no_federal_on_site,"Illinois State Credit Union",yes
7778,"Novation Federal Credit Union",65063,OAKDALE,MN,http://www.Novation.org,"Novation Credit Union | Your Financial Partner for Life",no_federal_on_site,"Novation Credit Union",yes
4634,"Greater Alliance Federal Credit Union",2182,Paramus,NJ,http://www.greateralliance.org,"Discover Greater Alliance: Your New Jersey Credit Union",federal_on_site,"",yes
7576,"Nw Priority Federal Credit Union",63315,Portland,OR,http://www.nwprioritycu.org,"Home - NW Priority Credit Union",no_federal_on_site,"Nw Priority Credit Union",yes
5440,"Meritus Federal Credit Union",9643,LAFAYETTE,LA,http://www.merituscu.net,"Meritus Credit Union | Giving Back Is Part of Our Heritage",no_federal_on_site,"Meritus Credit Union",yes
5013,"Southern Security Federal Credit Union",5974,Collierville,TN,http://www.southernsecurity.org,"Southern Security Federal Credit Union - Nationwide Branch Network",federal_on_site,"",no
7178,"The Family Federal Credit Union",60728,Davenport,IA,http://www.familycu.com,"The Family Credit Union | Serving the Quad Cities Area &amp; Beyond",federal_on_site,"",yes
5857,"Shrewsbury Federal Credit Union",13601,SHREWSBURY,MA,http://WWW.SHREWSBURYCU.COM,"Attention Required! | Cloudflare",no_federal_on_site,"Shrewsbury Credit Union",no
4713,"Sterling Federal Credit Union",2840,STERLING,CO,http://www.sterlingcreditunion.org,"Sterling Federal Credit Union - Home",federal_on_site,"",no
6109,"Geovista Federal Credit Union",16168,Hinesville,GA,http://www.geovistacu.com,"GeoVista Credit Union | Personal Finance",no_federal_on_site,"Geovista Credit Union",yes
6788,"Building Trades Federal Credit Union",24414,MAPLE GROVE,MN,http://www.buildingtradesCU.com,"Building Trades Credit Union &#8211; Keeping union members financially sound",no_federal_on_site,"Building Trades Credit Union",yes
7144,"Mutual Savings Federal Credit Union",60501,Birmingham,AL,http://www.mutualsavings.org,"Mutual Savings Credit Union - Mutual Savings Credit Union",no_federal_on_site,"Mutual Savings Credit Union",yes
6990,"Ohio Valley Community Federal Credit Union",24909,CLARINGTON,OH,http://www.ohiovalleycu.org,"Ohio Valley Community Federal Credit Union | Ohio Valley Community Federal Credit Union | Checking Accounts | ",federal_on_site,"",no
7833,"Cedar Falls Community Federal Credit Union",65565,Cedar Falls,IA,http://www.cfccu.org,"CFCCU - Grow with us.",no_federal_on_site,"Cedar Falls Community Credit Union",no
7927,"Southbridge Federal Credit Union",66374,Southbridge,MA,https://www.southbridgecu.com,"Southbridge Credit Union (SCU) | We&#8217;ve Got You",no_federal_on_site,"Southbridge Credit Union",yes
8446,"Corazo Federal Credit Union",68356,El Centro,CA,http://www.corazocu.com,"Corazo Credit Union &#8211; People are the pulse.",no_federal_on_site,"Corazo Credit Union",yes
7417,"C E S Federal Credit Union",62352,MOUNT VERNON,OH,http://www.cescu.com,"CES Credit Union - CES Credit Union - You Deserve a Credit Union Working for You!",no_federal_on_site,"C E S Credit Union",yes
6402,"Americhoice Federal Credit Union",20041,Mechanicsburg,PA,http://www.americhoice.org,"Home",federal_on_site,"",no
7527,"Financial Plus Federal Credit Union",62965,West Des Moines,IA,http://www.financialpluscu.com,"Credit Union in Des Moines  IA | Financial Plus Credit Union",no_federal_on_site,"Financial Plus Credit Union",yes
7745,"F3 Federal Credit Union",64835,SAN JOSE,CA,http://www.f3creditunion.com,"Just a moment...",no_federal_on_site,"F3 Credit Union",no
8150,"Community South Federal Credit Union",67434,CHIPLEY,FL,http://www.communitysouth.net,"Community South Credit Union | Your Local Florida Panhandle Credit Union",no_federal_on_site,"Community South Credit Union",yes
7394,"Michigan One Community Federal Credit Union",62169,Ionia,MI,http://www.M1ccu.org,"Home Page",no_federal_on_site,"Michigan One Community Credit Union",no
6014,"Community First Guam Federal Credit Union",15051,Hagatna,GU,http://www.cfirstguam.com,"",fetch_failed,"",no
8310,"Westex Community Federal Credit Union",67915,Kermit,TX,https://www.wccu.net/,"WesTex Community Credit Union",no_federal_on_site,"Westex Community Credit Union",yes
8128,"University Federal Credit Union",67348,MIAMI,FL,http://WWW.UCUMIAMI.ORG,"University Credit Union - Best Credit Union in Miami  FL",no_federal_on_site,"University Credit Union",yes
7781,"Sunwest Federal Credit Union",65082,Pueblo,CO,http://www.sunwestecu.com,"Home | SunWest Educational Credit Union",no_federal_on_site,"Sunwest Credit Union",yes
5606,"First Service Federal Credit Union",11170,Groveport,OH,http://www.firstcu.com,"Home",federal_on_site,"",no
8299,"Capitol Federal Credit Union",67865,Austin,TX,http://www.ccutx.org,"Capitol Credit Union | Banking  Loans & Financial Services in Central Texas",no_federal_on_site,"Capitol Credit Union",yes
8425,"Clarity Federal Credit Union",68295,Nampa,ID,http://www.claritycu.com,"Clarity Credit Union | We Clearly Have a Passion for People",no_federal_on_site,"Clarity Credit Union",yes
6099,"Chaffey Federal Credit Union",16030,Upland,CA,http://www.chaffey.com,"Home - Chaffey Federal Credit Union",federal_on_site,"",no
8308,"Greater Springfield Federal Credit Union",67902,SPRINGFIELD,MA,http://www.grscu.org,"Greater Springfield Credit Union",no_federal_on_site,"Greater Springfield Credit Union",yes
8614,"Midwest Members Federal Credit Union",68684,Wood River,IL,http://www.midmembers.org,"Midwest Members Credit Union | The One Place To Go",no_federal_on_site,"Midwest Members Credit Union",yes
6902,"Western Division Federal Credit Union",24731,WILLIAMSVILLE,NY,http://WWW.WESTERNDIVISION.ORG,"Western Division Federal Credit Union",federal_on_site,"",no
7526,"Expedition Federal Credit Union",62964,Mendota Heights,MN,https://www.expeditioncu.com/,"Expedition Credit Union",no_federal_on_site,"Expedition Credit Union",yes
7341,"Fort Mcclellan Federal Credit Union",61800,Anniston,AL,https://www.fortmcclellancu.org/,"Fort McClellan Credit Union",no_federal_on_site,"Fort Mcclellan Credit Union",yes
6890,"Eastern Utah Community Federal Credit Union",24709,Price,UT,http://www.euccu.com,"Eastern Utah Community Credit Union",no_federal_on_site,"Eastern Utah Community Credit Union",yes
7472,"Michigan Legacy Federal Credit Union",62642,Wyandotte,MI,http://www.michiganlegacycu.org,"HOME | Michigan Legacy CU",no_federal_on_site,"Michigan Legacy Credit Union",no
7269,"Isabella Community Federal Credit Union",61318,MT Pleasant,MI,https://www.iccuonline.com,"Isabella Community Credit Union",no_federal_on_site,"Isabella Community Credit Union",yes
5603,"Canopy Federal Credit Union",11162,SPOKANE,WA,http://www.canopycu.com,"Canopy CU | Spokane&#039;s Best Credit Union | Loans &amp; Online Banking",no_federal_on_site,"Canopy Credit Union",yes
6312,"Louviers Federal Credit Union",18765,Newark,DE,http://www.louviers.com,"Welcome To Louviers FCU | Become A Member | Louviers FCU",federal_on_site,"",no
8550,"Associated School Employees Federal Credit Union",68587,Youngstown,OH,http://www.asecu.com,"Associated School Employees CU",no_federal_on_site,"Associated School Employees Credit Union",no
7845,"Catholic & Community Federal Credit Union",65735,Shiloh,IL,http://www.candccu.com,"404 Not Found",no_federal_on_site,"Catholic & Community Credit Union",no
7210,"Alatrust Federal Credit Union",60934,HOOVER,AL,http://www.alatrustcu.com,"AlaTrust Credit Union - Home",no_federal_on_site,"Alatrust Credit Union",yes
7312,"Hometown Federal Credit Union",61648,KULM,ND,http://www.hcuonline.com,"Hometown Credit Union |",no_federal_on_site,"Hometown Credit Union",yes
7474,"Naheola Federal Credit Union",62661,Pennington,AL,http://www.naheola.com,"Naheola Credit Union - Home",no_federal_on_site,"Naheola Credit Union",yes
6328,"Okunity Federal Credit Union",18965,Stillwater,OK,http://www.okcommunitycu.com,"Oklahoma Community Credit Union",no_federal_on_site,"Okunity Credit Union",yes
5517,"1St Liberty Federal Credit Union",10375,Great Falls,MT,http://www.1stliberty.org,"1st Liberty Federal Credit Union - Montana Banking Services",federal_on_site,"",no
6095,"Grand Altitude Federal Credit Union",16009,Lander,WY,http://www.atlanticcity.coop,"Grand Altitude FCU | Personal & Business Finance",federal_on_site,"",no
5773,"Success Federal Credit Union",12808,BLYTHEVILLE,AR,https://www.successcreditunion.com,"Home › Success Credit Union",federal_on_site,"",yes
7193,"Accentra Federal Credit Union",60798,AUSTIN,MN,http://www.accentracu.org,"Accentra Credit Union - Simply Better Banking",no_federal_on_site,"Accentra Credit Union",yes
6540,"Parda Federal Credit Union",21686,Auburn Hills,MI,http://www.parda.com,"Home | Parda Credit Union",no_federal_on_site,"Parda Credit Union",yes
8465,"United Consumers Federal Credit Union",68410,INDEPENDENCE,MO,http://www.uccumo.com,"Error 406 - Not Acceptable",no_federal_on_site,"United Consumers Credit Union",no
7172,"Alabama Central Federal Credit Union",60712,Birmingham,AL,http://www.alabamacentral.org,"Alabama Central CU |",no_federal_on_site,"Alabama Central Credit Union",no
5920,"Stark Federal Credit Union",14120,canton,OH,http://www.starkcu.org,"Home - Stark Federal Credit Union",federal_on_site,"",no
5532,"Fitzsimons Federal Credit Union",10572,AURORA,CO,http://www.fitzsimonscu.com,"Homepage - Fitzsimons Credit Union",no_federal_on_site,"Fitzsimons Credit Union",yes
7385,"U.P. State Federal Credit Union",62085,Escanaba,MI,http://www.upscu.com,"Credit Union in the Upper Peninsula of Michigan",no_federal_on_site,"U.P. State Credit Union",yes
7716,"Alta Vista Federal Credit Union",64531,REDLANDS,CA,http://www.altavistacu.org,"Homepage - Alta VistaCU",no_federal_on_site,"Alta Vista Credit Union",no
5813,"Lisbon Community Federal Credit Union",13190,Lisbon,ME,http://www.lisboncu.org,"Lisbon Community FCU",federal_on_site,"",no
7398,"Aac Federal Credit Union",62217,Grand Rapids,MI,https://www.goaac.com,"AAC Credit Union",no_federal_on_site,"Aac Credit Union",yes
4699,"U. S. Employees O. C. Federal Credit Union",2744,OKLAHOMA CITY,OK,http://WWW.USECREDITUNION.ORG,"USE Federal Credit Union | Checking  Loans in Oklahoma City",federal_on_site,"",no
5023,"Beacon Federal Credit Union",6062,La Porte,TX,http://www.beaconfed.org,"Home Page - Beacon Federal Credit Union",federal_on_site,"",no
7562,"Frontier Community Federal Credit Union",63201,Leavenworth,KS,http://www.FrontierCCU.org,"Frontier Community Credit Union - Serving Kansas",no_federal_on_site,"Frontier Community Credit Union",yes
7333,"Red Wing Federal Credit Union",61778,Red Wing,MN,http://www.redwingcu.com,"Red Wing Credit Union Home - Red Wing Credit Union",no_federal_on_site,"Red Wing Credit Union",yes
7189,"Railway Federal Credit Union",60787,MANDAN,ND,http://www.railwaycu.com,"Railway Credit Union - Railway Credit Union Home Page",no_federal_on_site,"Railway Credit Union",yes
7621,"Cooperative Choice Network Federal Credit Union",63783,PEORIA,IL,http://www.ccncu.com,"Cooperative Choice Network Credit Union",no_federal_on_site,"Cooperative Choice Network Credit Union",yes
7738,"Merco Federal Credit Union",64766,Merced,CA,http://www.merco.org,"MERCO Credit Union | MERCO Credit Union",no_federal_on_site,"Merco Credit Union",yes
8080,"Access Community Federal Credit Union",67178,Amarillo,TX,http://www.accesscreditunion.com,"Access Community Credit Union",no_federal_on_site,"Access Community Credit Union",yes
8074,"Members First Federal Credit Union",67153,Brigham City,UT,https://www.memfirstcu.com,"Members First Credit Union",no_federal_on_site,"Members First Credit Union",yes
7050,"Priority One Federal Credit Union",60024,South Pasadena,CA,https://www.priorityonecu.org,"Home | Priority One",no_federal_on_site,"Priority One Credit Union",no
8481,"Membersource Federal Credit Union",68440,Houston,TX,http://www.membersourcecu.org,"",fetch_failed,"",no
5058,"Trunorth Federal Credit Union",6332,Ishpeming,MI,http://www.trunorthcu.org,"Home - TruNorth Federal Credit Union",federal_on_site,"",no
6188,"Coca-Cola Federal Credit Union",17017,ATLANTA,GA,https://www.creditunion.coca-cola.com,"",fetch_failed,"",no
7053,"Vicinity Federal Credit Union",60041,Chicago,IL,http://www.vicinitycreditunion.com,"Home - Vicinity Credit Union",no_federal_on_site,"Vicinity Credit Union",yes
5854,"Spirit Of Alaska Federal Credit Union",13583,Fairbanks,AK,http://www.spiritofak.com,"Spirit of Alaska Credit Union - Local Personal &amp; Business Banking",no_federal_on_site,"Spirit Of Alaska Credit Union",yes
7573,"Employees Federal Credit Union",63299,Estherville,IA,http://www.employeescu.com,"",fetch_failed,"",no
7753,"Aim Federal Credit Union",64886,Dubuque,IA,http://www.aimcreditunion.com,"AIM Credit Union &#8211; AIM Credit Union is organized differently than a bank. We are a non-profit financial ",no_federal_on_site,"Aim Credit Union",yes
4949,"Kauai Federal Credit Union",5487,Lihue,HI,http://www.kauaicreditunion.org,"Home - Kaua&#039;i Federal Credit Union",federal_on_site,"",no
7212,"Riverfall Federal Credit Union",60942,Tuscaloosa,AL,http://www.riverfallcu.com,"RiverFall Credit Union | Local Personal Finance",no_federal_on_site,"Riverfall Credit Union",yes
7558,"White Eagle Federal Credit Union",63189,Augusta,KS,http://www.whiteeaglecu.com,"White Eagle Credit Union | Member-Owned Credit Union in Kansas",no_federal_on_site,"White Eagle Credit Union",yes
8437,"Saco Valley Federal Credit Union",68324,Saco,ME,http://www.sacovalley.org,"Saco Valley Credit Union",no_federal_on_site,"Saco Valley Credit Union",yes
5315,"Coloramo Federal Credit Union",8725,Grand Junction,CO,http://www.Coloramo.org,"Best Credit Union | Grand Junction | Fruita | Western Colorado",federal_on_site,"",yes
6428,"Beach Municipal Federal Credit Union",20394,Virginia Beach,VA,http://www.beachmunicipal.org,"Beach Municipal Federal Credit Union",federal_on_site,"",no
7820,"Eco Federal Credit Union",65464,Birmingham,AL,http://www.ecocu.org,"eCO Credit Union - Home",no_federal_on_site,"Eco Credit Union",yes
7191,"Georgetown Kraft Federal Credit Union",60791,Georgetown,SC,http://www.gkcu.org,"Home | Georgetown Kraft Credit Union",no_federal_on_site,"Georgetown Kraft Credit Union",yes
4895,"Downriver Community Federal Credit Union",4853,Ecorse,MI,http://www.downrivercu.com,"Downriver Community Federal Credit Union",federal_on_site,"",no
8117,"Miami Postal Service Federal Credit Union",67330,Miami,FL,http://www.mpscu.org,"MPS Credit Union",no_federal_on_site,"Miami Postal Service Credit Union",yes
8554,"First Trust Federal Credit Union",68596,Michigan City,IN,https://www.firsttrustcu.com,"First Trust Credit Union",federal_on_site,"",yes
7285,"Priority Trust Federal Credit Union",61457,Houston,TX,http://www.prioritytrustcu.org,"Priority Trust Credit Union | Your Trust. Our Priority.",no_federal_on_site,"Priority Trust Credit Union",yes
7677,"Conservation Employees Federal Credit Union",64199,Jefferson City,MO,http://www.cecuonline.org,"Conservation Employees Credit Union - Home",no_federal_on_site,"Conservation Employees Credit Union",yes
7826,"Municipal Emps Cu Of Oklahoma City Federal Credit Union",65503,OKLAHOMA CITY,OK,http://WWW.MECUOKC.ORG,"MECU &#8211; Municipal Employees Credit Union",no_federal_on_site,"Municipal Emps Cu Of Oklahoma City Credit Union",yes
7063,"Community 1St Federal Credit Union",60079,DUPONT,WA,https://WWW.MYC1CU.COM,"Attention Required! | Cloudflare",no_federal_on_site,"Community 1St Credit Union",no
8238,"Members First Federal Credit Union",67658,Corpus Christi,TX,http://www.m1st.org,"Members First Credit Union | Serving South Texas since 1938!",no_federal_on_site,"Members First Credit Union",yes
7496,"Public Safety Federal Credit Union",62812,Kansas City,MO,http://www.publicsafetycu.org,"Public Safety Credit Union - Serving First Responders!",no_federal_on_site,"Public Safety Credit Union",yes
6736,"Mil-Way Federal Credit Union",24197,TEXARKANA,AR,https://www.milway.org,"MilWay Federal Credit Union",federal_on_site,"",no
8489,"Lone Star Federal Credit Union",68449,Dallas,TX,http://www.lonestarcu.org,"Homepage - Front Page - Lone Star Credit Union",no_federal_on_site,"Lone Star Credit Union",yes
7912,"River Works Federal Credit Union",66346,Lynn,MA,http://www.rwcu.com,"RiverWorks Credit Union - Lynn  Lynnfield  Dorchester  MA",no_federal_on_site,"River Works Credit Union",yes
8549,"Heritage South Federal Credit Union",68586,SYLACAUGA,AL,http://www.myhscu.com,"Heritage South Credit Union - Home",no_federal_on_site,"Heritage South Credit Union",yes
8082,"Ripco Federal Credit Union",67183,Rhinelander,WI,http://www.ripco.org,"Ripco Credit Union | Banking  Loans &amp; Accounts",no_federal_on_site,"Ripco Credit Union",yes
8055,"Northeast Community Federal Credit Union",67021,ELIZABETHTON,TN,http://www.BeMyCU.org,"Home - Northeast Community Credit Union",no_federal_on_site,"Northeast Community Credit Union",yes
8233,"First Central Federal Credit Union",67644,Waco,TX,http://www.firstcentralcu.com,"First Central Credit Union | Serving Members Since 1937",no_federal_on_site,"First Central Credit Union",yes
4381,"Magnolia Federal Credit Union",224,Jackson,MS,http://www.magfedcu.org,"Home - Magnolia Federal Credit Union",federal_on_site,"",no
8321,"Alden Federal Credit Union",67951,Chicopee,MA,http://www.aldencu.com,"Alden Credit Union",no_federal_on_site,"Alden Credit Union",yes
5899,"Puerto Rico Federal Credit Union",13939,Caparra,PR,http://www.prfedcu.com,"Puerto Rico Federal Credit Union",federal_on_site,"",no
6906,"Horizon Utah Federal Credit Union",24746,Farmington,UT,http://www.myHorizonCU.com,"Horizon Credit Union - Just another WordPress site : Horizon Credit Union",no_federal_on_site,"Horizon Utah Credit Union",yes
6055,"Kelly Community Federal Credit Union",15467,Tyler,TX,http://www.kellycommunity.org,"Kelly Community Federal Credit Union | Tyler  TX",federal_on_site,"",no
8281,"Employee Resources Federal Credit Union",67789,LAWRENCEBURG,TN,http://www.ercu.org,"Employee Resources Credit Union",no_federal_on_site,"Employee Resources Credit Union",yes
7491,"Southwest Louisiana Federal Credit Union",62756,Lake Charles,LA,http://www.swlacu.com,"Southwest Louisiana Credit Union | Southwest Louisiana CU",no_federal_on_site,"Southwest Louisiana Credit Union",yes
5143,"Chemcel Federal Credit Union",7129,BISHOP,TX,http://www.chemcel.org,"Chemcel FCU | We're Here For You!",federal_on_site,"",no
7977,"Members' Advantage Federal Credit Union",66633,Wisconsin Rapid,WI,http://www.membersadvantagecu.com,"Members&#39; Advantage Credit Union - Home",no_federal_on_site,"Members' Advantage Credit Union",yes
6811,"South Metro Federal Credit Union",24482,PRIOR LAKE,MN,http://www.southmet.com,"South Metro Federal Credit Union - South Metro FCU",federal_on_site,"",no
7811,"First Nebraska Federal Credit Union",65398,OMAHA,NE,http://www.firstnebraska.org,"",fetch_failed,"",no
7561,"Lincoln County Federal Credit Union",63199,Libby,MT,http://www.lincolncountycu.com,"Lincoln County Credit Union | Lincoln County  Montana",no_federal_on_site,"Lincoln County Credit Union",yes
7366,"Safe Harbor Federal Credit Union",61988,Ludington,MI,http://www.safeharborcu.org,"Safe Harbor Credit Union | Member. Owner. Neighbor.",no_federal_on_site,"Safe Harbor Credit Union",yes
4603,"Aspire Community Federal Credit Union",1888,MINOT,ND,https://www.aspire.creditunion,"",fetch_failed,"",no
7357,"Compass Community Federal Credit Union",61933,Eureka,CA,http://www.compassccu.org,"Compass Community Credit Union | Serving Humboldt County Financial Needs",no_federal_on_site,"Compass Community Credit Union",yes
6484,"First Choice Financial Federal Credit Union",21012,Gloversville,NY,http://www.fcfinancialcu.org,"Credit Union in Gloversville & Broadalbin  NY | First Choice Financial Federal Credit Union - First Choice Fin",federal_on_site,"",no
7112,"Johnsonville Tva Employees Federal Credit Union",60345,CAMDEN,TN,http://www.jtvaecu.org,"Johnsonville TVA Employees Credit Union",no_federal_on_site,"Johnsonville Tva Employees Credit Union",yes
5585,"Ufcw Community Federal Credit Union",10973,Wyoming,PA,http://www.ufcwpa.org,"UFCW Community Federal Credit Union | Your Path To Growth",federal_on_site,"",no
6218,"Allegius Federal Credit Union",17389,Burns Harbor,IN,https://www.allegius.org,"Allegius Credit Union | You Can Always Count On Us",federal_on_site,"",yes
6399,"Health Advantage Federal Credit Union",20007,SAGINAW,MI,http://www.healthadvantagecu.com,"Health Advantage Credit Union Home Page - Health Advantage Credit Union",federal_on_site,"",yes
5988,"Frick Financial Federal Credit Union",14775,Uniontown,PA,http://www.frickfin.org,"",fetch_failed,"",no
7131,"Century Federal Credit Union",60435,SAINT LOUIS,MO,https://www.centurycu.org/,"Century Credit Union",no_federal_on_site,"Century Credit Union",yes
7271,"Community Federal Credit Union",61336,NEW ROCKFORD,ND,http://www.community-credit-union.org,"Home - Community Credit Union",no_federal_on_site,"Community Credit Union",yes
8617,"Rock Valley Federal Credit Union",68687,Loves Park,IL,http://www.rockvalleycreditunion.org,"Home - Rock Valley Credit Union",no_federal_on_site,"Rock Valley Credit Union",yes
7503,"Northwoods Federal Credit Union",62847,Cloquet,MN,https://www.northwoodscu.org,"",fetch_failed,"",no
7083,"Cornerstone Federal Credit Union",60189,Freeport,IL,http://www.cornerstonecu.org,"Home - Cornerstone Credit Union",no_federal_on_site,"Cornerstone Credit Union",yes
7301,"Libertyone Federal Credit Union",61604,Arlington,TX,http://www.libertyonecu.com,"LibertyOne Credit Union",no_federal_on_site,"Libertyone Credit Union",yes
6143,"Nuvista Federal Credit Union",16476,Montrose,CO,http://www.nuvista.org,"NuVista Credit Union | Colorado Western Slope Credit Union",federal_on_site,"",yes
7180,"Mid Carolina Federal Credit Union",60735,Lugoff,SC,http://www.midcarolinacu.com,"Mid Carolina Credit Union | MCCU | South Carolina",no_federal_on_site,"Mid Carolina Credit Union",yes
7257,"Achieve Financial Federal Credit Union",61256,Berlin,CT,http://www.achievefinancialcu.com,"Achieve Financial | Banking Services for Hartford and New Haven County",no_federal_on_site,"Achieve Financial Credit Union",no
6874,"First Federal Credit Union",24673,Hiawatha,IA,http://www.firstfedcu.com,"Community Financial Services | First Federal Credit Union",federal_on_site,"",no
4862,"Greenville Heritage Federal Credit Union",4400,Greenville,SC,http://www.greenvilleheritage.com,"Credit Union in Greenville SC | Loans &amp; Banking | Greenville Heritage FCU",federal_on_site,"",yes
6541,"Ulster Federal Credit Union",21694,Kingston,NY,http://www.ulsfedcu.org,"Ulster Federal Credit Union | Establish Roots With us.",federal_on_site,"",no
8016,"Code Federal Credit Union",66840,Dayton,OH,http://www.codecu.org,"CODE Credit Union",no_federal_on_site,"Code Credit Union",yes
5382,"Trailnorth Federal Credit Union",9219,Ticonderoga,NY,http://www.trailnorth.com,"Home - TrailNorth Federal Credit Union",federal_on_site,"",no
7672,"Heartland Federal Credit Union",64168,Inver Grove Hei,MN,http://www.heartlandcu.com,"Novation | MN Credit Union | Savings  Loans  Credit Cards",no_federal_on_site,"Heartland Credit Union",yes
7135,"Associated Healthcare Federal Credit Union",60466,Woodbury,MN,http://www.ahcu.org,"Associated Healthcare Credit Union | AHCU",no_federal_on_site,"Associated Healthcare Credit Union",yes
8344,"Naveo Federal Credit Union",68046,SOMERVILLE,MA,http://www.naveo.org,"Naveo Credit Union &#8211; It&#039;s your journey®",no_federal_on_site,"Naveo Credit Union",yes
7408,"E-Central Federal Credit Union",62323,PASADENA,CA,http://www.ecentralcu.org,"Just a moment...",no_federal_on_site,"E-Central Credit Union",no
7650,"Santa Cruz Community Federal Credit Union",64029,Santa Cruz,CA,https://www.scccu.org,"Santa Cruz Community Credit Union",no_federal_on_site,"Santa Cruz Community Credit Union",yes
8009,"San Joaquin Power Employees Federal Credit Union",66788,FRESNO,CA,http://www.sjpecu.org,"San Joaquin Power Employees Credit Union – PG&amp;E credit union since 1934",no_federal_on_site,"San Joaquin Power Employees Credit Union",yes
7938,"Winnebago Community Federal Credit Union",66437,Oshkosh,WI,http://www.wincu.org,"Winnebago Community Credit Union",no_federal_on_site,"Winnebago Community Credit Union",yes
5636,"Ascent Federal Credit Union",11520,OGDEN,UT,http://www.ascentcu.com,"Home | Ascent Credit Union",no_federal_on_site,"Ascent Credit Union",yes
8149,"Calhoun Liberty Federal Credit Union",67431,Blountstown,FL,http://www.calhounlibertycu.com,"A Member-Owned Financial Cooperative | Calhoun Liberty Credit Union",no_federal_on_site,"Calhoun Liberty Credit Union",yes
8054,"N.E.W. Federal Credit Union",67017,Oconto Falls,WI,http://www.newcu.org,"Home - N.E.W. Credit Union",no_federal_on_site,"N.E.W. Credit Union",yes
7548,"1St Gateway Federal Credit Union",63124,Camanche,IA,http://www.1stgateway.org,"1st Gateway Credit Union",no_federal_on_site,"1St Gateway Credit Union",yes
7400,"H.P.C. Federal Credit Union",62219,ALPENA,MI,http://www.hpccu.com,"HPC Credit Union",no_federal_on_site,"H.P.C. Credit Union",yes
8347,"Homefield Federal Credit Union",68057,NORTH GRAFTON,MA,http://www.homefieldcu.com,"Homefield Credit Union | Banking with a Homefield Advantage",no_federal_on_site,"Homefield Credit Union",yes
7116,"Minnesota Power Employees Federal Credit Union",60377,DULUTH,MN,http://www.mpecu.com,"MPECU - Minnesota Power Employee Credit Union",no_federal_on_site,"Minnesota Power Employees Credit Union",yes
7939,"Sentry Federal Credit Union",66439,Stevens Point,WI,http://www.sentrycu.org,"Financial Services for Sentry Insurance Associates | Sentry Credit Union",no_federal_on_site,"Sentry Credit Union",yes
7381,"Harborlight Federal Credit Union",62066,WHITEHALL,MI,http://www.harborlightcu.org,"HarborLight CU |  More Than Money",no_federal_on_site,"Harborlight Credit Union",no
7307,"Family Financial Federal Credit Union",61633,Norton Shores,MI,https://www.ff-cu.org,"Family Financial Credit Union | Family Financial CU | FFCU",no_federal_on_site,"Family Financial Credit Union",yes
7397,"Wolverine State Federal Credit Union",62203,Alpena,MI,http://www.wolverinescu.com,"Wolverine State Credit Union - Interactional  not transactional.",no_federal_on_site,"Wolverine State Credit Union",yes
7998,"New Bedford Federal Credit Union",66733,New Bedford,MA,http://www.nbcu4u.com,"New Bedford Credit Union &#8211; In Your Corner",no_federal_on_site,"New Bedford Credit Union",yes
7493,"Artesia Federal Credit Union",62783,Artesia,NM,http://www.artesiacu.org,"Artesia Credit Union",no_federal_on_site,"Artesia Credit Union",yes
6107,"Heritage Grove Federal Credit Union",16113,Salem,OR,http://www.ourgrovecu.com,"",fetch_failed,"",no
5368,"Southern Chautauqua Federal Credit Union",9107,Lakewood,NY,http://www.665-7000.com,"Home  - Southern Chautauqua Federal Credit Union",federal_on_site,"",no
7796,"Cent Federal Credit Union",65238,Mason City,IA,http://www.centcu.org,"Home - CENT Credit Union",no_federal_on_site,"Cent Credit Union",yes
6802,"Pioneer Valley Federal Credit Union",24443,Springfield,MA,https://www.pvcu.org,"Springfield MA Credit Union - Pioneer Valley Federal Credit Union",federal_on_site,"",no
6984,"Hercules First Federal Credit Union",24902,SALT LAKE CITY,UT,http://www.herculescu.com,"Homepage - Hercules First Federal Credit Union",federal_on_site,"",no
8081,"Foothills Federal Credit Union",67181,Wheat Ridge,CO,http://www.foothills-cu.com,"Foothills Credit Union",federal_on_site,"",yes
7566,"Telco Triad Community Federal Credit Union",63218,Sioux City,IA,http://www.telcotriad.org,"Home | Telco Triad Community Credit Union",no_federal_on_site,"Telco Triad Community Credit Union",yes
8329,"Community Service Federal Credit Union",67974,Huntsville,TX,http://www.cscutx.com,"Texas Credit Union | Community Service Credit Union",no_federal_on_site,"Community Service Credit Union",yes
5506,"The Focus Federal Credit Union",10283,OKLAHOMA CITY,OK,http://www.focusok.com,"Focus Federal Credit Union",federal_on_site,"",no
6654,"Alternatives Federal Credit Union",23283,Ithaca,NY,http://www.alternatives.org,"Alternatives FCU | Ithaca  NY - Tompkins County",federal_on_site,"",no
7942,"Prime Financial Federal Credit Union",66449,Cudahy,WI,http://www.primefinancialcu.org,"Prime Financial Credit Union | Banking for Milwaukee  Brown Deer & Cudahy  WI",no_federal_on_site,"Prime Financial Credit Union",yes
8060,"Utah Heritage Federal Credit Union",67076,Moroni,UT,http://www.utahheritagecu.org,"Home - Utah Heritage Credit Union",no_federal_on_site,"Utah Heritage Credit Union",yes
8267,"Scenic Community Federal Credit Union",67747,Hixson,TN,http://www.mysccu.com,"Scenic Community Credit Union  making financial peace possible.",no_federal_on_site,"Scenic Community Credit Union",yes
5745,"Torrance Community Federal Credit Union",12543,TORRANCE,CA,http://www.torranceccu.org,"403: Access Forbidden",no_federal_on_site,"Torrance Community Credit Union",no
7248,"Arrha Federal Credit Union",61189,Springfield,MA,http://www.arrhacu.com,"Conversion - BrightBridge Credit Union",no_federal_on_site,"Arrha Credit Union",yes
7569,"Hello Federal Credit Union",63262,Panama City,FL,https://www.hellocu.com,"Hello Credit Union | A Florida Credit Union",no_federal_on_site,"Hello Credit Union",yes
6386,"Advanz Federal Credit Union",19853,Louisville,KY,http://www.advanzcu.org,"Advanz Credit Union - Home",federal_on_site,"",yes
4477,"Star Usa Federal Credit Union",911,Charleston,WV,http://www.star.coop,"Star USA FCU",federal_on_site,"",no
7744,"California Lithuanian Federal Credit Union",64834,Santa Monica,CA,https://www.clcu.org,"403: Access Forbidden",no_federal_on_site,"California Lithuanian Credit Union",no
7088,"Harbor Pointe Federal Credit Union",60207,DULUTH,MN,http://www.hpcu.us,"Home - Harbor Pointe Credit Union",no_federal_on_site,"Harbor Pointe Credit Union",yes
7665,"Arapahoe Federal Credit Union",64110,Littleton,CO,https://www.arapahoecu.org,"Everything a bank does  simply not done for profit...  | Arapahoe CU",no_federal_on_site,"Arapahoe Credit Union",no
6021,"Chocolate Bayou Community Federal Credit Union",15143,Alvin,TX,http://www.chocolatebayou.org,"Chocolate Bayou Community Federal Credit Union | Alvin &amp; Pearland  TX",federal_on_site,"",no
8656,"44 North Federal Credit Union",68739,LEBANON,OR,http://www.44northcu.org,"Home Page - 44 North Credit Union",no_federal_on_site,"44 North Credit Union",yes
7470,"North Star Community Federal Credit Union",62638,Cherokee,IA,http://www.nsccu.org,"Home | North Star Community Credit Union",no_federal_on_site,"North Star Community Credit Union",yes
6785,"Caro Federal Credit Union",24404,COLUMBIA,SC,http://www.SmartCaro.org,"Caro Federal Credit Union &#8211; Smart Financial Solutions",federal_on_site,"",no
7372,"Best Financial Federal Credit Union",62027,MUSKEGON,MI,http://www.bestfinancialcu.org,"Best Financial Credit Union | Your Best Within Reach",no_federal_on_site,"Best Financial Credit Union",yes
7654,"Power Federal Credit Union",64037,Pueblo,CO,http://www.powercu.org,"Power Credit Union | Southern CO Credit Union",no_federal_on_site,"Power Credit Union",yes
4444,"Trailhead Federal Credit Union",644,PORTLAND,OR,http://www.trailheadcu.org,"Trailhead Credit Union | Portland  OR",no_federal_on_site,"Trailhead Credit Union",yes
7793,"Natco Federal Credit Union",65208,RICHMOND,IN,http://www.natcocu.org,"NATCO &#8211; Real Freedom",no_federal_on_site,"Natco Credit Union",no
8262,"First Choice Federal Credit Union",67725,WEST PALM BEACH,FL,http://www.firstchoicecu.org,"Home - First Choice Credit Union",no_federal_on_site,"First Choice Credit Union",yes
6115,"Financial Builders Federal Credit Union",16213,KOKOMO,IN,http://www.Financialbuilders.org,"Financial Builders | Kokomo  IN",federal_on_site,"",no
8407,"Mountaincrest Federal Credit Union",68253,Arlington,WA,http://www.mountaincrestcu.com,"MountainCrest Credit Union | Local Personal Finance",no_federal_on_site,"Mountaincrest Credit Union",yes
8626,"Go Energy Financial Federal Credit Union",68698,TUCKER,GA,http://www.goenergyfin.com,"500 Internal Server Error",no_federal_on_site,"Go Energy Financial Credit Union",no
7940,"Shoreline Federal Credit Union",66447,Two Rivers,WI,http://www.shorelinecu.org,"Home | Shoreline Hometown Credit Union",no_federal_on_site,"Shoreline Credit Union",yes
5595,"4U Federal Credit Union",11067,Gainesville,TX,http://www.4ucu.org,"Home Page - 4U Credit Union",no_federal_on_site,"4U Credit Union",yes
5454,"Fidelis Catholic Federal Credit Union",9810,Arvada,CO,http://www.fideliscu.org,"Home - Fidelis Catholic Credit Union",no_federal_on_site,"Fidelis Catholic Credit Union",yes
7635,"Green Mountain Federal Credit Union",63859,South Burlingto,VT,http://www.greenmountaincu.com,"",fetch_failed,"",no
8134,"Core Federal Credit Union",67371,Statesboro,GA,https://www.corecu.org,"CORE Credit Union",no_federal_on_site,"Core Credit Union",yes
7501,"Affinity Federal Credit Union",62829,Des Moines,IA,http://www.affinitycuia.org,"Home - Affinity Credit Union : Affinity Credit Union",no_federal_on_site,"Affinity Credit Union",yes
5938,"The District Federal Credit Union",14369,Aurora,CO,https://www.districtcreditunion.com,"The District Credit Union - Aurora Credit Unions",no_federal_on_site,"The District Credit Union",yes
4978,"Iron Mountain Kingsford Community Federal Credit Union",5660,KINGSFORD,MI,http://www.pcbranch.com,"Home - Iron Mountain FCU",federal_on_site,"",no
8520,"First Coast Community Federal Credit Union",68524,Palatka,FL,http://www.firstcoastccu.com,"Radiant Credit Union | The Power to Shine",no_federal_on_site,"First Coast Community Credit Union",yes
5882,"Medina County Federal Credit Union",13794,Wadsworth,OH,http://www.medfed.com,"Homepage - Medina County Federal Credit Union",federal_on_site,"",no
5917,"Citymark Federal Credit Union",14074,Plains,PA,http://www.citymark.org,"CityMark Federal Credit Union | CityMark FCU",federal_on_site,"",no
7213,"Consumers Professional Federal Credit Union",60947,LANSING,MI,http://www.cpcu.co,"Home Page",no_federal_on_site,"Consumers Professional Credit Union",no
5596,"East County Schools Federal Credit Union",11099,EL CAJON,CA,http://www.eastcountyschools.org,"Home - East County Schools Federal Credit Union",federal_on_site,"",no
5488,"Heart Of Louisiana Federal Credit Union",10164,PINEVILLE,LA,http://www.heartcu.org,"Helping members like family since 1955 - Heart of Louisiana Credit Union - Financial Services",no_federal_on_site,"Heart Of Louisiana Credit Union",yes
8028,"Leading Edge Federal Credit Union",66867,Worthington,MN,http://www.leadingedgecu.org,"Home - Leading Edge Credit Union",no_federal_on_site,"Leading Edge Credit Union",yes
7207,"Kimberly Clark Federal Credit Union",60928,MEMPHIS,TN,http://www.kimberlyclarkcu.org,"Kimberly Clark Credit Union",no_federal_on_site,"Kimberly Clark Credit Union",yes
5075,"Syracuse Fire Department Employees Federal Credit Union",6627,SYRACUSE,NY,http://www.syrfirecu.com,"Home - SFD Credit Union",no_federal_on_site,"Syracuse Fire Department Employees Credit Union",yes
4638,"Buffalo Metropolitan Federal Credit Union",2209,BUFFALO,NY,http://www.bflometrocu.org,"Buffalo Metro FCU - BufMet Credit Union",federal_on_site,"",yes
8438,"Wcla Federal Credit Union",68328,Olympia,WA,https://www.loggerscu.com,"WCLA Credit Union - Your Forest Products Credit Union | The Washington Contract Loggers Association",no_federal_on_site,"Wcla Credit Union",yes
7302,"Financialedge Federal Credit Union",61619,Bay City,MI,http://www.finedgecu.org,"FinancialEdge Credit Union",no_federal_on_site,"Financialedge Credit Union",yes
7318,"Siskiyou Federal Credit Union",61682,Yreka,CA,http://www.siskiyoucu.org,"Siskiyou Credit Union - Home",no_federal_on_site,"Siskiyou Credit Union",yes
8071,"Nebo Federal Credit Union",67146,Springville,UT,http://www.nebocreditunion.org,"Not Found",no_federal_on_site,"Nebo Credit Union",no
8156,"Texas Health Federal Credit Union",67452,AUSTIN,TX,http://www.thcu.org,"Texas Health Credit Union | Quality Member Service is Our Strength",no_federal_on_site,"Texas Health Credit Union",yes
7035,"Tendto Federal Credit Union",24965,Erie,PA,https://www.tendtocu.com,"Tendto Credit Union - Home",no_federal_on_site,"Tendto Credit Union",yes
7217,"Lenco Federal Credit Union",60991,Adrian,MI,http://www.lenco.org,"Lenco Credit Union &#8211; Lenco Credit Union serving the banking needs of the education and government employ",no_federal_on_site,"Lenco Credit Union",yes
7022,"Members Exchange Federal Credit Union",24952,Jackson,MS,http://www.mecuanywhere.com,"Members Exchange Credit Union | Banking  Loans &amp; Credit Cards",federal_on_site,"",yes
7967,"First Priority Federal Credit Union",66593,BOSTON,MA,http://WWW.FIRSTPRIORITYCU.COM,"First Priority Credit Union - Home",no_federal_on_site,"First Priority Credit Union",yes
5118,"Central Maine Federal Credit Union",6936,Lewiston,ME,http://www.centralmainecu.com,"Central Maine Federal Credit Union | CMFCU in Lewiston  ME",federal_on_site,"",no
8621,"Tru Fi Federal Credit Union",68691,Macclenny,FL,http://www.truficu.org,"Home › Tru-Fi Credit Union",no_federal_on_site,"Tru Fi Credit Union",yes
7143,"North Alabama Educators Federal Credit Union",60500,HUNTSVILLE,AL,http://www.naecu.org,"North Alabama Educators Credit Union - Home",no_federal_on_site,"North Alabama Educators Credit Union",yes
7955,"Arcadia Federal Credit Union",66532,Arcadia,WI,http://www.arcadiacu.com,"Arcadia Credit Union | Personal & Business Finance",no_federal_on_site,"Arcadia Credit Union",yes
8072,"Pacific Horizon Federal Credit Union",67147,Springville,UT,http://www.pacifichorizoncu.com,"Pacific Horizon Credit Union",no_federal_on_site,"Pacific Horizon Credit Union",yes
7118,"Central Missouri Community Federal Credit Union",60383,WARRENSBURG,MO,http://www.mycmccu.org,"Central Missouri Community Credit Union",no_federal_on_site,"Central Missouri Community Credit Union",yes
8121,"Florida West Coast Federal Credit Union",67337,BRANDON,FL,http://www.FWCCU.COM,"Florida West Coast CU",no_federal_on_site,"Florida West Coast Credit Union",no
5545,"Meridia Community Federal Credit Union",10684,HAMBURG,NY,http://www.meridiacu.com,"Meridia Community Credit Union - Go Beyond!",no_federal_on_site,"Meridia Community Credit Union",yes
4928,"Kansas State University Federal Credit Union",5257,Manhattan,KS,http://www.kstatecu.com,"kstate CREDIT UNION - Home",federal_on_site,"",yes
4629,"Campbell Federal Credit Union",2141,Maple Shade,NJ,http://www.campbellcu.org,"Campbell Federal Credit Union",federal_on_site,"",no
8085,"Quantum Federal Credit Union",67187,Wichita,KS,http://www.theq.org,"Quantum Credit Union | Home",no_federal_on_site,"Quantum Credit Union",yes
5589,"Grasslands Federal Credit Union",11030,CIRCLE,MT,http://www.grasslandscu.com,"Home - Grasslands Federal Credit Union",federal_on_site,"",no
5959,"Pacific Cascade Federal Credit Union",14545,EUGENE,OR,https://www.wesaveyou.com,"Home - Pacific Cascade",federal_on_site,"",no
6300,"Aurora Federal Credit Union",18574,Aurora,CO,http://www.auroracu.com,"",fetch_failed,"",no
5860,"Indiana State University Federal Credit Union",13616,Terre Haute,IN,http://www.isucreditunion.com,"Indiana State University Credit Union",no_federal_on_site,"Indiana State University Credit Union",yes
4960,"Clinchfield Federal Credit Union",5549,Erwin,TN,https://www.clinchfieldcu.com,"Clinchfield Federal Credit Union",federal_on_site,"",no
8232,"Mtcu Federal Credit Union",67642,Midland,TX,http://www.mtcu.org,"MTCU | Credit Union in Midland Texas | Accounts | Loans | Mortgages",no_federal_on_site,"Mtcu Credit Union",yes
8306,"Workmen'S Circle Incorporated Federal Credit Union",67892,Savannah,GA,http://www.workmenscirclecu.com,"Workmen&#39;s Circle Credit Union",no_federal_on_site,"Workmen'S Circle Incorporated Credit Union",yes
5250,"Alaska Air Group Federal Credit Union",8100,SEATAC,WA,http://www.aagcu.org,"Alaska Air Group Credit Union - AAGCU",no_federal_on_site,"Alaska Air Group Credit Union",yes
8416,"Horizons North Federal Credit Union",68274,Westminster,CO,http://www.hncu.org,"Horizons North Credit Union - Better Banking Begins with Membership",no_federal_on_site,"Horizons North Credit Union",yes
8403,"Members Advantage Federal Credit Union",68242,MICHIGAN CITY,IN,http://www.macuonline.org,"Home",no_federal_on_site,"Members Advantage Credit Union",no
8593,"Finex Federal Credit Union",68662,East Hartford,CT,http://www.finexcu.org,"Finex Credit Union",no_federal_on_site,"Finex Credit Union",yes
7529,"Connected Federal Credit Union",62976,AUGUSTA,ME,http://www.connectedcreditunion.org,"Connected Credit Union in Augusta & Winslow  ME - Connected CU",no_federal_on_site,"Connected Credit Union",yes
8090,"Oakdale Federal Credit Union",67200,Oakdale,WI,http://www.oakdalecu.coop,"Oakdale CU",no_federal_on_site,"Oakdale Credit Union",no
8413,"Pikes Peak Federal Credit Union",68266,Colorado Spring,CO,http://www.pikespeakcu.com,"",fetch_failed,"",no
4679,"Members 1St Of Nj Federal Credit Union",2574,Vineland,NJ,http://www.membersonenj.org,"Members 1st of NJ",federal_on_site,"",no
7367,"Sunrise Family Federal Credit Union",61995,Bay City,MI,http://www.sunrisefamilycu.org,"Sunrise Family Credit Union - Sunrise Family Credit Union",no_federal_on_site,"Sunrise Family Credit Union",yes
7066,"United Community Federal Credit Union",60095,Quincy,IL,http://www.myuccu.com,"Home - United Community Credit Union",no_federal_on_site,"United Community Credit Union",yes
7771,"Gas And Electric Federal Credit Union",65003,ROCK ISLAND,IL,http://www.gaselectriccu.com,"Gas and Electric Credit Union - Rock Island  IL",no_federal_on_site,"Gas And Electric Credit Union",yes
8042,"Jackson River Community Federal Credit Union",66967,Covington,VA,http://www.jrccu.org,"Home - Jackson River Credit Union",no_federal_on_site,"Jackson River Community Credit Union",yes
5650,"Texoma Educators Federal Credit Union",11670,SHERMAN,TX,http://www.texomaeducators.com,"",fetch_failed,"",no
4850,"Choice One Community Federal Credit Union",4240,Plains Township,PA,http://www.choiceone.org,"Choice One Community FCU: Credit Union Serving NEPA",federal_on_site,"",yes
7933,"Firefighters Federal Credit Union",66423,ONALASKA,WI,http://www.myfirecu.org,"Firefighters Credit Union | La Crosse Credit Union | Onalaska Credit Union | Holmen Credit Union",no_federal_on_site,"Firefighters Credit Union",yes
5232,"Bragg Mutual Federal Credit Union",7955,Fayetteville,NC,http://www.braggmutual.org,"Bragg Mutual Federal Credit Union | Credit Union in Fayetteville  NC",federal_on_site,"",no
4412,"Firefighters & Company Federal Credit Union",395,DAYTON,OH,http://www.ffcocu.org,"",fetch_failed,"",no
7915,"Telco Plus Federal Credit Union",66351,LONGVIEW,TX,http://www.telcoplus.org,"Telco | Your Financial Solution",no_federal_on_site,"Telco Plus Credit Union",no
8118,"Sun Federal Credit Union",67332,Hollywood,FL,http://www.suncu.org,"Home - SUN Credit Union",no_federal_on_site,"Sun Credit Union",yes
7923,"Energy Federal Credit Union",66369,West Roxbury,MA,https://www.energycreditunion.org,"Energy Credit Union",no_federal_on_site,"Energy Credit Union",yes
7676,"North Iowa Community Federal Credit Union",64191,MASON CITY,IA,http://WWW.NICCU.COM,"NICCU Home - North Iowa Community Credit Union",no_federal_on_site,"North Iowa Community Credit Union",yes
7270,"Pillar Federal Credit Union",61324,MARION,OH,https://www.pillarcu.com,"Pillar Credit Union | Local Community Credit Union",federal_on_site,"",yes
6976,"Clean Energy Federal Credit Union",24889,Englewood,CO,http://www.cleanenergycu.org,"Clean Energy Credit Union",no_federal_on_site,"Clean Energy Credit Union",yes
8451,"United Community Federal Credit Union",68369,Houston,TX,http://www.unitedccu.com,"United Community Credit Union - Home",no_federal_on_site,"United Community Credit Union",yes
7723,"Northern Communities Federal Credit Union",64655,DULUTH,MN,https://www.nccyou.com,"Northern Communities Credit Union (NCCYou)",no_federal_on_site,"Northern Communities Credit Union",yes
8129,"Adventhealth Federal Credit Union",67349,Altamonte Sprin,FL,http://www.ahcu.cc,"Home - AdventHealth Credit Union",no_federal_on_site,"Adventhealth Credit Union",yes
6833,"Mutual First Federal Credit Union",24540,Omaha,NE,http://www.mutualfirst.com,"Mutual 1st Federal | Personal &amp; Business Banking in Omaha  NE",federal_on_site,"",no
7914,"Brotherhood Federal Credit Union",66350,Lynn,MA,http://www.brotherhoodcreditunion.org,"",fetch_failed,"",no
8334,"Kansas Teachers Community Federal Credit Union",67995,Pittsburg,KS,http://www.kstcu.org,"Kansas Teachers Community Credit Union - Home",no_federal_on_site,"Kansas Teachers Community Credit Union",yes
7834,"United Savings Federal Credit Union",65578,FARGO,ND,http://www.unitedsavingscu.org,"United Savings Credit Union | Savings &amp; Loans - North Dakota - Minnesota",no_federal_on_site,"United Savings Credit Union",yes
8342,"Powernet Federal Credit Union",68042,Tampa,FL,http://www.powernetcu.org,"Home",no_federal_on_site,"Powernet Credit Union",no
7653,"Missouri Central Federal Credit Union",64036,Lees Summit,MO,https://www.mocentral.org,"Missouri Central Credit Union - Home",federal_on_site,"",yes
7495,"Department Of Corrections Federal Credit Union",62808,Baton Rouge,LA,http://www.doccu.org,"DOCCU",no_federal_on_site,"Department Of Corrections Credit Union",no
7388,"River Valley Federal Credit Union",62123,Ada,MI,http://www.myrivervalleycu.org,"River Valley Credit Union |",no_federal_on_site,"River Valley Credit Union",yes
7132,"Brainerd B. N. Federal Credit Union",60436,Brainerd,MN,http://www.bbncu.org,"Brainerd BN Credit Union | Member Friendly. Service Driven.",no_federal_on_site,"Brainerd B. N. Credit Union",yes
7972,"Tomah Area Federal Credit Union",66615,Tomah,WI,http://www.tacuonline.com,"Home - Tomah Area Credit Union",no_federal_on_site,"Tomah Area Credit Union",yes
8459,"Crow Wing Power Federal Credit Union",68389,Brainerd,MN,http://www.cwpcu.org,"Crow Wing Power Credit Union | Brainerd  MN",no_federal_on_site,"Crow Wing Power Credit Union",yes
8305,"Luso-American Federal Credit Union",67890,Peabody,MA,http://www.luso-american.com,"Luso American Credit Union - Best Credit Union Bank Peabody",no_federal_on_site,"Luso-American Credit Union",yes
7149,"Landmark Federal Credit Union",60532,Danville,IL,https://www.landmarkcreditunion.com,"Landmark Credit Union | Danville &amp; Westville  IL",no_federal_on_site,"Landmark Credit Union",yes
7348,"Metro Federal Credit Union",61840,Springfield,MO,http://www.metro.coop,"Metro Credit Union - Your Springfield Credit Union",no_federal_on_site,"Metro Credit Union",yes
8177,"Prestige Community Federal Credit Union",67507,Dallas,TX,https://www.prestigecu.org,"Prestige Community Credit Union | Serving Dallas  Texas",no_federal_on_site,"Prestige Community Credit Union",yes
7804,"Illinois Educators Federal Credit Union",65305,Springfield,IL,http://www.iecumember.org,"Illinois Educators CU",no_federal_on_site,"Illinois Educators Credit Union",no
5214,"Thinkwise Federal Credit Union",7770,San Bernardino,CA,http://www.thinkwisecu.org,"Thinkwise CU",no_federal_on_site,"Thinkwise Credit Union",no
7484,"First Missouri Federal Credit Union",62716,Saint Louis,MO,http://www.1stmocu.org,"First Missouri Credit Union St. Louis County Jefferson County",no_federal_on_site,"First Missouri Credit Union",yes
7126,"United Local Federal Credit Union",60408,Fresno,CA,http://www.unitedlocal.org,"Home › United Local Credit Union",no_federal_on_site,"United Local Credit Union",yes
7594,"Community Federal Credit Union",63447,Lewiston,ME,http://www.communitycreditunion.com,"Community Credit Union | Personal & Business Banking",no_federal_on_site,"Community Credit Union",yes
7591,"Nova Federal Credit Union",63425,CHARLOTTE,NC,https://www.novacu.com,"Nova Credit Union",no_federal_on_site,"Nova Credit Union",yes
7423,"Meijer Federal Credit Union",62393,GRAND RAPIDS,MI,http://www.meijercreditunion.com,"Home Page",no_federal_on_site,"Meijer Credit Union",no
8133,"Cgr Federal Credit Union",67367,Macon,GA,http://www.cgrcu.org,"CGR Credit Union | Home",no_federal_on_site,"Cgr Credit Union",yes
6439,"Kaiperm Northwest Federal Credit Union",20516,Portland,OR,http://www.kaipermnw.org,"Home | CCCU | Consolidated Community Credit Union",no_federal_on_site,"Kaiperm Northwest Credit Union",yes
7953,"Governmental Employees Federal Credit Union",66529,La Crosse,WI,http://www.gecuwi.com,"GECU | The Friendly Credit Union",no_federal_on_site,"Governmental Employees Credit Union",yes
7161,"A.A.E.C. Federal Credit Union",60648,Arlington Heigh,IL,http://www.aaeccu.com,"AAEC Credit Union | Not for profit. For people.",no_federal_on_site,"A.A.E.C. Credit Union",yes
7315,"River Valley Federal Credit Union",61664,AMES,IA,http://www.rvcu.org,"Member Owned &amp; Controlled Financial Cooperative | River Valley Credit Union",no_federal_on_site,"River Valley Credit Union",yes
8144,"Centex Citizens Federal Credit Union",67416,Mexia,TX,https://www.centexcitizenscu.com,"Centex Citizens Credit Union | Centex Citizens CU",no_federal_on_site,"Centex Citizens Credit Union",yes
7430,"Expree Federal Credit Union",62431,Frankfort,KY,http://www.expree.org,"Expree Credit Union",no_federal_on_site,"Expree Credit Union",yes
8236,"Members Federal Credit Union",67649,Cleburne,TX,http://www.memberscreditunion.com,"Owned by members for our members | Members Credit Union",no_federal_on_site,"Members Credit Union",yes
8398,"Tacoma Longshoremen Federal Credit Union",68229,Tacoma,WA,https://www.tlcu23.com,"Tacoma Longshoremen CU",no_federal_on_site,"Tacoma Longshoremen Credit Union",no
7673,"Valley Federal Credit Union",64169,SALEM,OR,https://www.valleycu.org/,"Valley Credit Union - Value Based Credit Union in Salem  OR",no_federal_on_site,"Valley Credit Union",yes
8277,"City Employees Federal Credit Union",67778,KNOXVILLE,TN,http://www.cecuknox.com,"CE Credit Union | Knoxville  TN Banking &amp; Loans",no_federal_on_site,"City Employees Credit Union",yes
8139,"North Georgia Federal Credit Union",67395,Toccoa,GA,http://www.ngcu.org,"North Georgia Credit Union",no_federal_on_site,"North Georgia Credit Union",yes
8426,"White Rose Federal Credit Union",68296,York,PA,http://www.whiterosecu.com,"Home - White Rose Credit Union",no_federal_on_site,"White Rose Credit Union",yes
5226,"Marquette Community Federal Credit Union",7873,Marquette,MI,http://www.marquettecomm.org,"Marquette Community Federal Credit Union",federal_on_site,"",no
6888,"Sound Federal Credit Union",24705,Norwalk,CT,http://www.mysoundcu.org,"Sound Federal Credit Union | Fairfield County CT",federal_on_site,"",no
8091,"White River Federal Credit Union",67201,Enumclaw,WA,http://www.whiterivercu.com,"",fetch_failed,"",no
6986,"Riverview Federal Credit Union",24904,Belpre,OH,http://www.riverviewcu.com,"Home | Riverview Credit Union",no_federal_on_site,"Riverview Credit Union",yes
7901,"Weyco Community Federal Credit Union",66324,PLYMOUTH,NC,http://www.weycocreditunion.com,"Home - Weyco Community Credit Union",no_federal_on_site,"Weyco Community Credit Union",yes
8199,"Southwest 66 Federal Credit Union",67550,ODESSA,TX,https://www.southwest66.com,"Southwest 66 Credit Union : Home",no_federal_on_site,"Southwest 66 Credit Union",yes
7580,"North Bay Federal Credit Union",63373,Santa Rosa,CA,http://www.northbaycu.com,"North Bay CU - A Not-for-Profit Financial Cooperative",no_federal_on_site,"North Bay Credit Union",no
4944,"Chiphone Federal Credit Union",5422,ELKHART,IN,http://WWW.CHIPHONE.ORG,"Chiphone Federal Credit Union",federal_on_site,"",no
4781,"Thrive Federal Credit Union",3631,MUNCIE,IN,http://www.thrivecu.org,"Thrive CU",no_federal_on_site,"Thrive Credit Union",no
4415,"Deepwater Industries Federal Credit Union",430,Deepwater,NJ,http://www.deepwaterind.org,"Home - Deepwater Industries Federal Credit Union",federal_on_site,"",no
7995,"Southern Lakes Federal Credit Union",66707,KENOSHA,WI,https://www.southernlakescu.org,"Home - Southern Lakes Credit Union",no_federal_on_site,"Southern Lakes Credit Union",yes
7265,"Mobile Educators Federal Credit Union",61286,MOBILE,AL,http://www.yourmecu.com,"Mobile Educators Credit Union",no_federal_on_site,"Mobile Educators Credit Union",yes
7427,"Metrum Community Federal Credit Union",62422,Centennial,CO,https://www.metrumcu.org,"Metrum Community Credit Union | Serving Centennial  Colorado &amp; the Rest of the Denver Metro Area",no_federal_on_site,"Metrum Community Credit Union",yes
6995,"Desert Rivers Federal Credit Union",24918,Moab,UT,http://www.desertriverscu.com,"Home - Desert Rivers Credit Union",no_federal_on_site,"Desert Rivers Credit Union",yes
7168,"North Star Federal Credit Union",60689,COOK,MN,http://www.northstarcreditunion.org,"Home - North Star Credit Union",no_federal_on_site,"North Star Credit Union",yes
5998,"Explorers Federal Credit Union",14874,YANKTON,SD,http://www.explorerscu.com,"Explorers Credit Union",no_federal_on_site,"Explorers Credit Union",yes
7704,"First American Federal Credit Union",64412,Casa Grande,AZ,http://www.firstamerican.org,"",fetch_failed,"",no
7579,"",,,,,"Members First Community Credit Union | Quincy  IL | MFCCU",no_federal_on_site,"",yes
7208,"Valley Federal Credit Union",60930,TUSCUMBIA,AL,http://www.valleycreditunion.net,"",fetch_failed,"",no
7891,"Membersown Federal Credit Union",66268,Lincoln,NE,https://www.membersowncu.org,"Home - MembersOwn Credit Union",no_federal_on_site,"Membersown Credit Union",yes
7547,"Weld Community Federal Credit Union",63122,Greeley,CO,http://www.weldccu.com,"Weld Community Credit Union -",no_federal_on_site,"Weld Community Credit Union",yes
6823,"Cleveland Selfreliance Federal Credit Union",24516,PARMA,OH,https://www.CLEVELANDSELFRELIANCE.COM,"Cleveland Selfreliance Federal Credit Union | Cleveland  OH",federal_on_site,"",no
7077,"Hibbing Cooperative Federal Credit Union",60164,Hibbing,MN,http://www.hccu.net,"Hibbing Cooperative Credit Union | Savings &amp; Loans",no_federal_on_site,"Hibbing Cooperative Credit Union",yes
7402,"Total Community Federal Credit Union",62245,TAYLOR,MI,https://www.tccu.us,"Total Community CU - Become a member of the Total Community Today!",no_federal_on_site,"Total Community Credit Union",no
7258,"Northridge Community Federal Credit Union",61257,Virginia,MN,http://www.nrccu.org,"NorthRidge Community Credit Union | Northern Minnesota",no_federal_on_site,"Northridge Community Credit Union",yes
6784,"Onenebraska Federal Credit Union",24402,Columbus,NE,http://www.bankingwithyou.com,"OneNebraska Federal Credit Union",federal_on_site,"",no
6204,"Lassen County Federal Credit Union",17232,Susanville,CA,http://www.lassencreditunion.com,"Lassen Credit Union - Home",federal_on_site,"",yes
7578,"The Local Federal Credit Union",63342,Sterling Height,MI,http://www.thelocalcreditunion.com,"The Local Credit Union | Serving the Middle Class",no_federal_on_site,"The Local Credit Union",yes
7370,"Ascension Federal Credit Union",62018,GONZALES,LA,http://www.ascensioncu.org,"Ascension Credit Union &#8211; Your Community&#8230; Your Credit Union",no_federal_on_site,"Ascension Credit Union",yes
5681,"Kaiperm Federal Credit Union",11944,Walnut Creek,CA,http://www.kaipermcu.org,"Kaiperm Credit Union | Kaiser Permanente Employees Banking",no_federal_on_site,"Kaiperm Credit Union",yes
7582,"Bay Area Federal Credit Union",63375,Oregon,OH,http://www.bayareacu.com,"Bay Area Credit Union |",no_federal_on_site,"Bay Area Credit Union",yes
7251,"Geauga Federal Credit Union",61220,burton,OH,http://www.geaugacreditunion.com,"Geauga Credit Union",no_federal_on_site,"Geauga Credit Union",yes
7581,"Farmway Federal Credit Union",63374,BELOIT,KS,http://www.farmwaycu.com,"Farmway Credit Union - Home",federal_on_site,"",yes
7669,"Worcester Federal Credit Union",64144,Worcester,MA,http://www.worcestercu.com,"Worcester Credit Union | Personal & Business Finance",no_federal_on_site,"Worcester Credit Union",yes
4970,"Roanoke Valley Community Federal Credit Union",5604,ROANOKE,VA,http://www.rvccu.org,"Roanoke Valley Community CU",no_federal_on_site,"Roanoke Valley Community Credit Union",no
7256,"Golden Circle Federal Credit Union",61239,Massillon,OH,http://www.goldencirclecu.com,"Golden Circle CU - Home",no_federal_on_site,"Golden Circle Credit Union",no
7651,"Advantage Federal Credit Union",64030,Newton,IA,http://www.acuiowa.org,"Advantage Credit Union",no_federal_on_site,"Advantage Credit Union",yes
8610,"America'S First Network Federal Credit Union",68680,East Hartford,CT,http://www.afncu.com,"Home - America&#039;s First Network Credit Union",no_federal_on_site,"America'S First Network Credit Union",yes
8399,"Strait View Federal Credit Union",68231,PORT ANGELES,WA,http://www.svcu.com,"Strait View Credit Union | Port Angeles Washington",federal_on_site,"",yes
5824,"First Watch Federal Credit Union",13290,Abilene,TX,https://www.myfwcu.org,"Home | First Watch Credit Union | Abilene  TX",no_federal_on_site,"First Watch Credit Union",yes
7703,"Vue Community Federal Credit Union",64408,BISMARCK,ND,http://www.vueccu.com,"Home | Vue CCU",no_federal_on_site,"Vue Community Credit Union",no
4650,"Winthrop Area Federal Credit Union",2301,WINTHROP,ME,http://WWW.WINTHROPCREDITUNION.ORG,"Winthrop Area Federal Credit Union | Winthrop  Maine",federal_on_site,"",no
4445,"Valley 1St Community Federal Credit Union",649,MONESSEN,PA,http://WWW.VALLEY1ST.ORG,"Valley 1st Community FCU",federal_on_site,"",no
6873,"I Am Federal Credit Union",24670,New York,NY,https://www.iamfedcu.org,"Home | I AM Federal Credit Union",federal_on_site,"",no
7462,"Civic Central Federal Credit Union",62598,Jefferson City,MO,http://www.goodcu.org,"Home - Civic Central Credit Union",no_federal_on_site,"Civic Central Credit Union",yes
6074,"Marin County Federal Credit Union",15659,SAN RAFAEL,CA,http://www.marincu.org,"Marin County Credit Union",federal_on_site,"",yes
7892,"Archer Cooperative Federal Credit Union",66270,Archer,NE,http://www.archerccu.com,"Archer Cooperative Credit Union - Central City  Archer  Dannebrog  NE |",federal_on_site,"",yes
7647,"Point West Federal Credit Union",63971,Portland,OR,http://www.pointwestcu.com,"Point West Credit Union  Portland OR",no_federal_on_site,"Point West Credit Union",yes
8352,"Holley Federal Credit Union",68073,PARIS,TN,http://www.holleycreditunion.org,"500 - Internal server error.",no_federal_on_site,"Holley Credit Union",no
7338,"U. S. Employees Federal Credit Union",61793,Chicago,IL,https://www.usemployees.org,"U.S. Employees Credit Union | Mergers | Credit Union 1",no_federal_on_site,"U. S. Employees Credit Union",yes
7377,"Compass Federal Credit Union",62040,Sparta,MI,http://www.compasscu.com/www.compasscu.us,"Page not found - Compass Credit Union",no_federal_on_site,"Compass Credit Union",yes
5014,"Route 31 Federal Credit Union",5982,Muskegon,MI,http://www.route31cu.com,"HOMEPAGE - Route 31",no_federal_on_site,"Route 31 Credit Union",no
7690,"Cherokee Strip Federal Credit Union",64281,Ponca City,OK,http://www.cherokeestrip.com,"Cherokee Strip Credit Union",no_federal_on_site,"Cherokee Strip Credit Union",yes
8424,"Sno Falls Federal Credit Union",68293,North Bend,WA,http://www.snofalls.com,"Sno Falls Credit Union | Loans  Mortgages &amp; Business Banking",no_federal_on_site,"Sno Falls Credit Union",yes
7788,"Serve Federal Credit Union",65150,DES MOINES,IA,http://www.servecu.org,"Serve Credit Union | Serve CU",no_federal_on_site,"Serve Credit Union",yes
4880,"Concho Educators Federal Credit Union",4684,SAN ANGELO,TX,https://www.conchoeducators.org,"Get a Fixed Rate Credit Card at Concho Educators FCU",federal_on_site,"",no
5064,"Heritage Usa Federal Credit Union",6434,Midland,TX,http://www.heritage-usa.net,"Heritage USA Federal Credit Union - Home",federal_on_site,"",no
8618,"Railroad Federal Credit Union",68688,IRONDALE,AL,https://www.railroadccu.com,"Railroad Federal Credit Union",federal_on_site,"",no
7353,"Family First Federal Credit Union",61909,SAGINAW,MI,http://www.fam1st.com,"Family First Credit Union",no_federal_on_site,"Family First Credit Union",yes
7354,"Midland Federal Credit Union",61918,URBANDALE,IA,http://www.midlandcu.org,"Home - Midland Credit Union",no_federal_on_site,"Midland Credit Union",yes
4859,"Sheridan Community Federal Credit Union",4374,Sheridan,WY,http://www.sheridancreditunion.com,"Just a moment...",no_federal_on_site,"Sheridan Community Credit Union",no
8180,"Texas Dps Federal Credit Union",67511,Austin,TX,http://www.txdpscu.org,"Texas DPS Credit Union | Accounts  Auto Loans  Credit Cards &amp; More",no_federal_on_site,"Texas Dps Credit Union",yes
4861,"Tampa Postal Federal Credit Union",4395,TAMPA,FL,http://www.tpcu.org,"Tampa Postal Federal Credit Union - Home",federal_on_site,"",no
5722,"Fairfield Federal Credit Union",12305,PINE BLUFF,AR,http://www.fairfieldcreditunion.org,"Official Home of Fairfield Federal Credit Union",federal_on_site,"",no
7937,"Indianhead Federal Credit Union",66434,SPOONER,WI,http://www.indianheadcu.org,"Indianhead Credit Union - Serving Northern Wisconsin - Your Hometown Partners Every Step of the Way",no_federal_on_site,"Indianhead Credit Union",yes
4906,"Unity Catholic Federal Credit Union",4966,Parma,OH,http://www.unitycatholiccu.org,"Unity Catholic Federal Credit Union | Unity Catholic FCU",federal_on_site,"",no
7479,"Members Community Federal Credit Union",62683,Muscatine,IA,http://www.memberscommunitycu.org,"Members Community Credit Union | MCCU",no_federal_on_site,"Members Community Credit Union",yes
5577,"Granco Federal Credit Union",10904,Ephrata,WA,https://www.granco.org,"GRANCO Federal Credit Union",federal_on_site,"",no
4932,"Tennessee Members 1St Federal Credit Union",5318,Oak Ridge,TN,http://www.mymembersfirst.org,"Home Page",federal_on_site,"",no
7922,"Edinburg Teachers Federal Credit Union",66366,Edinburg,TX,https://www.etcu.coop,"Edinburg Teachers Credit Union | ETCU",no_federal_on_site,"Edinburg Teachers Credit Union",yes
8012,"Athol Federal Credit Union",66819,Athol,MA,http://www.atholcreditunion.com,"Athol Credit Union",no_federal_on_site,"Athol Credit Union",yes
7870,"Community Choice Federal Credit Union",66012,Commerce City,CO,http://www.yourbetterbankingchoice.com,"Homepage - Community Choice CU",no_federal_on_site,"Community Choice Credit Union",no
6424,"Lufthansa Emp. Federal Credit Union",20341,WESTBURY,NY,http://www.lhcu.com,"Lufthansa Employee Federal Credit Union",federal_on_site,"",no
7682,"First Class Community Federal Credit Union",64231,WEST DES MOINES,IA,http://www.gofirstclass.org,"First Class Community Credit Union | West Des Moines &amp; Des Moines Locations",no_federal_on_site,"First Class Community Credit Union",yes
7699,"Journey Federal Credit Union",64361,Des Moines,IA,http://www.journeycu.org,"Journey Credit Union | Trusted Financial Solutions | Des Moines  IA",no_federal_on_site,"Journey Credit Union",yes
8663,"Christian Family Federal Credit Union",68746,NORTH CANTON,OH,http://www.christianfamilycu.com,"Christian Family Credit Union | Christian Family CU",no_federal_on_site,"Christian Family Credit Union",yes
7267,"Texas Bridge Federal Credit Union",61306,CORPUS CHRISTI,TX,http://WWW.TXBCU.COM,"Texas Bridge Credit Union",no_federal_on_site,"Texas Bridge Credit Union",yes
8359,"Kingsport Press Cu Federal Credit Union",68104,KINGSPORT,TN,http://www.kpcu.org,"TruNeighbor Credit Union &#8211; Your Community Credit Union",no_federal_on_site,"Kingsport Press Cu Credit Union",yes
4730,"Formation Federal Credit Union",3061,Baton Rouge,LA,https://www.formationcu.com,"Formation Credit Union - Baton Rouge Banking Solutions",federal_on_site,"",yes
8094,"The State Federal Credit Union",67222,CHARLESTON,WV,http://WWW.WVPECU.ORG,"Home",no_federal_on_site,"The State Credit Union",no
6219,"Irco Community Federal Credit Union",17395,Phillipsburg,NJ,https://www.ircocu.com,"",fetch_failed,"",no
7610,"Dakota Plains Federal Credit Union",63613,Edgeley,ND,http://www.dakotaplainscreditunion.com,"Dakota Plains Credit Union | Come Grow With Us!",no_federal_on_site,"Dakota Plains Credit Union",yes
8022,"Wnc Community  Cu Federal Credit Union",66854,Waynesville,NC,https://www.wncccu.org,"WNC Community CU",no_federal_on_site,"Wnc Community  Cu Credit Union",no
6929,"Welcome Federal Credit Union",24807,MORRISVILLE,NC,http://www.welcomecu.org,"Welcome Federal Credit Union - Banking  Loans  Mortgages in NC",federal_on_site,"",no
7763,"Family Horizons Federal Credit Union",64942,Indianapolis,IN,http://www.familyhorizons.com,"Home - Family Horizons Credit Union",no_federal_on_site,"Family Horizons Credit Union",yes
8098,"Northwoods Community Federal Credit Union",67240,Park Falls,WI,http://www.northwoodscu.com,"Northwoods Community Credit Union | Northwoods Community CU",no_federal_on_site,"Northwoods Community Credit Union",yes
7805,"Upward Federal Credit Union",65323,Burlingame,CA,https://www.upwardcu.org,"Home | Upward Credit Union",no_federal_on_site,"Upward Credit Union",yes
7110,"Taylorville Community Federal Credit Union",60335,Taylorville,IL,http://www.tccu.org,"Taylorville Community Credit Union",no_federal_on_site,"Taylorville Community Credit Union",yes
7668,"Peoples Federal Credit Union",64140,Webster City,IA,http://www.peoples-credit-union.com,"Peoples Credit Union",no_federal_on_site,"Peoples Credit Union",yes
8409,"Progressions Federal Credit Union",68255,Spokane,WA,http://www.progressionscu.org,"Progressions Credit Union",no_federal_on_site,"Progressions Credit Union",yes
8535,"Members Source Federal Credit Union",68562,Merrillville,IN,http://www.ms-cu.com,"Members Source Credit Union | Merrillville  IN | Low Rates &amp; Personal Service",no_federal_on_site,"Members Source Credit Union",yes
4908,"Members Choice Wv Federal Credit Union",4969,Charleston,WV,http://www.memberschoicewv.com,"Members Choice WV FCU",federal_on_site,"",no
7670,"Postal & Community Federal Credit Union",64145,Saint Joseph,MO,http://www.yourpccu.org,"Home | Postal & Community",no_federal_on_site,"Postal & Community Credit Union",no
8059,"Marshfield Medical Center Federal Credit Union",67066,Marshfield,WI,http://www.mmccu.com,"Marshfield Medical Center Credit Union",no_federal_on_site,"Marshfield Medical Center Credit Union",yes
8206,"Cooperative Teachers Federal Credit Union",67576,Tyler,TX,http://www.coopteachers.com,"Cooperative Teachers Credit Union | Credit Union in Tyler  TX",no_federal_on_site,"Cooperative Teachers Credit Union",yes
6463,"Wesla Federal Credit Union",20749,Shreveport,LA,http://www.wesla.org,"WESLA Federal Credit Union (Shreveport  LA)",federal_on_site,"",no
5982,"Shelby County Federal Credit Union",14733,Memphis,TN,http://www.shelbycountycu.com,"SecurCommunity Federal Credit Union | Formerly Shelby County Federal Credit Union",federal_on_site,"",no
5107,"Traverse Catholic Federal Credit Union",6844,TRAVERSE CITY,MI,http://www.tcfedcu.org,"Traverse Catholic Federal Credit Union",federal_on_site,"",no
5649,"Good Neighbors Federal Credit Union",11663,Depew,NY,http://www.goodneighborscu.com,"Home - goodneighborscu.com",no_federal_on_site,"Good Neighbors Credit Union",no
5838,"State Highway Patrol Federal Credit Union",13432,COLUMBUS,OH,http://www.patrolcu.com,"State Highway Patrol Federal Credit Union | SHPFCU",federal_on_site,"",no
7550,"Vision One Federal Credit Union",63137,Sacramento,CA,http://www.visionone.org,"Home | Vision One Credit Union",no_federal_on_site,"Vision One Credit Union",yes
5708,"Wellspring Federal Credit Union",12181,Bridge City,TX,http://www.wellspringcu.com,"Wellspring Credit Union | Serving Southeast Texas",no_federal_on_site,"Wellspring Credit Union",yes
7609,"Goetz Federal Credit Union",63606,ST JOSEPH,MO,http://www.goetzcu.com,"Goetz Credit Union",no_federal_on_site,"Goetz Credit Union",yes
7249,"Chicago Firefighter'S Federal Credit Union",61209,Chicago,IL,http://www.chicagofirefighterscu.com,"Chicago Firefighters Credit Union",no_federal_on_site,"Chicago Firefighter'S Credit Union",yes
7973,"Sheboygan Area Federal Credit Union",66616,Sheboygan,WI,http://www.shebareacu.com,"SACU | Sheboygan Area Credit Union",no_federal_on_site,"Sheboygan Area Credit Union",yes
6136,"Dc Federal Credit Union",16411,Washington,DC,http://www.dccreditunion.coop,"Home - DC Credit Union",no_federal_on_site,"Dc Credit Union",yes
6064,"Baycel Federal Credit Union",15563,BAY CITY,TX,http://www.baycel.org,"Home - Baycel Federal Credit Union",federal_on_site,"",no
6748,"Lower East Side People'S Federal Credit Union",24232,NEW YORK,NY,http://WWW.LESPEOPLES.ORG,"Lower East Side People&#39;s FCU",federal_on_site,"",no
5285,"My Pensacola Federal Credit Union",8442,PENSACOLA,FL,http://www.MyPensacolaCU.com,"My Pensacola Credit Union - My Pensacola Credit Union | Make it yours!",federal_on_site,"",yes
4938,"Desert Valleys Federal Credit Union",5366,Ridgecrest,CA,http://www.desertvalleys.org,"",fetch_failed,"",no
7480,"Csd Federal Credit Union",62701,KANSAS CITY,MO,http://WWW.CSDCU.ORG,"CSD Credit Union",no_federal_on_site,"Csd Credit Union",yes
7160,"Coast Line Federal Credit Union",60646,South Portland,ME,http://www.coastlinecu.com,"Coast Line Credit Union",no_federal_on_site,"Coast Line Credit Union",yes
8242,"Tnconnect Federal Credit Union",67666,KNOXVILLE,TN,http://www.tnconnectcu.org,"tnConnect Credit Union | Credit Union Knoxville TN",no_federal_on_site,"Tnconnect Credit Union",yes
6032,"Lampco Federal Credit Union",15248,ANDERSON,IN,http://www.lampco.com,"Lampco FCU | Your Community Credit Union",federal_on_site,"",yes
7575,"Multi-States Federal Credit Union",63306,SPRINGFIELD,MO,http://www.mymercycu.com,"Multi-States Credit Union &#8211; Serving Mercy Health System Co-workers  Volunteers  Affiliates and their Fam",no_federal_on_site,"Multi-States Credit Union",yes
8573,"Snocope Federal Credit Union",68622,Everett,WA,http://www.snocope.org/,"Home - SnoCope Credit Union",no_federal_on_site,"Snocope Credit Union",yes
6040,"Southwest Financial Federal Credit Union",15327,Farmers Branch,TX,https://www.swfinancial.org,"Home Page - Southwest Financial FCU",federal_on_site,"",no
5749,"Franklin First Federal Credit Union",12604,Greenfield,MA,http://www.franklinfirst.org,"Home - Greenfield  Massachusetts | Franklin First Federal Credit Union",federal_on_site,"",no
7929,"Taylor Federal Credit Union",66388,Medford,WI,https://www.taylorcu.org,"Taylor Credit Union",no_federal_on_site,"Taylor Credit Union",yes
7838,"Wexford Community Federal Credit Union",65639,Cadillac,MI,https://www.wexccu.com,"Wexford Community Credit Union",no_federal_on_site,"Wexford Community Credit Union",yes
7689,"Public Service #3 Federal Credit Union",64275,Fort Wayne,IN,http://www.mypscu.com,"Public Service Credit Union - Fort Wayne&#039;s Banking Partner",no_federal_on_site,"Public Service #3 Credit Union",yes
7259,"Curis Financial Federal Credit Union",61260,Columbia,SC,http://www.curisfinancial.org,"Curis Financial Credit Union | SC",no_federal_on_site,"Curis Financial Credit Union",yes
4958,"Adirondack Regional Federal Credit Union",5546,TUPPER LAKE,NY,http://www.adkcreditunion.com,"Adirondack Federal Credit Union  Community Bank  Banking",federal_on_site,"",no
8388,"Spokane Firefighters Federal Credit Union",68205,Spokane,WA,http://www.firecu.net,"Spokane Firefighters Credit Union",no_federal_on_site,"Spokane Firefighters Credit Union",yes
7925,"U. S. Employees Federal Credit Union",66372,Tomball,TX,http://www.usecuweb.com,"USE Credit Union | USECU",no_federal_on_site,"U. S. Employees Credit Union",yes
7659,"Sabattus Regional Federal Credit Union",64062,Sabattus,ME,http://www.srcu4u.com,"Home - Sabattus Regional Credit Union",no_federal_on_site,"Sabattus Regional Credit Union",yes
7456,"Memorial Federal Credit Union",62571,Houston,TX,https://www.memorialcu.org,"Memorial Credit UnionHome - Memorial Credit Union",no_federal_on_site,"Memorial Credit Union",yes
7401,"Greater Kentucky Cu",,,,,"Greater Kentucky Credit Union | Lexington  KY",no_federal_on_site,"Greater Kentucky Cu",yes
8309,"Primesource Federal Credit Union",67911,Spokane,WA,http://www.primesourcecu.org,"PrimeSource Credit Union &#8211;",no_federal_on_site,"Primesource Credit Union",yes
7039,"Pwc Employees Federal Credit Union",24971,Woodbridge,VA,http://www.pwcecu.org,"PWC Employees Credit Union",no_federal_on_site,"Pwc Employees Credit Union",yes
5278,"Shore To Shore Community Federal Credit Union",8349,Trenton,MI,http://www.shore2shorecu.com,"Shore to Shore Community FCU - Home Page - Shore to Shore Community Federal Credit Union",federal_on_site,"",no
8010,"Forward Financial Federal Credit Union",66798,NIAGARA,WI,https://www.forwardfinancialcu.com,"Home - Forward Financial Credit Union",no_federal_on_site,"Forward Financial Credit Union",yes
7390,"South Central Federal Credit Union",62143,JACKSON,MI,https://www.southcentralcu.org,"Home Page",no_federal_on_site,"South Central Credit Union",no
8079,"Fond Du Lac Federal Credit Union",67176,Fond du Lac,WI,http://www.fdlcu.com,"Your Local Credit Union | Fond du Lac Credit Union",no_federal_on_site,"Fond Du Lac Credit Union",yes
7663,"Forrit Federal Credit Union",64103,Clackamas,OR,https://www.forritcu.org,"Attention Required! | Cloudflare",no_federal_on_site,"Forrit Credit Union",no
7587,"Volt Federal Credit Union",63389,Springfield,MO,http://www.voltcu.org,"Local Credit Union in Springfield  MO - Volt Credit Union",no_federal_on_site,"Volt Credit Union",yes
7205,"Mid-Kansas Federal Credit Union",60906,MOUNDRIDGE,KS,http://www.mkcu.coop,"",fetch_failed,"",no
7355,"Power Co-Op Employees Federal Credit Union",61920,Humboldt,IA,http://www.powercoopcu.com,"Power Co-op Employees Credit Union - Powerful Possibilities | Power Co-op Employees Credit Union",no_federal_on_site,"Power Co-Op Employees Credit Union",yes
8200,"Postel Family Federal Credit Union",67554,Wichita Falls,TX,http://www.postelcu.com,"Postel Family Credit Union - Wichita Falls  Texas",federal_on_site,"",yes
8212,"Allcom Federal Credit Union",67599,Worcester,MA,http://www.allcomcu.org,"Home - AllCom Credit Union",no_federal_on_site,"Allcom Credit Union",yes
6303,"Calcom Federal Credit Union",18623,LONG BEACH,CA,http://www.calcomcu.org,"",fetch_failed,"",no
7310,"Lake Huron Federal Credit Union",61638,Saginaw,MI,http://www.lhcu.org,"",fetch_failed,"",no
5198,"Westport Federal Credit Union",7652,Westport,MA,http://www.westport.org,"Westport Federal Credit Union &#8211; Westport Federal Credit Union",federal_on_site,"",no
7666,"Valley Oak Federal Credit Union",64122,Three Rivers,CA,http://www.valleyoak.org,"Valley Oak Credit Union - Home",no_federal_on_site,"Valley Oak Credit Union",yes
8183,"Metro Medical Federal Credit Union",67517,Dallas,TX,http://www.mmcu.com,"Metro Medical Credit Union | MMCU",no_federal_on_site,"Metro Medical Credit Union",yes
6490,"1St Mississippi Federal Credit Union",21073,Meridian,MS,https://www.1stms.com,"1st Mississippi Federal Credit Union - Home",federal_on_site,"",no
5112,"Rva Financial Federal Credit Union",6878,Richmond,VA,http://www.rvafinancial.com,"Home - RVA Financial",federal_on_site,"",no
8195,"Baylor Health Care System Federal Credit Union",67544,Dallas,TX,http://www.bhcscu.com,"Home - Baylor Health Care System Credit Union",no_federal_on_site,"Baylor Health Care System Credit Union",yes
5179,"Muskegon Federal Credit Union",7509,MUSKEGON,MI,http://WWW.MUSKFEDCU.COM,"Muskegon Federal Credit Union - Credit Union for Muskegon  MI",federal_on_site,"",no
8312,"Nashville Post Office Federal Credit Union",67922,NASHVILLE,TN,http://www.npocu.org,"Nashville Post Office Credit Union | Banking &amp; Loans Middle in TN",no_federal_on_site,"Nashville Post Office Credit Union",yes
7776,"Nikkei Federal Credit Union",65059,GARDENA,CA,http://www.nikkeicu.org,"",fetch_failed,"",no
5947,"Sonoma Federal Credit Union",14415,Santa Rosa,CA,http://www.sonomafed.com,"Sonoma Federal Credit Union",federal_on_site,"",no
8435,"California Community Federal Credit Union",68321,Sacramento,CA,https://www.caccu.org,"California Community Credit Union | Diversity  Inclusion  Integrity",no_federal_on_site,"California Community Credit Union",yes
6207,"Fannin Federal Credit Union",17254,BONHAM,TX,http://www.fannincu.com,"Fannin CU |",no_federal_on_site,"Fannin Credit Union",no
7502,"Railroad Employees Federal Credit Union",62841,Belen,NM,http://www.recu.org,"Home - RECU",no_federal_on_site,"Railroad Employees Credit Union",no
5253,"Westedge Federal Credit Union",8113,BELLINGHAM,WA,http://www.westedgecu.org,"WestEdge Credit Union &#8211; A Community Credit Union that offers Solutions not excuses",federal_on_site,"",yes
4813,"Texan Sky Federal Credit Union",3938,Dumas,TX,http://www.texansky.com,"Texan Sky Credit Union - Home",no_federal_on_site,"Texan Sky Credit Union",yes
8371,"Enbright Federal Credit Union",68148,Nashville,TN,https://www.enbrightcu.com,"Enbright Credit Union - Banking with a Brighter Future",no_federal_on_site,"Enbright Credit Union",yes
6509,"Metro Federal Credit Union",21326,Arlington Heigh,IL,http://www.mcu.org,"Metro Federal Credit Union | Arlington Heights  Illinois",federal_on_site,"",no
7148,"Select Employees Federal Credit Union",60531,Sterling,IL,http://www.selectcu.com,"Select Employees Credit Union",no_federal_on_site,"Select Employees Credit Union",yes
7186,"Cranston Municipal Employees Federal Credit Union",60780,CRANSTON,RI,http://www.CMEcreditunion.org,"Home Page - Cranston Municipal ECU",no_federal_on_site,"Cranston Municipal Employees Credit Union",no
4425,"Rails West Federal Credit Union",490,POCATELLO,ID,http://www.railswestcu.org,"Rails West Federal Credit Union",federal_on_site,"",no
8445,"Eaton Family Federal Credit Union",68354,Euclid,OH,https://www.eatonfamilycu.com,"Eaton Family Credit Union | Eaton Family Credit Union",no_federal_on_site,"Eaton Family Credit Union",yes
7396,"Thornapple Federal Credit Union",62196,Hastings,MI,https://www.thornapplecu.com,"Home - TCU",no_federal_on_site,"Thornapple Credit Union",no
8449,"Idaho United Federal Credit Union",68361,Boise,ID,http://www.idahounited.org,"Homepage - Idaho United Credit Union",no_federal_on_site,"Idaho United Credit Union",yes
8263,"Dillon Federal Credit Union",67730,Hutchinson,KS,http://www.DillonCU.com,"Credit Union in Hutchinson  KS-Dillon Credit Union | Explore Your Financial Options Today",no_federal_on_site,"Dillon Credit Union",yes
8335,"Freestone Federal Credit Union",68005,Teague,TX,http://www.freestonecu.org,"Freestone Credit Union",no_federal_on_site,"Freestone Credit Union",yes
7350,"Midwest Coalition Of Labor Federal Credit Union",61847,Countryside,IL,https://www.mclcu.org,"Home &#8211; Midwest Coalition of Labor Credit Union (MCL)",no_federal_on_site,"Midwest Coalition Of Labor Credit Union",yes
4379,"Fedfinancial Federal Credit Union",216,Silver Spring,MD,http://www.fedfinancial.org,"FedFinancial Credit Union Home Page",federal_on_site,"",yes
8527,"Evergreendirect Federal Credit Union",68546,Tumwater,WA,http://www.evergreendirect.org,"evergreenDIRECT Credit Union | Personal Checking  Savings & Loans",no_federal_on_site,"Evergreendirect Credit Union",yes
7877,"Omaha Firefighters Federal Credit Union",66126,Omaha,NE,http://www.omahafirefighterscu.org,"Omaha Firefighters Credit Union - Home",no_federal_on_site,"Omaha Firefighters Credit Union",yes
7460,"Educational Community Federal Credit Union",62589,Springfield,MO,http://www.educationalccu.org,"Internet Banking | Educational Community Credit Union",no_federal_on_site,"Educational Community Credit Union",yes
7074,"Cochise Federal Credit Union",60151,Willcox,AZ,http://www.cochisecu.com,"Home Page",no_federal_on_site,"Cochise Credit Union",no
7403,"Intandem Federal Credit Union",62249,Grand Rapids,MI,http://www.intandemcu.com,"Home - Intandem Credit Union",no_federal_on_site,"Intandem Credit Union",yes
7113,"Redbrand Federal Credit Union",60346,Bartonville,IL,http://WWW.REDBRANDCU.COM,"Redbrand Credit Union",federal_on_site,"",yes
6376,"Miami University Community Federal Credit Union",19678,Oxford,OH,http://www.muccu.org,"Miami University Community Federal Credit Union",federal_on_site,"",no
7849,"Northern Colorado Federal Credit Union",65775,GREELEY,CO,http://www.nococu.org,"Northern Colorado Credit Union - : Northern Colorado Credit Union",no_federal_on_site,"Northern Colorado Credit Union",yes
7588,"Ely Area Federal Credit Union",63398,ELY,MN,http://www.elyareacu.org,"Ely Area Credit Union",no_federal_on_site,"Ely Area Credit Union",yes
8572,"Albright Federal Credit Union",68620,Bethel,CT,http://www.albrightcu.com,"Albright Credit Union | Bethel  CT",no_federal_on_site,"Albright Credit Union",yes
8275,"Members 1St Federal Credit Union",67770,Saint Louis,MO,http://www.me1stcu.com,"Members 1st Credit Union St. Louis County Jefferson County",no_federal_on_site,"Members 1St Credit Union",yes
7700,"Des Moines Metro Federal Credit Union",64380,Des Moines,IA,http://www.dmmcu.org,"Des Moines Metro Credit Union",no_federal_on_site,"Des Moines Metro Credit Union",yes
7567,"Health Care Family Federal Credit Union",63249,Saint Louis,MO,http://www.healthcarefamilycreditunion.org,"Health Care Family Credit Union &#8211; Member-owned Credit Union",no_federal_on_site,"Health Care Family Credit Union",yes
7450,"Chattanooga Federal Employees",62537,Chattanooga,TN,https://www.cfecu.org,"Chattanooga Federal Employees Credit Union",no_federal_on_site,"Chattanooga Employees",no
8659,"Teamsters Council #37 Federal Credit Union",68742,Portland,OR,http://www.tcu37.com,"Teamsters Council #37 Credit Union",no_federal_on_site,"Teamsters Council #37 Credit Union",yes
6372,"Tri-Cities Community Federal Credit Union",19608,Kennewick,WA,http://www.tri-cu.com,"Home - TRI&bull;CU",no_federal_on_site,"Tri-Cities Community Credit Union",no
7241,"Foundation Federal Credit Union",61157,Springfield,MO,http://www.foundationcreditunion.com,"Error 403 Forbidden",no_federal_on_site,"Foundation Credit Union",no
7544,"Champion Federal Credit Union",63100,Toledo,OH,http://www.ChampionCU.org,"Home - Champion Credit Union",no_federal_on_site,"Champion Credit Union",yes
5503,"Altamaha Federal Credit Union",10262,Jesup,GA,http://www.altamaha.org,"Altamaha Federal Credit Union &#8211; Stop By &amp; See the Good We Can Do For You",federal_on_site,"",no
7881,"Peoples Federal Credit Union",66155,SPRINGFIELD,CO,http://www.peoples-cu.com,"Peoples CU",no_federal_on_site,"Peoples Credit Union",no
4687,"Lincoln Public School Employees Federal Credit Union",2643,Lincoln,NE,http://www.lpscu.com,"LPS Employees FCU",federal_on_site,"",no
6381,"Polam Federal Credit Union",19739,LOS ANGELES,CA,http://WWW.POLAM.ORG,"Home - POLAM Federal Credit Union",federal_on_site,"",no
4450,"Bethlehem 1St Federal Credit Union",716,Bethlehem,PA,http://www.beth1st.org,"",fetch_failed,"",no
8219,"Scott And White Employees Federal Credit Union",67612,Temple,TX,http://www.swecu.org,"Welcome to Scott &amp; White Employees Credit Union (SWECU)",no_federal_on_site,"Scott And White Employees Credit Union",yes
8234,"Service 1St Federal Credit Union",67645,Greenville,TX,http://www.s1cu.org,"Service 1st Credit Union",federal_on_site,"",yes
7051,"Midwest Regional Federal Credit Union",60037,Kansas City,KS,http://www.mrcu.com,"MRCU | Full-Service Midwest Regional Credit Union",no_federal_on_site,"Midwest Regional Credit Union",yes
7683,"Lennox Employees Federal Credit Union",64234,Marshalltown,IA,http://www.lennoxecu.com,"Home |  Lennox Employees Credit Union",no_federal_on_site,"Lennox Employees Credit Union",yes
5401,"New York Times Employees Federal Credit Union",9358,NEW YORK,NY,http://www.nytimescu.org,"New York Times Employees&#39;s FCU - Home",federal_on_site,"",no
8049,"Brokaw Federal Credit Union",67000,Weston,WI,https://www.brokawcu.com,"Brokaw Credit Union | Local Savings &amp; Loans",no_federal_on_site,"Brokaw Credit Union",yes
8420,"Avista Corp. Federal Credit Union",68284,Spokane,WA,https://www.avistacu.com,"Homepage - Avista Credit Union",no_federal_on_site,"Avista Corp. Credit Union",yes
7755,"Universal City Studios Federal Credit Union",64893,Burbank,CA,http://WWW.UCSCU.ORG,"403: Access Forbidden",no_federal_on_site,"Universal City Studios Credit Union",no
4804,"Upper Darby Belltelco Federal Credit Union",3819,UPPER DARBY,PA,http://www.udbell.org,"Upper Darby Bell Telco FCU &#8211; We&#039;ve been providing great financial service to our members since 1940",federal_on_site,"",no
7658,"Benton County Schools Federal Credit Union",64059,Corvallis,OR,http://www.bcscu.org,"Benton County Schools Credit Union | Open Your Account Today",no_federal_on_site,"Benton County Schools Credit Union",yes
7204,"Beacon Community Federal Credit Union",60883,Louisville,KY,https://www.beaconccu.org,"Beacon Community Credit Union - Home",no_federal_on_site,"Beacon Community Credit Union",yes
4335,"Franklin Trust Federal Credit Union",12,Hartford,CT,http://www.franklintrust.org,"Your Financial Partner | Franklin Trust Federal Credit Union",federal_on_site,"",no
4525,"Cotton Belt Federal Credit Union",1245,PINE BLUFF,AR,https://www.pbcbcu.org,"",fetch_failed,"",no
8211,"West Texas Federal Credit Union",67592,Odessa,TX,http://www.westtexascu.com,"West Texas CU",no_federal_on_site,"West Texas Credit Union",no
4570,"Wheatland Federal Credit Union",1658,LANCASTER,PA,http://www.wheatlandcu.com,"Wheatland Federal Credit Union",federal_on_site,"",no
7411,"Professional Fire Fighters Federal Credit Union",62337,SHREVEPORT,LA,http://www.profirefighterscu.com,"",fetch_failed,"",no
7222,"Nucor Employee'S Federal Credit Union",61028,Florence,SC,http://www.nucorcu.org,"Nucor Employee&#39;s Credit Union",no_federal_on_site,"Nucor Employee'S Credit Union",yes
8067,"Freedom Federal Credit Union",67129,Provo,UT,https://www.freedomcu.com/,"Home - Freedom Credit Union",federal_on_site,"",yes
6049,"American Spirit Federal Credit Union",15426,NEWARK,DE,http://www.americanspirit.org,"Credit Unions in Dover DE  Credit Cards in Newark DE",federal_on_site,"",yes
6173,"Copper Basin Federal Credit Union",16773,Copperhill,TN,http://www.cbfcreditunion.com,"Copper Basin Federal Credit Union | Competitive Loan Rates Made Easy",federal_on_site,"",no
8062,"Firefighters Federal Credit Union",67079,Draper,UT,https://www.firefighterscu.com,"Home | Firefighters Credit Union",no_federal_on_site,"Firefighters Credit Union",yes
7235,"Access Federal Credit Union",61101,BRISTOL,PA,https://www.accessmycu.org,"Credit Union Bank in Bucks County PA - Bristol Credit Union",no_federal_on_site,"Access Credit Union",yes
7109,"Gale Federal Credit Union",60327,Galesburg,IL,http://www.galecu.net,"Home Page - Gale Credit Union",no_federal_on_site,"Gale Credit Union",yes
8381,"Educational Community Alliance Federal Credit Union",68181,TOLEDO,OH,http://www.educacu.com,"Educational Community Alliance CU",no_federal_on_site,"Educational Community Alliance Credit Union",no
7115,"Spirit Financial Federal Credit Union",60369,LEVITTOWN,PA,http://www.spiritfinancialcu.org,"Spirit Financial CU: Lower Bucks County  PA Credit Union",no_federal_on_site,"Spirit Financial Credit Union",yes
8181,"Star Of Texas Federal Credit Union",67512,austin,TX,http://www.staroftexascu.org,"Star of Texas Credit Union – Together Making It Possible",no_federal_on_site,"Star Of Texas Credit Union",yes
5244,"Latitude 32 Federal Credit Union",8059,CHARLESTON,SC,http://www.latitude32.org,"Latitude 32 Credit Union",no_federal_on_site,"Latitude 32 Credit Union",yes
7128,"Tahquamenon Area Federal Credit Union",60423,Newberry,MI,http://WWW.TACUMI.COM,"Home - Tahquamenon Area Credit Union",no_federal_on_site,"Tahquamenon Area Credit Union",yes
7098,"United Employees Federal Credit Union",60263,ALBERT LEA,MN,http://www.unitedecu.com,"United Employees Credit Union",no_federal_on_site,"United Employees Credit Union",yes
7045,"Cornerstone Federal Credit Union",24977,FAIRFIELD,CT,http://www.cornerstoneccu.com,"Cornerstone Federal Credit Union",federal_on_site,"",no
7082,"Moline Municipal Federal Credit Union",60186,Moline,IL,http://www.molinecu.org,"Moline Municipal Credit Union | Moline  IL",no_federal_on_site,"Moline Municipal Credit Union",yes
5966,"Wvu Employees Federal Credit Union",14611,Morgantown,WV,http://www.wvucu.com,"WVU Credit Union - WVU Credit Union",federal_on_site,"",yes
6937,"Electel Cooperative Federal Credit Union",24819,Raleigh,NC,http://www.electel.org,"Welcome to ElecTel Cooperative Federal Credit Union",federal_on_site,"",no
7956,"Avestar Federal Credit Union",66537,Waterloo,WI,http://www.avestarcu.com,"Avestar CU",no_federal_on_site,"Avestar Credit Union",no
7728,"Federated Employees Federal Credit Union",64703,OWATONNA,MN,http://www.fedecu.com,"",fetch_failed,"",no
7886,"New Hampshire Postal Federal Credit Union",66207,Manchester,NH,https://www.nhpcu.com,"New Hampshire Postal Credit Union",no_federal_on_site,"New Hampshire Postal Credit Union",yes
7237,"Rolling F Federal Credit Union",61128,TURLOCK,CA,http://www.rollingf.org,"Rolling F Credit Union",no_federal_on_site,"Rolling F Credit Union",yes
6934,"Lion'S Share Federal Credit Union",24813,Salisbury,NC,http://www.lionsharecu.org,"Home",federal_on_site,"",no
6951,"Neighbors United Federal Credit Union",24851,Greenwood,SC,http://www.mynucu.org,"Neighbors United Federal Credit Union | Neighbors United FCU",federal_on_site,"",no
8419,"Spokane City Federal Credit Union",68283,Spokane,WA,http://www.sccu.net,"Home - Spokane City Credit Union",no_federal_on_site,"Spokane City Credit Union",yes
7747,"Fellowship Federal Credit Union",64852,Lamar,CO,http://www.fellowshipcreditunion.com,"Welcome to Fellowship Credit Union",no_federal_on_site,"Fellowship Credit Union",yes
8076,"Kings Peak Federal Credit Union",67160,Roosevelt,UT,http://www.kingspeakcu.com,"",fetch_failed,"",no
7287,"One Detroit Federal Credit Union",61495,Detroit,MI,http://WWW.OneDetroitCU.org,"One Detroit Credit Union",no_federal_on_site,"One Detroit Credit Union",yes
7948,"Gundersen Federal Credit Union",66477,LA CROSSE,WI,http://www.gundersencu.org,"Online Banking in La Crosse  WI | Gundersen Credit Union",no_federal_on_site,"Gundersen Credit Union",yes
8643,"Perfect Circle Federal Credit Union",68719,Hagerstown,IN,http://www.pccu.com,"Perfect Circle Credit Union",no_federal_on_site,"Perfect Circle Credit Union",yes
5092,"Santa Barbara County Federal Credit Union",6711,SANTA BARBARA,CA,http://www.sbcreditunion.com,"Santa Barbara Credit Union - Santa Barbara County Federal Credit Union - Home Loans",federal_on_site,"",no
4518,"Fort Billings Federal Credit Union",1167,PAULSBORO,NJ,http://www.fortbillings.org,"",fetch_failed,"",no
5323,"River Valley Community Federal Credit Union",8812,CAMDEN,AR,http://www.myrvcu.com,"River Valley Community FCU",federal_on_site,"",no
8313,"City Federal Credit Union",67924,Independence,MO,http://www.city-cu.com,"City Credit Union | Independence Credit Union",no_federal_on_site,"City Credit Union",yes
7435,"Doches Federal Credit Union",62446,NACOGDOCHES,TX,http://www.dochescu.com,"Doches Credit Union | People Helping People",no_federal_on_site,"Doches Credit Union",yes
7141,"Millard County Federal Credit Union",60494,FILLMORE,UT,http://WWW.MILLARDCCU.COM,"Millard County Credit Union | MCCU",no_federal_on_site,"Millard County Credit Union",yes
6640,"Morehead Community Federal Credit Union",23070,Morehead,KY,http://www.moreheadcommunity.com,"Morehead Community Federal Credit Union",federal_on_site,"",no
5889,"The Bridgeway Federal Credit Union",13852,Phenix City,AL,http://www.bridgewaycu.org,"Home | Bridgeway Credit Union",no_federal_on_site,"The Bridgeway Credit Union",yes
7930,"Evergreen Federal Credit Union",66395,NEENAH,WI,http://www.evergreencu.com,"Evergreen Credit Union | Wisconsin",no_federal_on_site,"Evergreen Credit Union",yes
7878,"New Jersey Law And Public Safety Federal Credit Union",66130,Trenton,NJ,http://www.njlpscu.org,"Home of the New Jersey Law and Public Safety Credit Union",no_federal_on_site,"New Jersey Law And Public Safety Credit Union",yes
7436,"Financial Security Federal Credit Union",62452,CARLSBAD,NM,http://www.finseccu.com,"Financial Security CU",no_federal_on_site,"Financial Security Credit Union",no
6012,"Morton Lane Federal Credit Union",15021,BUFFALO,NY,http://www.mortonlanedirect.com,"Morton Lane Federal Credit Union",federal_on_site,"",no
6816,"Palmetto First Federal Credit Union",24491,Florence,SC,http://www.palmettofirst.com,"Palmetto First Federal Credit Union &#8211; Palmetto First Federal Credit Union",federal_on_site,"",no
4582,"Cosden Federal Credit Union",1750,BIG SPRING,TX,http://www.cosden.org,"Credit Union in Big Spring  TX | Cosden Federal Credit Union index page",federal_on_site,"",no
7557,"Rimrock Federal Credit Union",63183,BILLINGS,MT,http://www.rimrockcu.org,"Rimrock Credit Union |",no_federal_on_site,"Rimrock Credit Union",yes
5025,"Select Seven Federal Credit Union",6079,Johnson City,TN,http://www.selectsevencu.org,"Select Seven CU",no_federal_on_site,"Select Seven Credit Union",no
7069,"San Juan Mountains Federal Credit Union",60110,Montrose,CO,http://www.sjmcreditunion.org,"San Juan Mountains CU",no_federal_on_site,"San Juan Mountains Credit Union",no
7936,"Madison Federal Credit Union",66431,MADISON,WI,http://www.madisoncu.com,"Madison Credit Union - Community-Focused  Member-Driven",no_federal_on_site,"Madison Credit Union",yes
5378,"Toledo Metro Federal Credit Union",9189,TOLEDO,OH,http://www.toledometro.com,"Homepage - Toledo Metro Federal Credit Union",federal_on_site,"",no
6625,"C C S E Federal Credit Union",22754,SALAMANCA,NY,http://www.ccseonline.com,"CCSE Federal Credit Union &#8211; Proudly Serving all of Cattaraugus County",federal_on_site,"",no
7321,"Lincoln Park Community Federal Credit Union",61701,Lincoln Park,MI,http://www.lpccu.coop,"Lincoln Park Community CU",no_federal_on_site,"Lincoln Park Community Credit Union",no
4586,"Nordstrom Federal Credit Union",1788,Everett,WA,http://www.nordcu.org,"Nordstrom Federal Credit Union | Seattle  WA",federal_on_site,"",no
6921,"First Pioneers Federal Credit Union",24783,LAFAYETTE,LA,http://www.firstpioneers.com,"Federal Credit Union in Lafayette and New Iberia  LA &mdash; First Pioneers FCU",federal_on_site,"",no
7876,"Loco Federal Credit Union",66117,ALAMOGORDO,NM,http://www.lococreditunion.com,"LOCO Credit Union",no_federal_on_site,"Loco Credit Union",yes
7551,"Calcasieu Teachers And Employees Federal Credit Union",63142,Lake Charles,LA,http://www.calteacherscu.com,"Home Page - Calcasieu Teachers & Employees Credit Union",federal_on_site,"",yes
5983,"La Joya Area Federal Credit Union",14734,La Joya,TX,http://WWW.LAJOYACREDITUNION.COOP,"La Joya Area FCU -         Home",federal_on_site,"",no
8066,"Education 1St Federal Credit Union",67127,OGDEN,UT,http://www.E1cu.org,"#1 Rated Credit Union in Ogden | Education First Credit Union",no_federal_on_site,"Education 1St Credit Union",yes
7943,"Focus Federal Credit Union",66451,Menomonee Falls,WI,http://www.focus-cu.com,"Focus Credit Union : Financial Services for Wauwatosa and Menomonee Falls",federal_on_site,"",yes
7252,"Acme Continental Federal Credit Union",61230,Riverdale,IL,http://www.acmecontinentalcu.com,"Acme Continental Credit Union",no_federal_on_site,"Acme Continental Credit Union",yes
7365,"Gratiot Community Federal Credit Union",61986,Alma,MI,http://www.gratiotcu.org,"Gratiot Community Credit Union &#8211; Your credit union!",no_federal_on_site,"Gratiot Community Credit Union",yes
4816,"Sacred Heart Parish Hallettsville Federal Credit Union",3946,Hallettsville,TX,http://www.sacredheartcu.com,"Homepage | Sacred Heart Parish Credit Union (Hallettsville  TX)",federal_on_site,"",yes
6598,"Southcoast Federal Credit Union",22426,New Bedford,MA,http://www.southcoastcu.org,"Southcoast Credit Union",no_federal_on_site,"Southcoast Credit Union",yes
7419,"Kemba Louisville Federal Credit Union",62358,Louisville,KY,https://www.kembaky.org,"KEMBA Louisville Credit Union &#8211; Proudly serving the Kroger company family in Louisville  KY",no_federal_on_site,"Kemba Louisville Credit Union",yes
8421,"Tlcu Financial Federal Credit Union",68286,MISHAWAKA,IN,http://www.tlcufinancial.org,"TLCU Financial",no_federal_on_site,"Tlcu Financial Credit Union",no
8369,"Horizon Federal Credit Union",68138,Kingsport,TN,http://www.myhorizoncu.org,"Horizon Credit Union &#8211; A Tennessee Chartered Credit Union",no_federal_on_site,"Horizon Credit Union",yes
7497,"Raytown-Lee'S Summit Community Federal Credit Union",62815,RAYTOWN,MO,http://www.rlsccu.org,"RLSCCU Home - Raytown-Lee&#039;s Summit",no_federal_on_site,"Raytown-Lee'S Summit Community Credit Union",no
8391,"Mill Town Federal Credit Union",68222,EVERETT,WA,http://www.milltowncu.org,"Mill Town Credit Union - Credit Union | Everett  WA",no_federal_on_site,"Mill Town Credit Union",yes
5949,"Oswego Teachers Employees Federal Credit Union",14436,OSWEGO,NY,http://www.oswegoteacherscu.org,"Oswego Teachers Employees Federal Credit Union",federal_on_site,"",no
7108,"Fieldstone Federal Credit Union",60325,Bradley,IL,http://www.fieldstonecu.com,"",fetch_failed,"",no
8526,"My Federal Credit Union",68545,Haslet,TX,http://www.mycutx.com,"My Credit Union - Home",no_federal_on_site,"My Credit Union",yes
7589,"Simplot Federal Credit Union",63405,POCATELLO,ID,http://www.simplotcu.com,"Home - Simplot Credit Union",no_federal_on_site,"Simplot Credit Union",yes
8452,"American Lake Federal Credit Union",68371,Lakewood,WA,http://www.americanlake.org,"American Lake Credit Union - Home",no_federal_on_site,"American Lake Credit Union",yes
7094,"Share Advantage Federal Credit Union",60242,Duluth,MN,http://www.myshareadvantage.com,"The Northland's community credit union! · Duluth  MN | Share Advantage Credit Union",no_federal_on_site,"Share Advantage Credit Union",yes
7512,"Ark Valley Federal Credit Union",62894,Arkansas City,KS,http://www.arkvalleycu.org,"Ark Valley Credit Union",no_federal_on_site,"Ark Valley Credit Union",yes
7049,"Metco Federal Credit Union",60013,Cedar Rapids,IA,http://www.metcocu.org,"HOME - Metco Credit Union",no_federal_on_site,"Metco Credit Union",yes
7978,"Brewery Federal Credit Union",66637,MILWAUKEE,WI,http://www.brewerycu.com,"Local Credit Union &amp; Loan Services  Brewery Credit Union",no_federal_on_site,"Brewery Credit Union",yes
7633,"Horizon Federal Credit Union",63844,Macon,MO,http://www.yourhcu.com,"Horizon Credit Union",no_federal_on_site,"Horizon Credit Union",yes
8439,"Olympia Federal Credit Union",68331,Olympia,WA,http://www.olycu.org,"Olympia Credit Union – Olympia WA Credit Union",no_federal_on_site,"Olympia Credit Union",yes
6867,"Brooklyn Cooperative Federal Credit Union",24642,Brooklyn,NY,http://www.brooklyn.coop,"Brooklyn Coop | Welcome to Bk Coop Federal Credit Union. Ready. Set. Grow.",federal_on_site,"",no
8432,"Responders Emergency Services Federal Credit Union",68305,SPOKANE,WA,https://www.myrescu.org/,"Responders Emergency Services Credit Union",no_federal_on_site,"Responders Emergency Services Credit Union",yes
8252,"Greater Eastern Federal Credit Union",67701,Johnson City,TN,http://www.greatereastern.org,"Home",no_federal_on_site,"Greater Eastern Credit Union",no
4788,"Toledo Police Federal Credit Union",3720,Toledo,OH,http://www.tpolcu.com,"Toledo Police Federal CU",federal_on_site,"",no
5865,"University Of South Alabama Federal Credit Union",13659,MOBILE,AL,http://www.usafedcu.com,"USA Federal Credit Union | University of South Alabama",federal_on_site,"",no
7727,"Joplin Metro Federal Credit Union",64691,JOPLIN,MO,http://www.joplinmcu.com,"Home - Joplin Metro Credit Union",no_federal_on_site,"Joplin Metro Credit Union",yes
8113,"Priority Federal Credit Union",67319,Orlando,FL,http://www.prioritycu.org,"Home | Priority Credit Union | Orlando  Florida",no_federal_on_site,"Priority Credit Union",yes
7103,"Empower Blue Federal Credit Union",60295,TOPEKA,KS,http://www.empowerbluecu.org,"Empower Blue Credit Union - Home",no_federal_on_site,"Empower Blue Credit Union",yes
7842,"Galesburg Burlington Federal Credit Union",65712,Galesburg,IL,http://www.gbcu.net,"Galesburg Burlington CU: Home Page",no_federal_on_site,"Galesburg Burlington Credit Union",no
8418,"Blue Mountain Federal Credit Union",68280,COLLEGE PLACE,WA,http://www.bmcu.com,"Blue Mountain Credit Union | bringing the valley together",no_federal_on_site,"Blue Mountain Credit Union",yes
5533,"Big Spring Education Employees Federal Credit Union",10577,BIG SPRING,TX,http://WWW.BSTCU.COM,"Home — Big Spring Education FCU",federal_on_site,"",no
7214,"Huntington Beach Federal Credit Union",60967,Huntington Beac,CA,https://www.huntingtonbeachcu.org,"Huntington Beach Credit Union",no_federal_on_site,"Huntington Beach Credit Union",yes
8089,"Jack Daniel Employees Federal Credit Union",67197,LYNCHBURG,TN,http://www.jdecu.org,"Jack Daniel ECU",no_federal_on_site,"Jack Daniel Employees Credit Union",no
8447,"Baptist Federal Credit Union",68358,San Antonio,TX,http://www.baptistcu.org,"Baptist Credit Union | Honestly  your best financial partner",no_federal_on_site,"Baptist Credit Union",yes
7952,"Central Wisconsin Federal Credit Union",66513,Plover,WI,http://www.mycwcu.com,"Central Wisconsin Credit Union",no_federal_on_site,"Central Wisconsin Credit Union",yes
5438,"Forge Federal Credit Union",9622,Upper Darby,PA,http://www.forgecu.org,"Home Page | Forge Credit Union",no_federal_on_site,"Forge Credit Union",yes
7750,"5 Star Community Federal Credit Union",64878,MOUNT PLEASANT,IA,http://www.5starcu.org,"",fetch_failed,"",no
7604,"Jacom Federal Credit Union",63589,los angeles,CA,https://www.jacomcu.org,"JACom CU | Japanese American Community Credit Union",no_federal_on_site,"Jacom Credit Union",yes
7852,"Northwest Hills Federal Credit Union",65803,Torrington,CT,https://www.nwhcu.com,"Northwest Hill Credit Union",no_federal_on_site,"Northwest Hills Credit Union",yes
6412,"Penn Federal Credit Union",20207,Philadelphia,PA,http://www.penncu.org,"Home - Penn Credit Union",federal_on_site,"",yes
7603,"Charlotte Fire Department Federal Credit Union",63566,Charlotte,NC,http://www.cfdcu.org,"Charlotte Fire Department CU",no_federal_on_site,"Charlotte Fire Department Credit Union",no
7070,"Lancaster Red Rose Federal Credit Union",60113,Leola,PA,http://www.lrrcu.org,"Lancaster Red Rose Credit Union | We Are Committed to You",no_federal_on_site,"Lancaster Red Rose Credit Union",yes
7541,"Post Office Employees' Federal Credit Union",63069,METAIRIE,LA,http://www.poecu.org,"Post Office Employees Credit Union | POECU",no_federal_on_site,"Post Office Employees' Credit Union",yes
7184,"L. A. Electrical Workers Credit Un. Federal Credit Union",60755,Pasadena,CA,https://www.laewcu.com,"L.A. Electrical Workers CU",no_federal_on_site,"L. A. Electrical Workers Credit Un. Credit Union",no
7021,"Instep Federal Credit Union",24951,New Orleans,LA,http://www.instepmembers.com,"Home Page - Instep Credit Union",federal_on_site,"",yes
7644,"Glatco Federal Credit Union",63943,Spring Grove,PA,http://www.glatcocu.com,"Glatco Credit Union",no_federal_on_site,"Glatco Credit Union",yes
6190,"Bar-Cons Federal Credit Union",17040,COLUMBUS,IN,http://www.barcons.org,"Bar-Cons Federal Credit Union | Columbus  IN Bank - Savings &amp; Loans",federal_on_site,"",no
7899,"Telco Federal Credit Union",66319,TARBORO,NC,http://www.telcu.com,"Error 406 - Not Acceptable",no_federal_on_site,"Telco Credit Union",no
8001,"Badger-Globe Federal Credit Union",66750,NEENAH,WI,http://www.badgerglobecu.org,"Badger Globe Credit Union",no_federal_on_site,"Badger-Globe Credit Union",yes
8362,"Vanderbilt Federal Credit Union",68119,Nashville,TN,https://www.vanderbiltcu.org,"",fetch_failed,"",no
7707,"White River Federal Credit Union",64421,Rochester,VT,http://www.whitercu.com,"Our Credit Union is Made for You | Join 802 Credit Union",no_federal_on_site,"White River Credit Union",yes
7280,"Aeroquip Federal Credit Union",61405,JACKSON,MI,http://www.aeroquipcu.com,"Aeroquip CU",no_federal_on_site,"Aeroquip Credit Union",no
4461,"Firstenergy Choice Federal Credit Union",839,GREENSBURG,PA,http://www.fechoice.com,"FirstEnergy Choice FCU",federal_on_site,"",no
8440,"Gr Consumers Federal Credit Union",68332,Wyoming,MI,http://www.grccu.com,"GR Consumers Credit Union",no_federal_on_site,"Gr Consumers Credit Union",yes
7384,"Country Heritage Federal Credit Union",62079,BUCHANAN,MI,http://www.countryheritagecu.com,"Index",no_federal_on_site,"Country Heritage Credit Union",no
8607,"Vocal Federal Credit Union",68677,HELENA,MT,http://www.vocal.coop,"Vocal Credit Union - Helena  MT Credit Union",federal_on_site,"",yes
7540,"Metro Plus Federal Credit Union",63058,Lexington,KY,http://www.metropluscu.org,"Home - Metro Plus Credit Union",no_federal_on_site,"Metro Plus Credit Union",yes
6782,"Truservice Community Federal Credit Union",24390,LITTLE ROCK,AR,http://www.truservice.net,"TruService Community | Arkansas Credit Union",federal_on_site,"",yes
7553,"Pipefitters-Steamfitters Federal Credit Union",63157,WOODBURY,MN,https://www.pipefitterscu.org,"Pipefitters Steamfitters Credit Union | Home",no_federal_on_site,"Pipefitters-Steamfitters Credit Union",yes
7442,"Maroon Financial Federal Credit Union",62497,Chicago,IL,http://www.maroonfinancial.org,"Maroon Financial Credit Union | Serving the University of Chicago Community",no_federal_on_site,"Maroon Financial Credit Union",yes
5183,"Tuscaloosa V A Federal Credit Union",7532,Tuscaloosa,AL,http://www.tvacu.com,"Tuscaloosa VA Federal Credit Union - Home",federal_on_site,"",no
7611,"Champion Community Federal Credit Union",63614,Courtland,AL,http://www.caecu.org/,"Home | Champion Community Credit Union",no_federal_on_site,"Champion Community Credit Union",yes
7446,"Tri-Cities Federal Credit Union",62508,Grand Haven,MI,http://www.tricu.org,"Home - Tri Cities Credit Union",no_federal_on_site,"Tri-Cities Credit Union",yes
8427,"3Hill Federal Credit Union",68297,Blue Bell,PA,http://www.3hillcu.com,"Homepage - 3Hill Credit Union",no_federal_on_site,"3Hill Credit Union",yes
8123,"Brookline Municipal Federal Credit Union",67340,BROOKLINE,MA,http://www.BROOKLINECU.COM,"Brookline Municipal Credit Union &#8211; Home",no_federal_on_site,"Brookline Municipal Credit Union",yes
8291,"Trans Texas Southwest Federal Credit Union",67835,San Angelo,TX,http://www.transtexas.coop,"Trans Texas Southwest Credit Union",no_federal_on_site,"Trans Texas Southwest Credit Union",yes
8429,"Star Financial Federal Credit Union",68300,Corpus Christi,TX,http://www.starcu.org,"",fetch_failed,"",no
7117,"Lubrizol Employees' Federal Credit Union",60378,Deer Park,TX,http://www.lzecu.org,"Lubrizol Employees Credit Union",no_federal_on_site,"Lubrizol Employees' Credit Union",yes
5360,"Roswell Community Federal Credit Union",9093,Roswell,NM,http://www.roswellcu.org,"Roswell CU",no_federal_on_site,"Roswell Community Credit Union",no
7898,"Healthshare Federal Credit Union",66317,Greensboro,NC,http://www.healthsharecu.org,"Home - HealthShare Credit Union",no_federal_on_site,"Healthshare Credit Union",yes
7623,"Riverside Community Federal Credit Union",63791,KANKAKEE,IL,http://www.riversidecu.com,"Home - Riverside Community Credit Union",no_federal_on_site,"Riverside Community Credit Union",yes
5412,"Marisol Federal Credit Union",9469,Phoenix,AZ,https://www.marisolcu.org,"MariSol Federal Credit Union",federal_on_site,"",no
7958,"First Choice Federal Credit Union",66545,MARSHFIELD,WI,http://WWW.FIRSTCHOICECREDITUNION.COM,"First Choice Credit Union",no_federal_on_site,"First Choice Credit Union",yes
8336,"Central Valley Firefighters Federal Credit Union",68008,FRESNO,CA,http://WWW.CVFIRECU.ORG,"Home - Central Valley Firefighters Credit Union",no_federal_on_site,"Central Valley Firefighters Credit Union",yes
7236,"Louisville Gas And Electric Company Federal Credit Union",61123,Louisville,KY,http://www.lgecu.org,"LG&amp;E Co. Credit Union",no_federal_on_site,"Louisville Gas And Electric Company Credit Union",yes
8099,"Athens Area Federal Credit Union",67243,ATHENS,WI,http://www.athensareacu.com,"Athens Area CU",no_federal_on_site,"Athens Area Credit Union",no
8319,"Ocala Community Federal Credit Union",67938,Ocala,FL,http://www.ocalacommunitycu.com,"Ocala Community Credit Union – A Safe &amp; Sound Credit Union",no_federal_on_site,"Ocala Community Credit Union",yes
4476,"Prr South Fork Federal Credit Union",909,South Fork,PA,http://www.prrsouthfork.com,"",fetch_failed,"",no
6723,"Indiana Heartland Federal Credit Union",24108,KOKOMO,IN,http://www.indianaheartland.org,"Indiana Heartland FCU &#8211; Kokomo Credit Union &#8211; Kokomo Credit Union",federal_on_site,"",yes
6525,"U.P.S. Employees Federal Credit Union",21532,ONTARIO,CA,http://WWW.UPSCREDITUNION.ORG,"UPS Employees Federal Credit Union | UPSEFCU | Ontario  CA",federal_on_site,"",no
6114,"State Cs Employees Federal Credit Union",16207,WATERTOWN,NY,http://www.statecs.org,"Home | State CS Employees Federal Credit Union",federal_on_site,"",no
8508,"Silverado Federal Credit Union",68491,ANGWIN,CA,http://www.silveradocu.com,"Home | Silverado Credit Union",no_federal_on_site,"Silverado Credit Union",yes
5880,"Desertview Federal Credit Union",13790,HUNTINGTON,UT,http://www.dview.org,"",fetch_failed,"",no
8084,"First Choice Community Federal Credit Union",67185,Knoxville,TN,http://www.firstchoiceccu.org,"First Choice Community Credit Union",no_federal_on_site,"First Choice Community Credit Union",yes
8119,"Jackson County 1St Federal Credit Union",67334,MARIANNA,FL,http://www.jacksoncountytcu.com,"Jackson County 1st Credit Union",no_federal_on_site,"Jackson County 1St Credit Union",yes
7960,"Bay Shore Federal Credit Union",66549,MARINETTE,WI,http://www.bayshorecu.org,"Home | Bay Shore Credit Union",no_federal_on_site,"Bay Shore Credit Union",yes
6466,"Dubois-Pike Federal Credit Union",20805,JASPER,IN,http://www.duboispike.org,"Dubois-Pike Federal Credit Union - Dubois-Pike Federal Credit Union",federal_on_site,"",no
7713,"Dow Great Western Federal Credit Union",64503,Antioch,CA,http://www.dowcu.org,"Dow Credit Union – Dow Credit Union",no_federal_on_site,"Dow Great Western Credit Union",yes
5445,"Employees Federal Credit Union",9715,TULSA,OK,http://www.employeesfed.com,"Potential Threat Detected",no_federal_on_site,"Employees Credit Union",no
7951,"Iron County Community Federal Credit Union",66503,Hurley,WI,http://www.ironcccu.com,"Iron County Community Credit Union | Everything we do  we do for you.",no_federal_on_site,"Iron County Community Credit Union",yes
8246,"Worcester Fire Dept. Federal Credit Union",67683,WORCESTER,MA,http://www.wfdcu.org,"Worcester Fire Dept Credit Union",no_federal_on_site,"Worcester Fire Dept. Credit Union",yes
6695,"Genesee Co-Op Federal Credit Union",23848,ROCHESTER,NY,http://WWW.GENESEE.COOP,"Rochester Credit Union | Genesee Co-op Federal Credit Union",federal_on_site,"",no
7586,"Kansas City Federal Credit Union",63388,KANSAS CITY,MO,http://www.kccu.net,"403 Forbidden",no_federal_on_site,"Kansas City Credit Union",no
4736,"Southern Middlesex Co Tchrs Federal Credit Union",3126,East Brunswick,NJ,http://www.myfavoritecu.com,"S. Middlesex FCU",federal_on_site,"",no
4761,"Huntingtonized Federal Credit Union",3438,Huntington,WV,http://www.huntingtonized.com,"Homepage - Huntingtonized FCU",federal_on_site,"",no
8226,"Houston Highway Federal Credit Union",67627,Houston,TX,http://www.houstonhighwaycu.com,"Home - Houston Highway Credit Union",no_federal_on_site,"Houston Highway Credit Union",yes
4963,"Dixies Federal Credit Union",5569,DARLINGTON,SC,http://www.dixiefed.com,"",fetch_failed,"",no
6926,"Carolina Cooperative Federal Credit Union",24801,CHARLOTTE,NC,http://www.carolinacu.com,"Carolina Cooperative FCU",federal_on_site,"",no
5840,"Methodist Healthcare Federal Credit Union",13456,Cordova,TN,http://www.methodistcu.org,"Home - MHFCU",federal_on_site,"",no
7169,"Fire Fighters Federal Credit Union",60696,TULSA,OK,https://www.firefighterscu.org,"Firefighters CU - Home",no_federal_on_site,"Fire Fighters Credit Union",no
7726,"Holy Rosary Federal Credit Union",64690,KANSAS CITY,MO,http://www.HolyRosaryCU.org,"Holy Rosary CU | Working Together to Create Opportunity - Holy Rosary Credit Union",no_federal_on_site,"Holy Rosary Credit Union",yes
7509,"Capitol View Federal Credit Union",62878,Des Moines,IA,http://www.capview.org,"Capitol View Credit Union",no_federal_on_site,"Capitol View Credit Union",yes
7572,"Fox Valley Federal Credit Union",63286,Aurora,IL,http://www.foxvalleycu.com,"Fox Valley Credit Union",no_federal_on_site,"Fox Valley Credit Union",yes
5242,"Dakota Star Federal Credit Union",8039,RAPID CITY,SD,http://www.dakotastar.org,"Dakota Star Federal Credit Union | Rapid City  SD",federal_on_site,"",no
4409,"On The Grid Financial Federal Credit Union",383,Atlanta,GA,http://www.cuonthegrid.com,"Home - On The Grid Financial",no_federal_on_site,"On The Grid Financial Credit Union",no
7946,"Marathon County Employees Federal Credit Union",66466,WAUSAU,WI,https://WWW.MCECU.ORG,"Marathon County Employees Credit Union | MCECU | Wausau  WI",no_federal_on_site,"Marathon County Employees Credit Union",yes
5116,"Nephi Western Employees Federal Credit Union",6920,Nephi,UT,http://www.nephicreditunion.com,"Visual Slideshow",federal_on_site,"",no
8393,"Azalea City Federal Credit Union",68224,MOBILE,AL,https://www.azaleacitycu.com,"",fetch_failed,"",no
5900,"Business And Industrial Federal Credit Union",13940,COLUMBUS,IN,http://www.busindcu.com,"Business &amp; Industrial FCU",federal_on_site,"",no
6149,"Solutions First Federal Credit Union",16556,ENTERPRISE,AL,http://www.solutionsfirstcu.com,"Solutions First Credit Union Auto Loans  Mortgages and more  Enterprise Alabama",federal_on_site,"",yes
7819,"Energy Plus Federal Credit Union",65458,Indianapolis,IN,http://www.energypluscu.org,"Home - Origins Credit Union",no_federal_on_site,"Energy Plus Credit Union",yes
7808,"Mcpherson Co-Op Federal Credit Union",65371,MCPHERSON,KS,https://www.mcphersoncu.com,"McPherson Co-op Credit Union - Home",no_federal_on_site,"Mcpherson Co-Op Credit Union",yes
7308,"North Districts Federal Credit Union",61636,GIBSONIA,PA,https://www.ndcupa.org,"North Districts Community Credit Union",no_federal_on_site,"North Districts Credit Union",yes
7545,"Bloomington Municipal Federal Credit Union",63103,Bloomington,IL,http://www.bmcu.org,"403 - Forbidden: Access is denied.",no_federal_on_site,"Bloomington Municipal Credit Union",no
6714,"Stewart'S Federal Credit Union",24036,Saratoga Spring,NY,http://www.stewartscu.com,"Stewart&#039;s Federal Credit Union",federal_on_site,"",no
5515,"Access Of Louisiana Federal Credit Union",10353,Lake Charles,LA,http://www.access.coop,"Access Of Louisiana Federal Credit Union",federal_on_site,"",no
7646,"Virginia Coop Federal Credit Union",63965,Virginia,MN,http://www.vccu.org,"Home - VCCU",no_federal_on_site,"Virginia Coop Credit Union",no
8376,"Collegedale Federal Credit Union",68167,Collegedale,TN,http://www.collegedale.org,"Home Page  ::  Collegedale Credit Union",no_federal_on_site,"Collegedale Credit Union",yes
4458,"Rochester & Monroe Co Emp Federal Credit Union",817,Rochester,NY,http://www.rocmon.org,"Home - Rochester &amp; Monroe County Employee Federal Credit nion",federal_on_site,"",no
6481,"B.O.N.D. Community Federal Credit Union",20974,Atlanta,GA,http://www.bondcu.com,"Bond Community Federal Credit Union",federal_on_site,"",no
8506,"Members Federal Credit Union",68487,Stamford,CT,http://www.memberscu.coop,"Members Credit Union",no_federal_on_site,"Members Credit Union",yes
6876,"Carpenters Federal Credit Union",24676,Saint Paul,MN,http://www.mycarpenterscu.org,"Carpenters Credit Union",no_federal_on_site,"Carpenters Credit Union",yes
8257,"Lakeside Federal Credit Union",67713,New Johnsonvill,TN,https://www.lcu.coop,"Home :: Lakeside Credit Union",no_federal_on_site,"Lakeside Credit Union",yes
8182,"Hockley County Federal Credit Union",67516,Levelland,TX,http://www.hcsecu.org,"Hockley County Credit Union | (806) 894-6204 | Since 1954",no_federal_on_site,"Hockley County Credit Union",yes
6969,"Northern Lights Federal Credit Union",24878,Saint Johnsbury,VT,http://www.northernlightscu.com,"Northern Lights Credit Union &#8211; Your Community Credit Union!",federal_on_site,"",yes
8216,"Ups Employees Federal Credit Union",67608,MEMPHIS,TN,http://www.upscu.org,"UPS Employees CU",no_federal_on_site,"Ups Employees Credit Union",no
5655,"Wyrope Williamsport Federal Credit Union",11689,S Williamsport,PA,http://www.wyrope.org,"Wyrope Williamsport FCU",federal_on_site,"",no
5990,"Mississippi National Guard Federal Credit Union",14805,JACKSON,MS,https://www.msng.org,"MS National Guard FCU",federal_on_site,"",no
7452,"Auto-Owners Associates Federal Credit Union",62543,LANSING,MI,https://www.aoacu.com,"Auto-Owners Associates Credit Union  A Credit Union for the Employees of Auto-Owners Insurance",no_federal_on_site,"Auto-Owners Associates Credit Union",yes
8209,"Cabot Community Federal Credit Union",67581,Pampa,TX,https://www.cabotccu.com,"Cabot CCU",no_federal_on_site,"Cabot Community Credit Union",no
7705,"Sioux Valley Community Federal Credit Union",64417,SIOUX CITY,IA,http://www.siouxvalleyccu.com,"Home Page - Sioux Valley CCU",no_federal_on_site,"Sioux Valley Community Credit Union",no
7829,"North Platte Union Pacific Employee Federal Credit Union",65528,North Platte,NE,http://www.upemployeescu.com,"Union Pacific Employees Credit/North Platte &#8211; Credit Union for Union Pacific Employees in North Platte N",no_federal_on_site,"North Platte Union Pacific Employee Credit Union",yes
7486,"West Metro Schools Federal Credit Union",62726,Hopkins,MN,http://www.wmscu.org,"Home :: West Metro Schools Credit Union",no_federal_on_site,"West Metro Schools Credit Union",yes
7607,"B&V Federal Credit Union",63598,OVERLAND PARK,KS,http://www.bvcreditunion.com,"B&amp;V CU - Home Page",no_federal_on_site,"B&V Credit Union",no
5224,"Solutions Federal Credit Union",7846,ELMIRA,NY,https://www.solutionscu.org,"Solutions Credit Union - Serving Elmira  Southport  &amp; Ashland since 1952 | Member owned  not for profit fi",federal_on_site,"",yes
7980,"Tri-County Federal Credit Union",66640,Marinette,WI,http://www.tri-county.org,"Home | TRI-COUNTY.ORG",no_federal_on_site,"Tri-County Credit Union",no
7525,"Show-Me Federal Credit Union",62960,Mexico,MO,https://www.showmecu.org/,"Home - Show Me Credit Union",no_federal_on_site,"Show-Me Credit Union",yes
7459,"Cleveland Police Federal Credit Union",62588,CLEVELAND,OH,http://www.clevepolicecu.com,"",fetch_failed,"",no
7003,"Finanta Federal Credit Union",24928,Lancaster,PA,https://www.finantacreditunion.com,"Finanta Credit Union | Savings  Checking  and More",federal_on_site,"",yes
8214,"Travis County Federal Credit Union",67604,Austin,TX,https://www.tccu.net/,"Travis County Credit Union",no_federal_on_site,"Travis County Credit Union",yes
7275,"Advantage Federal Credit Union",61383,MANSFIELD,OH,http://www.advantage4.org,"Home - Advantage Credit Union | Mansfield  Ohio",no_federal_on_site,"Advantage Credit Union",yes
7944,"County - City Federal Credit Union",66456,JEFFERSON,WI,http://www.countycitycreditunion.com,"County-City Credit Union - We are not a bank. We&#39;re better!",no_federal_on_site,"County - City Credit Union",yes
4946,"Amherst Federal Credit Union",5439,AMHERST,NY,http://www.amherstcu.org,"",fetch_failed,"",no
7822,"Guadalupe Parish Federal Credit Union",65471,Antonito,CO,http://www.guadalupeparishcu.org,"Guadalupe Parish Credit Union",no_federal_on_site,"Guadalupe Parish Credit Union",yes
8114,"City-County Employees Federal Credit Union",67323,CLEARWATER,FL,http://www.ccecu.org,"Home",no_federal_on_site,"City-County Employees Credit Union",no
7987,"Wea Federal Credit Union",66677,Madison,WI,https://www.weacu.com,"Welcome to WEA Credit Union",no_federal_on_site,"Wea Credit Union",yes
8063,"Golden Rule Community Federal Credit Union",67096,RIPON,WI,http://www.goldenrulecu.org,"Golden Rule Community Credit Union | Wisconsin",federal_on_site,"",yes
8260,"Jax Fire Federal Credit Union",67717,Jacksonville,FL,http://www.jaxfirecu.org,"Jax Fire Credit Union &#8211; Built by Firefighter for Firefighters. Established in 1933.",no_federal_on_site,"Jax Fire Credit Union",yes
4369,"Northern Indiana Federal Credit Union",168,Merrillville,IN,http://www.nifedcu.org,"Home",federal_on_site,"",no
7179,"Campus Federal Credit Union",60731,Wichita,KS,http://www.campuscu.org,"Campus Credit Union | Checking  Loans &amp; Banking in Wichita  KS",no_federal_on_site,"Campus Credit Union",yes
6176,"Caprock Federal Credit Union",16813,LAMESA,TX,http://WWW.CAPROCKCU.COM,"Home - Caprock Federal Credit Union",federal_on_site,"",no
8151,"Mesquite Federal Credit Union",67436,MESQUITE,TX,http://www.mesquitecu.org,"Mesquite Credit Union | Mesquite CU in Mesquite  Texas",no_federal_on_site,"Mesquite Credit Union",yes
7274,"Sherwin Williams Emp. Federal Credit Union",61368,South Holland,IL,https://www.swcu.org,"Home - Sherwin-Williams",no_federal_on_site,"Sherwin Williams Emp. Credit Union",no
7807,"New Directions Community Federal Credit Union",65356,Franklin,PA,https://www.newdirectionsccu.com,"New Directions Community - New Directions Community Credit Union",no_federal_on_site,"New Directions Community Credit Union",yes
7399,"Lamoure Federal Credit Union",62218,LAMOURE,ND,http://www.lamourecu.com,"LaMoure Credit Union",no_federal_on_site,"Lamoure Credit Union",yes
7359,"Organized Labor Federal Credit Union",61942,Modesto,CA,http://www.organizedlaborcu.org,"Organized Labor Credit Union &#8211; Built by Members Since 1974",no_federal_on_site,"Organized Labor Credit Union",yes
7643,"Red Oak Federal Credit Union",63940,TUSCALOOSA,AL,http://www.redoakcu.com,"RedOak Credit Union - Home",no_federal_on_site,"Red Oak Credit Union",yes
8331,"M.P.D. Community Federal Credit Union",67979,Nashville,TN,http://WWW.MPDCU.ORG,"MPD Community CU",no_federal_on_site,"M.P.D. Community Credit Union",no
7523,"Streator Community Federal Credit Union",62939,Streator,IL,http://www.streatorccu.org,"403 - Forbidden: Access is denied.",no_federal_on_site,"Streator Community Credit Union",no
5566,"Longshoremen'S Local 4 Federal Credit Union",10799,Vancouver,WA,http://www.lshore4cu.com,"Longshoremen's Local 4 Federal Credit Union",federal_on_site,"",no
8300,"Keystone Federal Credit Union",67869,Tyler,TX,https://www.keystonecu.com,"Credit Union in Tyler TX  East Texas | Keystone Credit Union",no_federal_on_site,"Keystone Credit Union",yes
5583,"Methuen Federal Credit Union",10954,Methuen,MA,http://www.methuencreditunion.com,"Methuen Federal Credit Union &#8211; Home",federal_on_site,"",no
7431,"Whitesville Community Federal Credit Union",62432,Whitesville,KY,http://www.whitesvillecommunitycu.com,"Whitesville Community Credit Union | People Helping People",no_federal_on_site,"Whitesville Community Credit Union",yes
7342,"Affiliated Trades Federal Credit Union",61808,COLLEGEVILLE,PA,http://www.affiliatedtradescu.org,"Homepage - Affiliated Trades CU",no_federal_on_site,"Affiliated Trades Credit Union",no
7879,"Chaves County School Employees Federal Credit Union",66143,Roswell,NM,http://www.ccsecunm.org,"Chaves County School Employees Credit Union | CCSECU",no_federal_on_site,"Chaves County School Employees Credit Union",yes
8408,"Connection Federal Credit Union",68254,Silverdale,WA,https://www.connectioncu.org,"Updated Home - Connection Credit Union",no_federal_on_site,"Connection Credit Union",yes
4923,"Grand Trunk Battle Creek Emp Federal Credit Union",5170,BATTLE CREEK,MI,http://www.grandtrunkcu.com,"- Grand Trunk Credit Union",federal_on_site,"",yes
7311,"Planites Federal Credit Union",61643,Chicago,IL,http://www.planites.org,"Home | Planites Credit Union",no_federal_on_site,"Planites Credit Union",yes
4645,"First Nrv Federal Credit Union",2263,Radford,VA,http://www.firstnrvcreditunion.com,"First NRV Federal Credit Union | Helping People Prosper",federal_on_site,"",no
8051,"National J. A. C. L. Federal Credit Union",67005,Salt Lake City,UT,http://www.jaclcu.com,"National JACL Credit Union &#8211; Making a positive difference in your financial life.",no_federal_on_site,"National J. A. C. L. Credit Union",yes
7415,"Detour Drummond Community Federal Credit Union",62344,DRUMMOND ISLAND,MI,http://www.ddccu.com,"DeTour Drummond Community CU",no_federal_on_site,"Detour Drummond Community Credit Union",no
7157,"Epb Employees Federal Credit Union",60619,CHATTANOOGA,TN,http://www.epbecu.org,"EPB EMPLOYEES CREDIT UNION - Home",no_federal_on_site,"Epb Employees Credit Union",yes
7989,"Ripple Federal Credit Union",66683,Oshkosh,WI,http://www.ripplecu.org,"Ripple Credit Union | Oshkosh Banking  Financing  &amp; Savings",no_federal_on_site,"Ripple Credit Union",yes
7328,"First Area Federal Credit Union",61756,SAGINAW,MI,http://www.firstareacu.com,"First Area Credit Union | Mergers | Credit Union 1",no_federal_on_site,"First Area Credit Union",yes
7360,"Lauderdale County Teachers Federal Credit Union",61944,Florence,AL,http://www.lctcu.org,"Lauderdale County Teachers | Members First",no_federal_on_site,"Lauderdale County Teachers Credit Union",no
6468,"Hopesouth Federal Credit Union",20824,Abbeville,SC,http://www.hopesouth.org,"",fetch_failed,"",no
8351,"St. Thomas Federal Credit Union",68071,Nashville,TN,https://www.stthomascu.org,"St. Thomas Credit | STCU | Nashville  Tennessee",no_federal_on_site,"St. Thomas Credit Union",no
5826,"Lawrence Memorial Hospital Employee Federal Credit Union",13305,New London,CT,http://www.lmhospcu.com,"Lawrence Memorial CU - Home",federal_on_site,"",no
6182,"Fox Federal Credit Union",16954,LOS ANGELES,CA,https://www.foxcredit.org,"Fox Federal Credit Union: Coast to Coast Financial Services",federal_on_site,"",no
5071,"Brightview Federal Credit Union",6527,RIDGELAND,MS,http://www.brightviewcu.com,"BrightView Credit Union | Enjoy more.",federal_on_site,"",yes
7648,"Minnesota Catholic Federal Credit Union",63977,Little Canada,MN,http://www.mncathcu.com,"MCCU Home - MN Catholic Credit Union",no_federal_on_site,"Minnesota Catholic Credit Union",yes
7858,"Mwrd Employees Federal Credit Union",65843,CHICAGO,IL,https://www.mwrdecu.com,"MWRD Employees&#x27; Credit Union | Mergers | Credit Union 1",no_federal_on_site,"Mwrd Employees Credit Union",yes
8172,"Aspire Federal Credit Union",67489,Lufkin,TX,http://www.afecu.net,"Aspire Credit Union - Home",no_federal_on_site,"Aspire Credit Union",yes
7138,"Nashville Firemen'S Federal Credit Union",60483,NASHVILLE,TN,http://www.nashvillefirecu.org,"Nashville Firemen&#39;s Credit Union",no_federal_on_site,"Nashville Firemen'S Credit Union",yes
7284,"Hi-Land Federal Credit Union",61453,SALT LAKE CITY,UT,http://www.hilandcu.com,"Hiland CU",no_federal_on_site,"Hi-Land Credit Union",no
5094,"Franklin Johnstown Federal Credit Union",6723,JOHNSTOWN,PA,http://www.franklinjohnstown.com,"Franklin Johnstown Federal Credit Union",federal_on_site,"",no
8529,"Media City Federal Credit Union",68549,BURBANK,CA,http://www.mediacitycu.org,"Media City Credit Union",no_federal_on_site,"Media City Credit Union",yes
8030,"Teachers Federal Credit Union",66877,BELOIT,WI,http://www.tcubeloit.org,"Teachers Credit Union",no_federal_on_site,"Teachers Credit Union",yes
7387,"Illinois Valley Federal Credit Union",62121,Peru,IL,http://www.ivcu.com,"Illinois Valley Credit Union",no_federal_on_site,"Illinois Valley Credit Union",yes
8235,"Hoosier United Federal Credit Union",67648,Indianapolis,IN,http://www.hoosierunitedcu.com,"Indianapolis Credit Union  Banking | Hoosier United Credit Union",no_federal_on_site,"Hoosier United Credit Union",yes
7073,"Mcdowell Cornerstone Federal Credit Union",60149,MARION,NC,http://WWW.MCDOWELLCORNERSTONE.COM,"",fetch_failed,"",no
4985,"Chivaho Federal Credit Union",5741,Chillicothe,OH,http://www.chivaho.com,"",fetch_failed,"",no
8196,"Matagorda County Federal Credit Union",67545,Bay City,TX,https://www.matagordaccu.com,"Matagorda County CU",no_federal_on_site,"Matagorda County Credit Union",no
7752,"Postal Employees Federal Credit Union",64882,YARDVILLE,NJ,http://www.pecu24.org,"Postal Employees Credit Union - Home Page",no_federal_on_site,"Postal Employees Credit Union",yes
7743,"Hazleton School Employees Federal Credit Union",64833,HAZLETON,PA,https://www.hazletonsecu-dn.financial-net.com/web,"",fetch_failed,"",no
7277,"Social Security Federal Credit Union",61391,Birmingham,AL,https://www.ssacu.com/,"Social Security Credit Union | SSACU | Birmingham  Alabama",no_federal_on_site,"Social Security Credit Union",yes
8356,"Happy Valley Federal Credit Union",68097,ELIZABETHTON,TN,http://www.hvcu-tn.com,"Happy Valley Credit Union &#8211; Your Credit Union!",no_federal_on_site,"Happy Valley Credit Union",yes
5818,"Corrections Federal Credit Union",13254,Soledad,CA,http://www.CORFED.com,"Corrections Federal Credit Union | FCU | Home",federal_on_site,"",no
7854,"Nebraska State Employees Federal Credit Union",65816,LINCOLN,NE,http://www.nsecu.org,"Nebraska State Employees Credit Union | Not for profit  but for service.",no_federal_on_site,"Nebraska State Employees Credit Union",yes
6932,"Shuford Federal Credit Union",24811,Hickory,NC,http://www.shufordcu.org,"Have questions concerning your account? Our call center is always available 844-421-3432",federal_on_site,"",no
7488,"Nsp Federal Credit Union",62733,Maplewood,MN,https://www.mynspcu.org,"NSP Credit Union | Personal Checking  Savings  &amp; Loans",no_federal_on_site,"Nsp Credit Union",yes
8205,"Beaumont Community Federal Credit Union",67574,Beaumont,TX,http://www.bmtccu.com,"Beaumont Community Credit Union in Beaumont  Texas",no_federal_on_site,"Beaumont Community Credit Union",yes
8378,"Koin Federal Credit Union",68172,Brentwood,TN,http://www.koincu.org,"KOIN CU &#8211; Faith Based Banking in Nashville | Purpose Driven Credit Union",no_federal_on_site,"Koin Credit Union",yes
8120,"Ecu Federal Credit Union",67336,SEMINOLE,FL,http://www.ecucreditunion.com,"Home - ECU Credit Union",no_federal_on_site,"Ecu Credit Union",yes
7974,"Meadowland Federal Credit Union",66618,SHEBOYGAN FALLS,WI,http://www.meadowlandcu.org,"Meadowland Credit Union-Where People are Worth More Than Mon",no_federal_on_site,"Meadowland Credit Union",yes
7405,"Alpena Community Federal Credit Union",62264,Alpena,MI,http://www.alpenacreditunion.com,"Home Page - Alpena Credit Union",no_federal_on_site,"Alpena Community Credit Union",yes
7847,"Service Plus Federal Credit Union",65770,Moline,IL,http://www.service-pluscu.org,"Your Full Service Credit Union in Moline  IL | Service Plus Credit Union",no_federal_on_site,"Service Plus Credit Union",yes
8142,"Brazos Star Federal Credit Union",67408,College Station,TX,http://www.brazosstarcu.com,"Brazos Star Credit Union - Brazos Star Credit Union",no_federal_on_site,"Brazos Star Credit Union",yes
8384,"Montana Educators' Federal Credit Union",68190,Missoula,MT,http://www.mtedcu.org,"Montana Educators&#039; Credit Union | Missoula MT -  MECU",no_federal_on_site,"Montana Educators' Credit Union",yes
7680,"Meridian Federal Credit Union",64212,Ottumwa,IA,http://www.mymeridiancu.org,"Credit Union in Ottumwa  IA | Meridian Credit Union",no_federal_on_site,"Meridian Credit Union",yes
7853,"New Haven County Federal Credit Union",65809,North Haven,CT,http://www.nhccu.com,"New Haven County Credit Union - Home",no_federal_on_site,"New Haven County Credit Union",yes
8301,"Alpha Federal Credit Union",67872,Boston,MA,http://www.alphacu.com,"Alpha Credit Union &#8211; Homepage",no_federal_on_site,"Alpha Credit Union",yes
6084,"Common Cents Federal Credit Union",15788,BEAUMONT,TX,http://www.commoncentscu.com,"CommonCents Credit Union | CommonCents CU",no_federal_on_site,"Common Cents Credit Union",yes
6506,"Finger Lakes Health Care Federal Credit Union",21294,ELMIRA,NY,http://WWW.FLHC.COM,"Finger Lakes Health Care FCU - Finger Lakes Health Care Federal Credit Union",federal_on_site,"",no
5449,"Eweb Employees Federal Credit Union",9777,Eugene,OR,http://www.myewebcu.org/,"EWEB Employees Federal Credit Union | Eugene  Oregon",federal_on_site,"",no
5054,"Wichita Falls Federal Credit Union",6317,Wichita Falls,TX,https://www.wffedcu.com,"Home | WFFCU | Wichita Falls Federal Credit Union",federal_on_site,"",no
4481,"Oteen V. A. Federal Credit Union",932,ASHEVILLE,NC,http://www.oteencreditunion.com,"Oteen VA Federal Credit Union &#8211; Serving Those Who Serve-VA  Employees  Veterans  and Families Since 1936",federal_on_site,"",no
5422,"Chen-Del-O Federal Credit Union",9517,FRANKLIN,NY,http://www.chendelo.org,"Chen-Del-O Federal Credit Union",federal_on_site,"",no
5989,"Northwest Adventist Federal Credit Union",14786,Portland,OR,http://www.mynwcu.com,"Northwest Adventist FCU - Northwest Adventist Federal Credit Union",federal_on_site,"",no
5338,"Outreach Federal Credit Union",8922,HERMITAGE,TN,http://www.outreachcu.com,"Outreach FCU",federal_on_site,"",no
8515,"Canals & Trails Federal Credit Union",68508,Lockport,IL,http://www.canals-trailscu.org,"Canals & Trails Credit Union | ATMs | Online Banking | Lockport  IL",no_federal_on_site,"Canals & Trails Credit Union",yes
8498,"Catholic United Financial Federal Credit Union",68469,SAINT PAUL,MN,http://www.catholicunitedcu.org,"",fetch_failed,"",no
7792,"Cincinnati Employees Federal Credit Union",65205,Harrison,OH,http://www.cintiecu.org,": Welcome",no_federal_on_site,"Cincinnati Employees Credit Union",no
7855,"Metropolitan District Employees Federal Credit Union",65817,HARTFORD,CT,http://www.mdecu.org,"New Page 1",no_federal_on_site,"Metropolitan District Employees Credit Union",no
7078,"Alhambra Federal Credit Union",60165,Phoenix,AZ,http://www.alhambracu.com,"Alhambra Credit Union",no_federal_on_site,"Alhambra Credit Union",yes
7229,"Utility District Federal Credit Union",61085,OAKLAND,CA,http://WWW.UDCU.ORG,"Utility District Credit Union - Utility District Credit Union",federal_on_site,"",yes
7520,"Columbia Federal Credit Union",62930,Columbia,MO,http://www.como-cu.com,"Columbia Credit Union &#8211; Empower | Embrace | Enhance",no_federal_on_site,"Columbia Credit Union",yes
7064,"Patriot Equity Federal Credit Union",60082,JACKSON,TN,https://www.pecujax.org,"Patriot Equity Credit Union -         Home",no_federal_on_site,"Patriot Equity Credit Union",yes
8110,"1St Street Federal Credit Union",67309,SARASOTA,FL,http://www.1streetcu.com,"1st Street Credit Union",no_federal_on_site,"1St Street Credit Union",yes
4428,"Sei Federal Credit Union",517,POCATELLO,ID,http://www.seius.org,"",fetch_failed,"",no
7319,"Rural Cooperatives Federal Credit Union",61693,Louisville,KY,http://www.rccu.com,"Rural Cooperative Credit Union",no_federal_on_site,"Rural Cooperatives Credit Union",yes
7477,"First Carolina People'S Federal Credit Union",62673,GOLDSBORO,NC,http://www.fcpcu.com,"Home - First Carolina People's Credit Union",no_federal_on_site,"First Carolina People'S Credit Union",yes
5833,"Flagship Community Federal Credit Union",13391,Port Huron,MI,http://www.flagship.org,"Home Page - Flagship Community FCU",federal_on_site,"",no
6674,"Chhe Federal Credit Union",23545,Huntington,WV,http://www.chhe.org,"CHHE",federal_on_site,"",no
7724,"Greater Valley Federal Credit Union",64660,FRESNO,CA,https://www.greatervalleycu.org,"Greater Valley CU",no_federal_on_site,"Greater Valley Credit Union",no
5097,"Cencap Federal Credit Union",6733,HARTFORD,CT,http://WWW.CENCAP.COM,"Just a moment...",federal_on_site,"",no
4832,"U.P. Connection Federal Credit Union",4098,OMAHA,NE,http://www.upconnection.org,"U.P Connection Federal Credit Union - Forge Your Financial Future!",federal_on_site,"",no
7443,"Area Educational Federal Credit Union",62500,MATTOON,IL,http://www.myaecu.com,"Area Educational Credit Union - Home",no_federal_on_site,"Area Educational Credit Union",yes
7866,"Norwalk Hospital Federal Credit Union",65954,NORWALK,CT,http://www.nohocu.org,"Norwalk Hospital Credit Union",no_federal_on_site,"Norwalk Hospital Credit Union",yes
6168,"Lehigh County Employees Federal Credit Union",16746,Allentown,PA,http://www.lehighcountycu.com,"Lehigh County Employees Federal Credit Union",federal_on_site,"",no
4997,"Allwealth Federal Credit Union",5845,Hamilton,OH,http://www.allwealth.org,"AllWealth Federal Credit Union &#8211; Your Hamilton Credit Union",federal_on_site,"",no
5193,"Sunflower Community Federal Credit Union",7610,Marysville,KS,http://www.sunflowerrocks.com,"Home &bull; Sunflower Community Credit Union",federal_on_site,"",yes
7518,"Erie County Employees Federal Credit Union",62923,BUFFALO,NY,http://www.eriecountycreditunion.net,"Erie County Employees Federal Credit Union",federal_on_site,"",no
7244,"Los Alamos Schools Federal Credit Union",61165,Los Alamos,NM,http://www.lascu.org,"Home - Los Alamos Schools Credit Union",no_federal_on_site,"Los Alamos Schools Credit Union",yes
7433,"Alexandria Municipal Employees Federal Credit Union",62438,Alexandria,LA,http://www.amecu.org,"Alexandria Municipal Employees CU",no_federal_on_site,"Alexandria Municipal Employees Credit Union",no
7119,"Deer River Cooperative Federal Credit Union",60388,DEER RIVER,MN,https://www.drccu.com,"",fetch_failed,"",no
8228,"Trinity Valley Teachers Federal Credit Union",67634,Palestine,TX,http://www.tvtcu.com,"Home - Trinity Valley Teachers Credit Union - Credit Union in Palestine  TX",no_federal_on_site,"Trinity Valley Teachers Credit Union",yes
7137,"Tangipahoa Parish Teachers Federal Credit Union",60475,AMITE,LA,http://www.tangiteachers.com,"Tangipahoa Parish Teachers’ Credit Union",no_federal_on_site,"Tangipahoa Parish Teachers Credit Union",yes
7887,"Questa Federal Credit Union",66252,Questa,NM,http://www.questacreditunion.org,"HOME - Questa Credit Union",no_federal_on_site,"Questa Credit Union",yes
6743,"Kemba Delta Federal Credit Union",24220,Bartlett,TN,http://www.kembadelta.org,"Kemba Delta Federal Credit Union Home Page",federal_on_site,"",no
8112,"Pompano Beach City Emp. Federal Credit Union",67318,POMPANO BEACH,FL,http://WWW.PBECU.COM,"Home - Pompano Beach City Employee CU",no_federal_on_site,"Pompano Beach City Emp. Credit Union",no
8023,"Cs Federal Credit Union",66856,Catawba,NC,https://www.csnccreditunion.org,"CS Credit Union",no_federal_on_site,"Cs Credit Union",yes
6751,"Huntington C & O Railway Employees Federal Credit Union",24236,Huntington,WV,http://www.c-ocreditunion.com,"Huntington C&amp;O Railway EFCU - Home",federal_on_site,"",no
5256,"Kenowa Community Federal Credit Union",8119,WYOMING,MI,http://www.kenowacu.com,"",fetch_failed,"",no
7175,"Iowa Heartland Federal Credit Union",60718,MASON CITY,IA,http://WWW.IOWAHEARTLAND.ORG,"Home - Iowa Heartland Credit Union",no_federal_on_site,"Iowa Heartland Credit Union",yes
7481,"K.U.M.C. Federal Credit Union",62702,Shawnee,KS,http://www.kumccu.org,"KUMC Credit Union &#8211; Financial Services for Health Care Employees.",no_federal_on_site,"K.U.M.C. Credit Union",yes
8077,"San Juan Federal Credit Union",67163,BLANDING,UT,http://WWW.SANJUANCU.COM,"San Juan Credit Union - Your money. Your future. Your Credit Union.",no_federal_on_site,"San Juan Credit Union",yes
6901,"Community & Teachers Federal Credit Union",24730,East Providence,RI,http://WWW.TEACHERSCU.ORG,"Home | Community & Teachers Federal Credit Union",federal_on_site,"",no
8031,"Mcu Financial Center Federal Credit Union",66878,Racine,WI,http://www.mcucreditunion.com,"MCU Financial Center CU",no_federal_on_site,"Mcu Financial Center Credit Union",no
8176,"1St Choice Federal Credit Union",67505,ATLANTA,GA,http://www.1stchoicecu.org,"Home - 1st Choice",no_federal_on_site,"1St Choice Credit Union",no
7599,"Blue Flame Federal Credit Union",63519,Charlotte,NC,https://www.blueflamecu.org,"Blue Flame Credit Union | Mecklenburg County  Charlotte NC",no_federal_on_site,"Blue Flame Credit Union",yes
8358,"Tennessee Employees Federal Credit Union",68101,Nashville,TN,http://www.tnecu.org,"Tennessee Employees Credit Union",no_federal_on_site,"Tennessee Employees Credit Union",yes
6267,"Camp Shelby Federal Credit Union",18150,Hattiesburg,MS,http://www.campshelbycreditunion.us,"Camp Shelby Credit Union",federal_on_site,"",yes
7597,"Gateway Federal Credit Union",63476,Springfield,OR,http://www.yourgcu.org,"Gateway Credit Union - Springfield Oregon | Gateway Credit Union",no_federal_on_site,"Gateway Credit Union",yes
7590,"District One Highway Federal Credit Union",63420,SAINT JOSEPH,MO,https://www.district1hwycu.org,"District One Highway Credit Union Index page",no_federal_on_site,"District One Highway Credit Union",yes
7768,"River Community Federal Credit Union",64986,Ottumwa,IA,http://www.rivercommunitycu.org,"River Community CU",no_federal_on_site,"River Community Credit Union",no
8173,"United Energy Federal Credit Union",67493,Humble,TX,http://www.unitedenergycu.com,"United Energy Credit Union",no_federal_on_site,"United Energy Credit Union",yes
7617,"Mountain River Federal Credit Union",63704,SALIDA,CO,http://www.mountainrivercu.org,"JAGOLEDAK Bikin Pengalaman Game Online Jadi Lebih Rileks Tapi Tetap Menarik",no_federal_on_site,"Mountain River Credit Union",no
7044,"Mississippi Public Employees Federal Credit Union",24976,Jackson,MS,http://www.mspecu.org,"Mississippi Public Employees FCU -         Home",federal_on_site,"",no
7598,"De Soto Mo Pac Federal Credit Union",63507,De Soto,MO,http://www.desotomopaccu.com,"De Soto Mo Pac Credit Union",no_federal_on_site,"De Soto Mo Pac Credit Union",yes
7775,"Siue Federal Credit Union",65046,Edwardsville,IL,http://www.siuecu.org,"SIUE Credit Union - Home",no_federal_on_site,"Siue Credit Union",yes
8210,"United Federal Credit Union",67587,Tyler,TX,http://www.unitedcu.coop,"Home - United Credit Union",no_federal_on_site,"United Credit Union",yes
7917,"Emergency Responders Federal Credit Union",66354,Winston Salem,NC,http://www.emrspcu.com,"Emergency Responders Credit Union | Located in Winston Salem  NC",no_federal_on_site,"Emergency Responders Credit Union",yes
4937,"Sun Pacific Federal Credit Union",5359,Richmond,CA,http://www.sunpacific.org,"Sun Pacific Federal Credit Union | Sun Pacific FCU",federal_on_site,"",no
8140,"Southern Pine Federal Credit Union",67403,Lake Park,GA,http://www.southernpinecu.org,"Southern Pine Credit Union &#8211; Where you matter",no_federal_on_site,"Southern Pine Credit Union",yes
4633,"Manville Area Federal Credit Union",2168,MANVILLE,NJ,http://www.manville.org,"Check Out The Credit Union Difference - Manville Area Credit Union",federal_on_site,"",yes
7334,"Slo Federal Credit Union",61779,San Luis Obispo,CA,http://www.slocu.com,"Home - SLO Credit Union",no_federal_on_site,"Slo Credit Union",yes
7498,"Latvian Cleveland Federal Credit Union",62822,LAKEWOOD,OH,https://www.latvianclevelandcu.org,"Latvian Cleveland Credit Union",no_federal_on_site,"Latvian Cleveland Credit Union",yes
6692,"Taupa Lithuanian Federal Credit Union",23803,South Boston,MA,https://www.taupaboston.com,"Taupa Lithuanian FCU - Taupa Lithuania Federal Credit Union",federal_on_site,"",no
8269,"Htm Federal Credit Union",67749,Haverhill,MA,http://www.htmcreditunion.com,"HTM Credit Union &#8211; Personal Banking at It&#039;s Best!",no_federal_on_site,"Htm Credit Union",yes
7749,"Casebine Community Federal Credit Union",64868,Burlington,IA,http://www.casebine.com,"Home - Casebine",no_federal_on_site,"Casebine Community Credit Union",no
7240,"River To River Federal Credit Union",61152,Vienna,IL,http://www.r2rcu.com,"River 2 River Credit Union &#8211; A friendly institution where members belong",no_federal_on_site,"River To River Credit Union",yes
7000,"Massachusetts Family Federal Credit Union",24924,LYNN,MA,http://www.massfamilycu.com,"Massachusetts Family Credit Union |",federal_on_site,"",yes
7839,"Heights Auto Workers Federal Credit Union",65640,Burnham,IL,http://www.hawcu.com,"Heights Auto Workers Credit Union | Mergers | Credit Union 1",no_federal_on_site,"Heights Auto Workers Credit Union",yes
7867,"Kaskaskia Valley Federal Credit Union",65988,Centralia,IL,http://www.mykvccu.org,"Kaskaskia Valley Community Credit Union &#8211; Own A Piece Of The Valley",no_federal_on_site,"Kaskaskia Valley Credit Union",yes
5461,"Emerald Empire Federal Credit Union",9877,Springfield,OR,http://www.youreecu.org,"Emerald Empire Federal Credit Union | Eugene  Oregon",federal_on_site,"",no
8251,"Highway Alliance Federal Credit Union",67700,Jefferson city,MO,http://www.hacu4u.com,"Highway Alliance Credit Union",no_federal_on_site,"Highway Alliance Credit Union",yes
8103,"Bell Federal Credit Union",67263,HUTCHINSON,KS,http://www.bellcu.com,"Bell Credit Union - Home",no_federal_on_site,"Bell Credit Union",yes
7469,"Jemez Valley Federal Credit Union",62637,JEMEZ SPRINGS,NM,http://www.jvcu.org,"Home Page - Jemez Valley CU",no_federal_on_site,"Jemez Valley Credit Union",no
8229,"Tyler City Employees Federal Credit Union",67638,Tyler,TX,https://www.tylercityecu.com,"Tyler City Employees CU",no_federal_on_site,"Tyler City Employees Credit Union",no
6361,"Nj Gateway Federal Credit Union",19454,Dayton,NJ,http://www.njgateway.org,"NJ Gateway FCU &#8211; NJ Gateway FCU",federal_on_site,"",no
6935,"Precision Federal Credit Union",24816,Keene,NH,http://www.tspcu.org,"Precision Federal Credit Union &#8211; Helping Our Members Grow Since 1953",federal_on_site,"",no
8320,"Hiwassee River Federal Credit Union",67946,CHARLESTON,TN,http://www.omcecu.com,"Homepage - Hiwassee River Credit Union",no_federal_on_site,"Hiwassee River Credit Union",yes
7421,"Lexington Postal Community Federal Credit Union",62370,Lexington,KY,http://www.lexpccu.com,"Lexington Postal | Home",no_federal_on_site,"Lexington Postal Community Credit Union",no
7692,"Area Community Federal Credit Union",64294,GRAND FORKS,ND,http://www.gfaccu.com,"Home - Area Community Credit Union",no_federal_on_site,"Area Community Credit Union",yes
5484,"Mycom Federal Credit Union",10065,Pittsfield,MA,http://www.mycomcu.org,"MyCom FCU - MyCom Federal Credit Union",federal_on_site,"",no
7475,"Health Federal Credit Union",62664,Birmingham,AL,http://www.healthcu.com,"Home | Health Credit Union",no_federal_on_site,"Health Credit Union",yes
8256,"Haverhill Fire Department Federal Credit Union",67710,Haverhill,MA,http://www.hfdcu.com,"Haverhill Fire Department Credit Union - Haverhill Fire Department Credit Union",no_federal_on_site,"Haverhill Fire Department Credit Union",yes
6549,"Valwood Park Federal Credit Union",21788,Carrollton,TX,http://www.valwoodpark.com,"Valwood Park Federal Credit Union - Valwood Park",federal_on_site,"",no
7828,"Aegis Federal Credit Union",65521,Clinton,IA,http://www.aegiscu.com,"Aegis Credit Union | Local Banking  Loans  and Online Services",no_federal_on_site,"Aegis Credit Union",yes
7368,"Montcalm Public Employees Federal Credit Union",61999,EDMORE,MI,https://www.mpecreditunion.com,"Montcalm Public Employees Credit Union - Montcalm Public Employees Credit Union",no_federal_on_site,"Montcalm Public Employees Credit Union",yes
5643,"Texhillco School Employees Federal Credit Union",11576,Kerrville,TX,https://www.Texhillco.org,"Home | TexHillCo School Employees Federal Credit Union",federal_on_site,"",no
5186,"Ridgeline Federal Credit Union",7546,SALT LAKE CITY,UT,http://www.ridgelinecu.com,"Home - Ridgeline Credit Union",federal_on_site,"",yes
8197,"Dallas U.P. Employees Federal Credit Union",67547,Dallas,TX,http://www.dupecu.org,"Dallas U.P. Employees Credit Union",no_federal_on_site,"Dallas U.P. Employees Credit Union",yes
6735,"Beverly Municipal Federal Credit Union",24192,Beverly,MA,http://www.beverlycreditunion.com,"Beverly Municipal FCU - Home",federal_on_site,"",no
7500,"2 Rivers Area Federal Credit Union",62827,KANKAKEE,IL,http://www.2riversacu.com,"2 Rivers Area Credit Union - Home page",no_federal_on_site,"2 Rivers Area Credit Union",yes
7410,"Farm Bureau Family Federal Credit Union",62330,LANSING,MI,http://www.farmbureaufamilycu.org,"Farm Bureau Family Credit Union |",no_federal_on_site,"Farm Bureau Family Credit Union",yes
7660,"Family Community Federal Credit Union",64067,Charles City,IA,http://www.ccfccu.com,"Family Community FCU |         Home",federal_on_site,"",no
8166,"Shared Resources Federal Credit Union",67477,Pasadena,TX,http://www.srcu.net,"Shared Resources Credit Union",no_federal_on_site,"Shared Resources Credit Union",yes
7657,"County Federal Credit Union",64056,Clayton,MO,http://www.countycu.org,"County Credit Union St. Louis Clayton Ladue",no_federal_on_site,"County Credit Union",yes
6989,"Gulf Trust Federal Credit Union",24908,PASCAGOULA,MS,http://www.gulftrustcu.org,"Gulf Trust Federal Credit Union | Pascagoula  Mississippi",federal_on_site,"",no
7306,"Michigan Coastal Federal Credit Union",61631,Muskegon,MI,http://www.michigancoastal.com,"Michigan Coastal Credit Union",no_federal_on_site,"Michigan Coastal Credit Union",yes
5981,"Chattanooga First Federal Credit Union",14725,CHATTANOOGA,TN,http://www.chattfirst.org,"Chattanooga&#039;s FIRST Federal Credit Union | (423) 267-7621",federal_on_site,"",no
5247,"Northwest Consumers Federal Credit Union",8077,TRAVERSE CITY,MI,http://www.nwconsumers.org,"NWConsumers FCU",federal_on_site,"",no
7975,"Racine Municipal Employees Federal Credit Union",66622,Racine,WI,https://www.rmecu.org,"Racine Municipal Employees Credit Union | RMECU",no_federal_on_site,"Racine Municipal Employees Credit Union",yes
7790,"Central Illinois Federal Credit Union",65186,CHAMPAIGN,IL,http://www.cicu.com,"Home - Central Illinois Credit Union",no_federal_on_site,"Central Illinois Credit Union",yes
7218,"Energize Federal Credit Union",60994,OKLAHOMA CITY,OK,https://www.energize.coop/,"Energize Credit Union - Home",no_federal_on_site,"Energize Credit Union",yes
7555,"Reliance Federal Credit Union",63169,Kansas City,KS,http://www.reliancecu.org,"Reliance Credit Union",no_federal_on_site,"Reliance Credit Union",yes
8163,"Concho Valley Federal Credit Union",67473,San Angelo,TX,http://www.conchovalleycu.com,"Home - Concho Valley Credit Union",no_federal_on_site,"Concho Valley Credit Union",yes
7226,"Columbia Post Office Federal Credit Union",61065,COLUMBIA,SC,http://www.columbiapostalcreditunion.com,"Columbia Post Office CU",federal_on_site,"",no
7729,"Legacy Federal Credit Union",64708,Joplin,MO,http://www.yourlcu.com,"Legacy Credit Union - Legacy Credit Union",no_federal_on_site,"Legacy Credit Union",yes
8345,"Center City Community Federal Credit Union",68052,Buena Park,CA,http://www.ccccu.org,"403: Access Forbidden",no_federal_on_site,"Center City Community Credit Union",no
7106,"Elite Community Federal Credit Union",60304,Bourbonnais,IL,http://www.eliteccu.com,"Elite Community Credit Union",no_federal_on_site,"Elite Community Credit Union",yes
8379,"Healthcare Services Federal Credit Union",68173,CHATTANOOGA,TN,http://www.hscu.net,"Homepage - Healthcare Services Credit Union",no_federal_on_site,"Healthcare Services Credit Union",yes
7079,"Highway Crossroads Federal Credit Union",60167,Sikeston,MO,http://www.mycrossroadscu.com,"Home - Highway Crossroads Credit Union",no_federal_on_site,"Highway Crossroads Credit Union",yes
6528,"U. H. S. Employees Federal Credit Union",21586,Johnson City,NY,http://www.cuonlineuhs.org,"CU Online UHS - CU Online UHS",federal_on_site,"",no
7107,"Grand Prairie Federal Credit Union",60307,GRAND PRAIRIE,TX,http://WWW.GPCREDITUNION.ORG,"Grand Prairie Credit Union - Grand Prairie Credit Union",no_federal_on_site,"Grand Prairie Credit Union",yes
5448,"N.F.G. #2 Federal Credit Union",9776,WARREN,PA,http://www.nfg2.com,"NFG#2 Federal Credit Union",federal_on_site,"",no
7455,"People'S Federal Credit Union",62564,RAYNE,LA,http://www.peoplescu.info,"People's Credit Union > Home",no_federal_on_site,"People'S Credit Union",yes
8132,"Savannah Postal Federal Credit Union",67364,Savannah,GA,https://www.savannahpostalcu.com,"Homepage - Savannah Postal Credit Union",no_federal_on_site,"Savannah Postal Credit Union",yes
8204,"Temple Santa Fe Community Federal Credit Union",67573,Temple,TX,https://www.tsfccu.com,"Temple Santa Fe Community Credit Union | TSFCCU",no_federal_on_site,"Temple Santa Fe Community Credit Union",yes
8058,"P & S Federal Credit Union",67056,SALT LAKE CITY,UT,http://www.pandscu.org,"Home - P&amp;S Credit Union",no_federal_on_site,"P & S Credit Union",yes
7121,"Tee-Pak Federal Credit Union",60390,Danville,IL,http://www.teepakcu.com,"403 - Forbidden: Access is denied.",no_federal_on_site,"Tee-Pak Credit Union",no
6964,"Encompass Niagara Federal Credit Union",24873,Niagara Falls,NY,http://www.encompassniagara.com/,"Encompass Niagara Federal Credit Union",federal_on_site,"",no
6090,"Members Trust Federal Credit Union",15874,Mason,OH,http://www.memberstrust.org,"Members Trust FCU",federal_on_site,"",no
8442,"Advantage One Federal Credit Union",68343,Morrison,IL,http://www.adonecu.org,"Advantage One Credit Union | Morrison  IL",no_federal_on_site,"Advantage One Credit Union",yes
7908,"Billerica Municipal Employees Federal Credit Union",66336,BILLERICA,MA,http://www.billericamecu.com,"Billerica Municipal Employees Credit Union -Billerica Municipal Employees Credit Union",federal_on_site,"",yes
7869,"Stamford Healthcare Federal Credit Union",66002,Stamford,CT,http://www.shccu.org,"Stamford Health",no_federal_on_site,"Stamford Healthcare Credit Union",no
7499,"Rockford Municipal Employees Federal Credit Union",62826,Rockford,IL,http://www.rmecu.net,"Rockford Municipal Employees Credit Union",no_federal_on_site,"Rockford Municipal Employees Credit Union",yes
8353,"Maryville Municipal Federal Credit Union",68077,MARYVILLE,TN,http://www.MMCUTN.COM,"Maryville Municipal Credit Union - Welcome",no_federal_on_site,"Maryville Municipal Credit Union",yes
7816,"Western Illinois School Employees Federal Credit Union",65426,QUINCY,IL,http://www.WISECU.COM,"WISE CU - Home",no_federal_on_site,"Western Illinois School Employees Credit Union",no
7875,"Cuba Federal Credit Union",66097,CUBA,NM,http://www.cubacreditunion.org,"Cuba Credit Union",no_federal_on_site,"Cuba Credit Union",yes
5914,"Liberty County Teachers Federal Credit Union",14052,Liberty,TX,http://www.libertycu.com,"Liberty County Teachers FCU",federal_on_site,"",no
6744,"Chattahoochee Federal Credit Union",24221,VALLEY,AL,https://WWW.CHATT.COOP,"Chattahoochee Federal Credit Union - Home",federal_on_site,"",no
7779,"Unite Federal Credit Union",65071,Cedar Falls,IA,http://www.unite-cu.org,"UNITE Credit Union | Loans  Accounts &amp; More | Convenient Cedar Falls Branch | Mortgages | HELOC | New &amp",no_federal_on_site,"Unite Credit Union",yes
5353,"Westmoreland Water Federal Credit Union",9042,Greensburg,PA,http://www.wwcu.org,"Westmoreland FCU",federal_on_site,"",no
7639,"Members 1St Federal Credit Union",63899,Brattleboro,VT,http://www.members1cu.com,"Credit Union | Members 1st Credit Union",no_federal_on_site,"Members 1St Credit Union",yes
6702,"United Arkansas Federal Credit Union",23952,Little Rock,AR,http://www.unitedarkansas.org,"DEWISLOT88 # Link Slot 88 JP Gacor Hari Ini Judi Slot Online Gampang WD",no_federal_on_site,"United Arkansas Credit Union",no
6288,"Alliance Niagara Federal Credit Union",18409,SANBORN,NY,http://www.allianceniagara.com,"Alliance Niagara FCU - Alliance Niagara Federal Credit Union",federal_on_site,"",no
7130,"Generations Federal Credit Union",60429,Rockford,IL,http://www.generationscu.org,"Community Credit Union Banking | Generations Credit Union",no_federal_on_site,"Generations Credit Union",yes
7120,"American Pride Federal Credit Union",60389,ALTOONA,PA,http://www.americanpridecu.org,"403 - Forbidden: Access is denied.",no_federal_on_site,"American Pride Credit Union",no
8317,"Leadco Community Federal Credit Union",67936,Park Hills,MO,https://www.leadco.org/,"Home - Leadco Community Credit Union",no_federal_on_site,"Leadco Community Credit Union",yes
5849,"Employees Choice Federal Credit Union",13526,El Cajon,CA,http://www.employeeschoice.org,"Employees Choice FCU | It's About You",federal_on_site,"",no
6875,"Trades & Labor Federal Credit Union",24674,ALBERT LEA,MN,http://www.tradesandlabor.com,"Trades &amp; Labor FCU -         Home",federal_on_site,"",no
7171,"Rome Kraft Employees Federal Credit Union",60707,Coosa,GA,http://www.romekraftcu.com,"Rome Kraft Employees &#8211; Credit Union",no_federal_on_site,"Rome Kraft Employees Credit Union",yes
8415,"Express Federal Credit Union",68273,Seattle,WA,http://www.expresscu.org,"Home | Express Credit Union",no_federal_on_site,"Express Credit Union",yes
8052,"United Labor Federal Credit Union",67009,Raytown,MO,http://WWW.UNITEDLABORCU.ORG,"The Power of U",no_federal_on_site,"United Labor Credit Union",no
4510,"Mopac Employees Federal Credit Union",1129,Palestine,TX,http://www.mopaccu.com,"Home - Credit Union - MOPAC Employees Federal Credit Union",federal_on_site,"",no
5944,"Ibew/Sj Cascade Federal Credit Union",14402,Salem,OR,https://www.ibewsjcu.org,"IBEW",federal_on_site,"",no
7563,"Wheat State Federal Credit Union",63211,Wichita,KS,http://www.wheatstatecu.com,"Wheat State Credit Union - A Credit union in Wichita  Kansas chartered in 1963",no_federal_on_site,"Wheat State Credit Union",yes
8131,"Glynn County Federal Employees",67354,BRUNSWICK,GA,https://www.glyncofecu.org,"Home | Glynn County FECU   Brunswick  GA",no_federal_on_site,"Glynn County Employees",no
8194,"First Priority Federal Credit Union",67542,Abilene,TX,http://www.firstpriorityabilene.org,"First Priority Credit Union  Abilene TX- WP | It's all about service!",no_federal_on_site,"First Priority Credit Union",yes
8033,"Richmond Virginia Fire Police Credi Federal Credit Union",66899,Richmond,VA,http://WWW.FirePoliceCU.Org,"FirePolice CU",no_federal_on_site,"Richmond Virginia Fire Police Credi Credit Union",no
8490,"Genesis Employees Federal Credit Union",68451,Zanesville,OH,https://www.genesisecu.com/,"",fetch_failed,"",no
5778,"Community Healthcare Federal Credit Union",12847,Everett,WA,http://www.Commhealthcu.org,"Community Healthcare FCU",federal_on_site,"",no
7289,"Fayette County School Employees Federal Credit Union",61515,Uniontown,PA,http://www.fayetteschoolcu.org,"403 - Forbidden: Access is denied.",no_federal_on_site,"Fayette County School Employees Credit Union",no
6861,"1St Cooperative Federal Credit Union",24627,Cayce,SC,http://www.1stcooperative.com,"Home - 1st Cooperative Federal Credit Union",federal_on_site,"",no
7391,"United Churches Federal Credit Union",62144,Taylor,MI,http://www.unitedchurchescu.org,"United Churches Credit Union - Taylor  MI",no_federal_on_site,"United Churches Credit Union",yes
7351,"Monmouth County Postal Employees Federal Credit Union",61872,Red Bank,NJ,http://www.monmouthpostalcu.org,"Monmouth County Postal Employees Credit Union",no_federal_on_site,"Monmouth County Postal Employees Credit Union",yes
4512,"Essex County Teachers Federal Credit Union",1131,BLOOMFIELD,NJ,http://www.ectcu.org,"ECTFCU Home",federal_on_site,"",no
7655,"Bloomington Postal Employees Federal Credit Union",64038,BLOOMINGTON,IL,https://www.ea.financial-net.com,"",fetch_failed,"",no
6643,"Local 804 Federal Credit Union",23144,Port Washington,NY,http://www.cu804.org,"CU 804",federal_on_site,"",no
7535,"New Orleans Police Department Emp. Federal Credit Union",63008,New Orleans,LA,https://HTTPS://WWW.NOPDECU.COM,"",fetch_failed,"",no
7201,"Kone Employees Federal Credit Union",60855,MOLINE,IL,http://www.konecu.com,"Home - KONE Employees Credit Union",no_federal_on_site,"Kone Employees Credit Union",yes
7335,"Co-Operative Federal Credit Union",61783,COFFEYVILLE,KS,http://www.cooperativecu.com,"Cooperative Credit Union | Credit Union in Coffeyville  KS",no_federal_on_site,"Co-Operative Credit Union",yes
4644,"Union Pacific Streamliner Federal Credit Union",2260,OMAHA,NE,https://www.upcu.org,"Home - Union Pacific Streamliner Federal Credit Union",federal_on_site,"",no
7086,"Harvard Community Federal Credit Union",60201,HARVARD,IL,http://WWW.HARVARDCCU.ORG,"403 - Forbidden: Access is denied.",no_federal_on_site,"Harvard Community Credit Union",no
8189,"Odessa Employees Federal Credit Union",67534,Odessa,TX,http://www.odessaecu.com,"Odessa Credit Union | Odessa Employees CU | Holiday Schedule",no_federal_on_site,"Odessa Employees Credit Union",yes
7542,"Hutchinson Government Employees Federal Credit Union",63090,Hutchinson,KS,http://www.hgecu.com,"Hutchinson Government Employees CU",no_federal_on_site,"Hutchinson Government Employees Credit Union",no
7080,"Chicago Firemans Assoc Federal Credit Union",60175,CHICAGO,IL,https://www.chicagofiremansacu.org,"",fetch_failed,"",no
7286,"Railway Employees Federal Credit Union",61474,Muscle Shoals,AL,http://www.railwaycreditunion.com,"Home",no_federal_on_site,"Railway Employees Credit Union",no
6601,"The Heart Center Federal Credit Union",22456,ROSLYN,NY,http://www.theheartcentercu.com,"The Heart Center FCU",federal_on_site,"",no
7686,"Electrical Workers Local 58 Federal Credit Union",64267,DETROIT,MI,http://www.ewcu.net,"Electrical Workers Local 58 Credit Union",no_federal_on_site,"Electrical Workers Local 58 Credit Union",yes
6083,"Novo Federal Credit Union",15784,Norco,CA,http://www.novocu.org,"Novo Federal Credit Union",federal_on_site,"",no
8191,"Lcra Federal Credit Union",67537,Austin,TX,http://www.lcracu.org,"LCRA CU",no_federal_on_site,"Lcra Credit Union",no
7986,"Dairyland Power Federal Credit Union",66665,LA CROSSE,WI,http://www.dpcreditunion.com,"Online Banking in La Crosse  WI | Gundersen Credit Union",no_federal_on_site,"Dairyland Power Credit Union",yes
8338,"Corner Stone Federal Credit Union",68011,lancaster,TX,http://www.cornerstonecreditunion.net,"Home Page - Corner Stone Credit Union",no_federal_on_site,"Corner Stone Credit Union",yes
7380,"City Federal Credit Union",62062,TUSCALOOSA,AL,https://www.ccutuscaloosa.com,"Home | City Credit Union",no_federal_on_site,"City Credit Union",yes
7708,"St. Louis Policemen`S Federal Credit Union",64425,saint louis,MO,http://www.stlpolicecu.com,"St. Louis Policemen&#039;s Credit Union",no_federal_on_site,"St. Louis Policemen`S Credit Union",yes
8007,"Oshkosh Community Federal Credit Union",66779,OSHKOSH,WI,http://www.oshkoshcommunitycu.com,"Oshkosh Community Credit Union",no_federal_on_site,"Oshkosh Community Credit Union",yes
8179,"Brazos Community Federal Credit Union",67510,Alvin,TX,https://www.brazosccu.org,"BrazosCCU - Credit Union  Banking and Lending",no_federal_on_site,"Brazos Community Credit Union",yes
8230,"Amarillo Postal Employees Federal Credit Union",67639,AMARILLO,TX,http://www.crunion.org,"Amarillo Postal Employees Credit Union |",no_federal_on_site,"Amarillo Postal Employees Credit Union",yes
7701,"Summit Ridge Federal Credit Union",64394,LEES SUMMIT,MO,https://www.mysrcu.com,"Welcome To Summit Ridge Credit Union",no_federal_on_site,"Summit Ridge Credit Union",yes
8024,"Germania Federal Credit Union",66857,Brenham,TX,http://www.germaniacreditunion.com,"Germania CU",no_federal_on_site,"Germania Credit Union",no
5408,"Hamilton Horizons Federal Credit Union",9411,Hamilton,NJ,http://www.hamiltonhorizons.org,"Hamilton Horizons Federal Credit Union - Hamilton Horizons Federal Credit Union",federal_on_site,"",no
5456,"Santo Christo Federal Credit Union",9822,FALL RIVER,MA,http://www.santochristocu.com,"Santo Christo FCU",federal_on_site,"",no
7947,"Holy Family Memorial Federal Credit Union",66476,Manitowoc,WI,http://www.hfmcu.org,"Holy Family Memorial Credit Union - Home",no_federal_on_site,"Holy Family Memorial Credit Union",yes
8135,"Genuine Parts Federal Credit Union",67382,Norcross,GA,http://www.gpcu.net,"Savings Account | Genuine Parts Credit Union",no_federal_on_site,"Genuine Parts Credit Union",yes
5847,"Cal-Ed Federal Credit Union",13503,CALIFORNIA,PA,http://www.cal-ed.com,"Cal-Ed Federal Credit Union",federal_on_site,"",no
5560,"First Lincoln Federal Credit Union",10756,Lincoln,NE,http://www.firstlincoln.org,"First Lincoln FCU",federal_on_site,"",no
7177,"The West Tennessee Federal Credit Union",60726,Atoka,TN,http://www.wtncu.org,"West Tennessee Credit Union > Home",no_federal_on_site,"The West Tennessee Credit Union",yes
6552,"Transit Federal Credit Union",21831,VALLEY STREAM,NY,http://WWW.ATU1181.ORG,"",fetch_failed,"",no
7266,"Dupage County Employees Federal Credit Union",61290,WHEATON,IL,http://www.dupagececu.org,"Dupage County Employees Credit Union",no_federal_on_site,"Dupage County Employees Credit Union",yes
7461,"Med Park Federal Credit Union",62593,Grand Forks,ND,http://www.medparkcu.com,"Home - Med Park Credit Union",no_federal_on_site,"Med Park Credit Union",yes
8026,"M.E. Employees Federal Credit Union",66862,WAUSAU,WI,https://www.meecu.org,"M.E. Employees CU",no_federal_on_site,"M.E. Employees Credit Union",no
7095,"Community Healthcare Federal Credit Union",60247,Manchester,CT,http://www.chcu.org,"Community Healthcare Credit Union &#8211; Home",no_federal_on_site,"Community Healthcare Credit Union",yes
7885,"High Desert Community Federal Credit Union",66185,Aztec,NM,http://www.highdesertcu.org,"High Desert Community Credit Union &#8211; Financially serving employees of Aztec and Bloomfield schools.",no_federal_on_site,"High Desert Community Credit Union",yes
8045,"Southern Federal Credit Union",66980,Chattanooga,TN,http://www.southerncu.com,"Homepage - Southern CU",no_federal_on_site,"Southern Credit Union",no
6799,"Lion Federal Credit Union",24437,EL DORADO,AR,http://www.lioncreditunion.com,"Lion Federal Credit Union",federal_on_site,"",no
7765,"Linxus Federal Credit Union",64948,MACHESNEY PARK,IL,http://www.linxuscu.org,"LinXus CU",no_federal_on_site,"Linxus Credit Union",no
8239,"Southern Star Federal Credit Union",67660,Houston,TX,http://www.southernstarcu.org,"Southern Star CU",no_federal_on_site,"Southern Star Credit Union",no
7199,"Combined Employees Federal Credit Union",60825,WARNER ROBINS,GA,https://www.combinedecu.com,"Combined Employees Credit Union - Home",no_federal_on_site,"Combined Employees Credit Union",yes
5831,"Frankfort Community Federal Credit Union",13355,FRANKFORT,MI,http://www.frankfortcu.org,"Home - Frankfort FCU",federal_on_site,"",no
8184,"Linkage Federal Credit Union",67519,WACO,TX,http://www.linkagecu.com,"Linkage Credit Union - Linkage Credit Union",no_federal_on_site,"Linkage Credit Union",yes
8169,"1St University Federal Credit Union",67483,Waco,TX,http://www.culink.net,"1st University Credit Union in Waco  Texas",no_federal_on_site,"1St University Credit Union",yes
6804,"Spokane Media Federal Credit Union",24451,Spokane,WA,http://www.mediacreditunion.com,"Media Credit Union - The Credit Union for People in Media",federal_on_site,"",yes
8152,"Txdot Federal Credit Union",67439,Abilene,TX,http://www.txdotcu.com,"TxDot Credit Union - TxDot Credit Union",no_federal_on_site,"Txdot Credit Union",yes
6452,"Minerva Area Federal Credit Union",20622,Minerva,OH,http://www.minervacreditunion.com,"Minerva Area Federal Credit Union",federal_on_site,"",no
6880,"Fasny Federal Credit Union",24690,ALBANY,NY,http://WWW.FASNYCU.COM,"FASNY FCU",federal_on_site,"",no
5010,"Cowboy Country Federal Credit Union",5935,PREMONT,TX,http://www.cowboycountry.virtualcu.net,"Cowboy Country FCU",federal_on_site,"",no
8250,"Academic Employees Federal Credit Union",67695,Columbia,MO,http://www.academicecu.com,"Academic Employees Credit Union",no_federal_on_site,"Academic Employees Credit Union",yes
8330,"Appliance Federal Credit Union",67976,CLEVELAND,TN,http://www.appliancecu.com,"Appliance Credit Union",no_federal_on_site,"Appliance Credit Union",yes
7737,"Catholic Family Federal Credit Union",64762,Kansas City,MO,http://www.catholicfamilycu.com,"Catholic Family Credit Union Home Page",no_federal_on_site,"Catholic Family Credit Union",yes
8286,"Stationery Federal Credit Union",67801,Saint Joseph,MO,http://www.stationerycreditunion.com,"Welcome to Stationery Credit Union",no_federal_on_site,"Stationery Credit Union",yes
8357,"Skyline Federal Credit Union",68100,NASHVILLE,TN,http://www.skylinecreditunion.com,"Skyline Credit Union",no_federal_on_site,"Skyline Credit Union",yes
6848,"Toledo Urban Federal Credit Union",24578,Toledo,OH,http://www.toledourban.net,"Home - Toledo Urban Federal Credit Union",federal_on_site,"",no
7437,"Mobile Postal Federal Credit Union",62471,Mobile,AL,http://www.mobilepostalcu.com,"Mobile Postal Employees Credit Union | Not for profit  but for service",no_federal_on_site,"Mobile Postal Credit Union",yes
5343,"Holy Family Parma Federal Credit Union",8944,Parma,OH,http://www.holyfamilycreditunion.com,"Holy Family Parma Federal Credit Union - Holy Family Parma Federal Credit Union",federal_on_site,"",no
7238,"Ohio Teamsters Federal Credit Union",61136,INDEPENDENCE,OH,http://www.ohioteamsterscu.com,"Ohio Teamsters Credit Union",no_federal_on_site,"Ohio Teamsters Credit Union",yes
7466,"Independence Teachers Federal Credit Union",62620,Independence,MO,https://www.isdschools.org/staff/employees/independence-teachers-credit-union,"Independence Teachers Credit Union - Independence School District 30",no_federal_on_site,"Independence Teachers Credit Union",yes
7449,"Virginia United Methodist Federal Credit Union",62536,North Chesterfi,VA,http://www.tumcu.org,"TUMCU",no_federal_on_site,"Virginia United Methodist Credit Union",no
8324,"Corpus Christi Postal Employees Federal Credit Union",67963,Corpus Christi,TX,http://www.ccpecu.com,"Corpus Christi Postal Employees CU",no_federal_on_site,"Corpus Christi Postal Employees Credit Union",no
5804,"Palace City Federal Credit Union",13103,Mitchell,SD,http://www.palacecitycu.org,"Home | Palace City Federal Credit Union",federal_on_site,"",no
8203,"The Wright Federal Credit Union",67564,Toccoa,GA,https://wwwthewrightcu.org,"",fetch_failed,"",no
6971,"Cm Members Federal Credit Union",24881,Columbus,MS,http://www.cmcreditunion.com,"CM Members",federal_on_site,"",no
7513,"Burlington Northtown Community Federal Credit Union",62895,North Kansas Ci,MO,http://www.bnccu.org,"Burlington Northtown Community Credit Union",no_federal_on_site,"Burlington Northtown Community Credit Union",yes
5200,"Garden City Teachers Federal Credit Union",7662,GARDEN CITY,KS,http://www.gctcu.org,"Home - Garden City Teachers Federal Credit Union",federal_on_site,"",no
5703,"Clifty Creek Employees Federal Credit Union",12152,Madison,IN,https://www.cliftycreekcu.com/,"Clifty Creek Employees Credit Union",federal_on_site,"",yes
8124,"Jefferson County Teachers Federal Credit Union",67341,Monticello,FL,http://www.jctcuonline.org,"Home",no_federal_on_site,"Jefferson County Teachers Credit Union",no
7735,"Division #6 Highway Federal Credit Union",64755,Chesterfield,MO,http://www.d6hcu.com,"",fetch_failed,"",no
7356,"Alcose Federal Credit Union",61926,White Oak,PA,http://www.alcosecu.com,"Alcose Credit Union - Credit Union",no_federal_on_site,"Alcose Credit Union",yes
7260,"Community Cu Of New Milford",,,,,"",fetch_failed,"",no
7810,"Tcp Federal Credit Union",65384,RURAL HALL,NC,http://www.tcpcu.org,"",fetch_failed,"",no
7593,"Greensboro Federal Credit Union",63445,GREENSBORO,NC,https://www.gsocu.org,"Home | Greensboro Credit Union",no_federal_on_site,"Greensboro Credit Union",yes
7506,"Division 819 Transit Employees Federal Credit Union",62855,IRVINGTON,NJ,http://www.div819cu.com,"Division 819 Transit ECU",no_federal_on_site,"Division 819 Transit Employees Credit Union",no
8377,"Gateway Federal Credit Union",68171,CLARKSVILLE,TN,http://www.gatewaycreditunion.com,"Gateway Credit Union",no_federal_on_site,"Gateway Credit Union",yes
7748,"Patriot Federal Credit Union",64856,OAKVILLE,MO,http://www.patriotcu.com,"Homepage - Patriot CU",no_federal_on_site,"Patriot Credit Union",no
7564,"Ottawa Hiway Federal Credit Union",63213,OTTAWA,IL,http://www.ottawahiwaycu.com,"Ottawa Hiway Credit Union",no_federal_on_site,"Ottawa Hiway Credit Union",yes
6945,"Cape Federal Credit Union",24841,Clarksburg,WV,http://www.capecu.com,"CAPE Federal Credit Union | Serving Harrison County  West VA",federal_on_site,"",no
7585,"Scott Associates Federal Credit Union",63386,Marysville,OH,http://www.mysacu.com,"Homepage - Scott Associates Credit Union Inc",no_federal_on_site,"Scott Associates Credit Union",yes
8213,"Cen Tex Manufacturing Federal Credit Union",67602,Brownwood,TX,http://www.centexmfgcu.org,"CEN-TEX MFG CREDIT UNION",no_federal_on_site,"Cen Tex Manufacturing Credit Union",yes
7272,"Mobile Government Emp. Federal Credit Union",61339,Mobile,AL,https://www.mobgecu.org,"Mobile Government Employees Credit Union",no_federal_on_site,"Mobile Government Emp. Credit Union",yes
6547,"I.B.E.W. - Local No. 5 Federal Credit Union",21782,Pittsburgh,PA,http://www.ibew5.virtualcu.net,"",fetch_failed,"",no
8171,"Reed Federal Credit Union",67486,HOUSTON,TX,https://HTTPS://WWW.REEDCREDITUNION.COM,"",fetch_failed,"",no
5332,"New Castle Bellco Federal Credit Union",8903,NEW CASTLE,PA,http://WWW.NEWCASTLEBELLCO.COM,"",fetch_failed,"",no
7976,"Wisconsin Medical Federal Credit Union",66625,Green Bay,WI,https://www.wismedcu.org/,"Wisconsin Medical CU",no_federal_on_site,"Wisconsin Medical Credit Union",no
8048,"Lakewood Federal Credit Union",66999,Rib Lake,WI,http://www.lakewoodcu.org,"Lakewood CU",no_federal_on_site,"Lakewood Credit Union",no
7533,"Spojnia Federal Credit Union",62998,Scranton,PA,http://www.spojniacreditunion.org,"Spojnia Credit Union",no_federal_on_site,"Spojnia Credit Union",yes
7794,"Williamsport Teachers Federal Credit Union",65211,SOUTH WILLIAMSP,PA,http://www.williamsportteacherscu.com,"Williamsport Teachers CU - Home",no_federal_on_site,"Williamsport Teachers Credit Union",no
7295,"Vermilion Employees Federal Credit Union",61540,ABBEVILLE,LA,http://www.vermilioncu.org,"Vermilion -         Home",no_federal_on_site,"Vermilion Employees Credit Union",no
5740,"Laredo Fire Department Federal Credit Union",12472,Laredo,TX,http://WWW.laredofirecreditunion.com,"Laredo Fire Department Federal Credit Union | Laredo Fire Department Federal Credit Union",federal_on_site,"",no
5458,"Friona Texas Federal Credit Union",9843,Friona,TX,https://www.frionacu.com,"Friona Texas Federal Credit Union | Homepage",federal_on_site,"",no
5241,"Fort Peck Community Federal Credit Union",8037,Fort Peck,MT,http://www.fortpeckcu.com,"",fetch_failed,"",no
7255,"Wes Federal Credit Union",61233,WILLOUGHBY,OH,http://www.wescreditunion.com,"WES Credit Union",no_federal_on_site,"Wes Credit Union",yes
6568,"Entertainment Industries Federal Credit Union",22032,ELIZABETH,NJ,http://www.eicu.org,"",fetch_failed,"",no
7789,"United Association Federal Credit Union",65155,CONCORD,CA,http://WWW.UNITEDASSOCIATIONCU.ORG,"Welcome Page",no_federal_on_site,"United Association Credit Union",no
7439,"Brown-Forman Employees Federal Credit Union",62482,LOUISVILLE,KY,http://www.bfecu.com,"Homepage - Brown Forman Employees Credit Union",no_federal_on_site,"Brown-Forman Employees Credit Union",yes
7652,"Greater Kinston Federal Credit Union",64034,KINSTON,NC,http://www.greaterkcu.org,"Greater Kinston Credit Union - Your Community Credit Union - Home",no_federal_on_site,"Greater Kinston Credit Union",yes
6639,"Sevier County Schools Federal Credit Union",23060,SEVIERVILLE,TN,http://www.scscreditunion.org,"",fetch_failed,"",no
5184,"Hialeah Municipal Employees Federal Credit Union",7534,Hialeah,FL,http://www.hialeahcu.org,"Home",federal_on_site,"",no
6493,"Putnam School Employees Federal Credit Union",21107,ELEANOR,WV,http://www.psewv.com,"Putnam School Employees Federal Credit Union",federal_on_site,"",no
7202,"Peoria Postal Employees Federal Credit Union",60863,Peoria,IL,http://www.ppecu.info,"PPECU",no_federal_on_site,"Peoria Postal Employees Credit Union",no
5805,"Fasson Employees Federal Credit Union",13115,PAINESVILLE,OH,http://www.fassoncreditunion.com,"Fasson Employees' Federal Credit Union",federal_on_site,"",no
8318,"Dixie Line Federal Credit Union",67937,NASHVILLE,TN,http://www.dixieline.org,"Dixie Line CU - Home",federal_on_site,"",no
7345,"Teamsters Federal Credit Union",61824,Blaine,MN,https://www.mnteamsterscu.com,"Home :: Teamsters Credit Union",no_federal_on_site,"Teamsters Credit Union",yes
7714,"Mower County Employees Federal Credit Union",64518,Austin,MN,http://www.mowercountyecu.org,"Account Solutions",federal_on_site,"",no
7105,"Blaw-Knox Federal Credit Union",60302,Mattoon,IL,http://www.bkcu.net,"Blaw Knox Credit Union: Home",no_federal_on_site,"Blaw-Knox Credit Union",yes
8146,"Central Texas Teachers Federal Credit Union",67425,Corsicana,TX,http://www.cttcu.com,"Central Texas Teachers Credit Union",no_federal_on_site,"Central Texas Teachers Credit Union",yes
5504,"Cherokee County Teachers Federal Credit Union",10269,RUSK,TX,http://WWW.CCTEACHERS.COM,"",fetch_failed,"",no
6699,"N. Mississippi Health Services Emp. Federal Credit Union",23900,Tupelo,MS,http://www.nmhs.net/creditunion,"404 | North Mississippi Health Services",no_federal_on_site,"N. Mississippi Health Services Emp. Credit Union",no
7769,"Quaker Oats Federal Credit Union",64991,CEDAR RAPIDS,IA,http://www.quakeroatscu.com,"Home - Quaker Oats Credit Union",no_federal_on_site,"Quaker Oats Credit Union",yes
7122,"Reading Berks School Employees Federal Credit Union",60392,Reading,PA,https://www.rbsecu.com,"rbsecu.com",no_federal_on_site,"Reading Berks School Employees Credit Union",no
7613,"Atchison Village Federal Credit Union",63630,RICHMOND,CA,https://www.atchisonvillagecu.org,"Atchison Village CU",no_federal_on_site,"Atchison Village Credit Union",no
7954,"Service Federal Credit Union",66530,Green Bay,WI,http://www.service-cu.com,"Service Credit Union - Green Bay  Wisconsin - HOME",no_federal_on_site,"Service Credit Union",yes
7945,"Public Service Federal Credit Union",66461,Wausau,WI,https://www.publicservicecu.org,"Public Service Credit Union",no_federal_on_site,"Public Service Credit Union",yes
6652,"Marblehead Municipal Federal Credit Union",23276,Marblehead,MA,http://www.marbleheadcu.com,"",fetch_failed,"",no
8153,"Angelina County Teachers Federal Credit Union",67440,LUFKIN,TX,http://www.actcu.net,"Home - Angelina County Teachers CU",no_federal_on_site,"Angelina County Teachers Credit Union",no
8282,"Knox Co. Employees Federal Credit Union",67793,KNOXVILLE,TN,http://www.knoxcountyecu.com,"",fetch_failed,"",no
7815,"Springfield City Employees Federal Credit Union",65424,Springfield,IL,http://www.scecu.org,"Springfield City Employees Credit Union - Springfield City Employees Credit Union",no_federal_on_site,"Springfield City Employees Credit Union",yes
5756,"Bluegrass Community Federal Credit Union",12648,Ashland,KY,http://www.bluegrasscreditunion.com,"Bluegrass Credit Union | Create your wealth",no_federal_on_site,"Bluegrass Community Credit Union",yes
7784,"Central Vermont Medical Center",,,,,"Central Vermont Medical Center Credit Union – The Credit Union came into being when nine employees of the Ce",no_federal_on_site,"Central Vermont Medical Center",yes
5434,"Espeeco Federal Credit Union",9590,Bakersfield,CA,http://www.espeeco.org,"Home Page - Espeeco Federal Credit Union",federal_on_site,"",no
8530,"Crossroads Federal Credit Union",68557,GOESSEL,KS,http://www.crossroadscreditunion.com,"Crossroads Credit Union - Home",no_federal_on_site,"Crossroads Credit Union",yes
8470,"Directors Choice Federal Credit Union",68420,ALBANY,NY,http://www.directorschoicecu.com/,"Home | Director's Choice Credit Union",no_federal_on_site,"Directors Choice Credit Union",yes
6559,"Employees United Federal Credit Union",21904,Paris,TX,http://www.employeesunited.org,"Employees United Federal Credit Union",federal_on_site,"",no
7565,"1St Kansas Federal Credit Union",63217,Topeka,KS,http://www.1stkansascu.com,"Welcome to 1st Kansas Credit Union",no_federal_on_site,"1St Kansas Credit Union",yes
7152,"Financial Partners Federal Credit Union",60545,Springfield,IL,http://www.fpcu.net,"",fetch_failed,"",no
7770,"Metropolitan Services Federal Credit Union",64999,SAINT PAUL,MN,http://www.mymscu.org,"Home - Metropolitan Services Credit Union",no_federal_on_site,"Metropolitan Services Credit Union",yes
8327,"Tennessee Department Of Safety Federal Credit Union",67971,Nashville,TN,http://www.TDOSCU.COM,"Tennessee Department of Safety Credit Union",no_federal_on_site,"Tennessee Department Of Safety Credit Union",yes
6992,"Northampton Area School Dist. Emps Federal Credit Union",24911,Northampton,PA,https://www.nasdecu.com,"Northampton Area School District Employees Federal Credit Union",federal_on_site,"",no
6977,"Vicksburg Railroad Federal Credit Union",24892,Vicksburg,MS,http://www.vrcums.com,"",fetch_failed,"",no
6435,"I.B.E.W. Lu 66 Federal Credit Union",20469,PASADENA,TX,https://www.MyCU66.org,"403 Forbidden",no_federal_on_site,"I.B.E.W. Lu 66 Credit Union",no
6163,"Biloxi Teachers Federal Credit Union",16699,Biloxi,MS,https://www.biloxischools.net/domain/79,"404 Page Not Found",no_federal_on_site,"Biloxi Teachers Credit Union",no
7331,"Whitewater Community Federal Credit Union",61760,harrison,OH,http://www.whitewaterccu.org,"Home",no_federal_on_site,"Whitewater Community Credit Union",no
5101,"Sorg Bay West Federal Credit Union",6772,MIDDLETOWN,OH,http://www.sorgbaywest.com,"Sorg Bay West Federal Credit Union",federal_on_site,"",no
7465,"Northwest Missouri Regional Federal Credit Union",62611,MARYVILLE,MO,http://www.nwmrcu.org,"Northwest Missouri Regional Credit Union",no_federal_on_site,"Northwest Missouri Regional Credit Union",yes
7675,"Austin City Employees Federal Credit Union",64186,Austin,MN,http://www.austincityecu.org,"Home | Austin City Employees Credit Union",no_federal_on_site,"Austin City Employees Credit Union",yes
6967,"Vickswood Federal Credit Union",24876,Vicksburg,MS,https://www.vickswoodcu.com/,"Vickswood Federal Credit Union",federal_on_site,"",no
7762,"K.C. Area Federal Credit Union",64939,KANSAS CITY,MO,http://www.kcareacu.com,"KC Area Credit Union | Small Enough To Know You; Large Enough To Serve You",no_federal_on_site,"K.C. Area Credit Union",yes
7294,"Reeves County Teachers Federal Credit Union",61532,Pecos,TX,https://www.rctcu.com/,"Reeves County Teachers Credit Union | Local Credit Union | Pecos  TX",no_federal_on_site,"Reeves County Teachers Credit Union",yes
7963,"P.I.E. Federal Credit Union",66582,Houston,TX,https://www.piecu.org,"Homepage - PIE Credit Union",no_federal_on_site,"P.I.E. Credit Union",yes
5130,"Internationalites Federal Credit Union",7027,CARLSBAD,NM,http://www.internationalites.com,"Internationalites Federal Credit Union | Call 575-885-4027 if you have any questions.",federal_on_site,"",no
7089,"Maternity B.V.M. Federal Credit Union",60212,Bourbonnais,IL,http://www.mbvmcu.com,"Maternity BVM Credit Union &#8211; We are a family  working together toward financial success.",no_federal_on_site,"Maternity B.V.M. Credit Union",yes
6931,"1St Bergen Federal Credit Union",24810,Hackensack,NJ,http://www.1stbergen.com,"1st Bergen FCU | 1st Bergen Federal Credit Union",federal_on_site,"",no
7556,"The Catholic Federal Credit Union",63177,AVON LAKE,OH,http://WWW.CUCATHOLIC.COM,"406 Not Acceptable",no_federal_on_site,"The Catholic Credit Union",no
6140,"Joliet Municipal Employees Federal Credit Union",16437,joliet,IL,http://www.jolietmunicipal.com,"403 - Forbidden: Access is denied.",no_federal_on_site,"Joliet Municipal Employees Credit Union",no
6332,"Emerald Credit Association Federal Credit Union",19047,Greenwood,SC,http://www.emeraldcu.com,"Emerald Credit Association FCU",federal_on_site,"",no
7508,"Middletown Area Schools Federal Credit Union",62877,Middletown,OH,http://www.mascu.com,"Middletown Area Schools CU &#8211; Giving employees of the school system and their families an efficient place",no_federal_on_site,"Middletown Area Schools Credit Union",no
7782,"Lake Superior Federal Credit Union",65085,ONTONAGON,MI,http://www.lscu.virtualcu.net,"",fetch_failed,"",no
7081,"Anco Community Federal Credit Union",60184,La SAlle,IL,http://www.americannickeloidemployeescreditunion.com,"",fetch_failed,"",no
5212,"Methodist Hospital Employees Federal Credit Union",7731,Dallas,TX,http://www.mhcu.net,"Methodist Hospital Employees FCU -         Home",federal_on_site,"",no
7721,"Blue Flame Federal Credit Union",64644,Mobile,AL,https://www.blueflamecreditunion.org,"Blue Flame CU &#8211; Your friendly local credit union.",no_federal_on_site,"Blue Flame Credit Union",yes
6581,"Cmc-Fcpi Employees Federal Credit Union",22174,Scranton,PA,https://www.cmcfcpi.com,"CMC-FCPI Employees Federal Credit Union – CMC-FCPI Employees Federal Credit Union",federal_on_site,"",no
6446,"J.C.T. Federal Credit Union",20581,EDNA,TX,http://www.jacksoncountyteachers.com,"Welcome To Jackson County Teachers FCU",federal_on_site,"",no
8240,"Vatat Federal Credit Union",67661,Austin,TX,https://www.vatatcu.org/,"VATAT Credit Union &#8211; Vocational Agriculture Teachers Association of Texas Credit Union",no_federal_on_site,"Vatat Credit Union",yes
7298,"Chicago'S Bravest Federal Credit Union",61560,Chicago,IL,http://www.chicagosbravestcu.com,"Chicago&#39;s Bravest",no_federal_on_site,"Chicago'S Bravest Credit Union",no
4532,"Richmond Heritage Federal Credit Union",1282,Richmond,VA,http://www.richheritage.org,"",fetch_failed,"",no
7085,"Kankakee Federation Of Teachers Federal Credit Union",60198,Kankakee,IL,http://www.kftcu.com,"Kankakee Federation of Teachers CU",no_federal_on_site,"Kankakee Federation Of Teachers Credit Union",no
7731,"Missouri Baptist Federal Credit Union",64718,Jefferson City,MO,https://www.mobaptistcu.org,"Missouri Baptist Credit Union | Faith-Based Banking in Jefferson City  MO",no_federal_on_site,"Missouri Baptist Credit Union",yes
8350,"Cn/Ic Employees Federal Credit Union",68069,MEMPHIS,TN,http://www.cnicecu.net,"Memphis Credit Union &bull; CN/IC Employees Credit Union &bull; Home",no_federal_on_site,"Cn/Ic Employees Credit Union",yes
7904,"L. E. O. Federal Credit Union",66329,Painesville,OH,http://www.leocu.org,"L.E.O. Credit Union",no_federal_on_site,"L. E. O. Credit Union",yes
7691,"North Western Employees Federal Credit Union",64282,COUNCIL BLUFFS,IA,https://www.nwecu.org,"North Western Employees",no_federal_on_site,"North Western Employees Credit Union",no
7715,"Birmingham City Federal Credit Union",64528,Birmingham,AL,http://www.bhamcu.org,"Birmingham City Credit Union",no_federal_on_site,"Birmingham City Credit Union",yes
6822,"Morton Federal Credit Union",24511,taunton,MA,http://www.mortonfedcu.com,"Morton Federal Credit Union - Morton Federal Credit Union",federal_on_site,"",no
7831,"Lincoln S.D.A. Federal Credit Union",65561,LINCOLN,NE,http://www.lincolnsdacu.org,"Lincoln SDA Credit Union &#8211; Serving the financial needs of the serve members of the Seventh-day Adventist",no_federal_on_site,"Lincoln S.D.A. Credit Union",yes
8264,"Bcbst Employees Federal Credit Union",67738,CHATTANOOGA,TN,http://www.bcbstecu.com,"BCBST Employee CU",no_federal_on_site,"Bcbst Employees Credit Union",no
7532,"Guco Federal Credit Union",62985,Greenville,NC,https://www.gucocreditunion.org,"GUCO Credit Union | Greenville  NC",no_federal_on_site,"Guco Credit Union",yes
6747,"P.S.E. & G. Nuclear Employees Federal Credit Union",24226,HANCOCKS BRIDGE,NJ,http://www.psegnuclearcreditunion.com,"PSEG Nuclear Employees Federal Credit Union",federal_on_site,"",no
5150,"Hemingford Community Federal Credit Union",7210,HEMINGFORD,NE,http://www.hemingfordcreditunion.com,"Home &bull; Hemingford Community FCU",federal_on_site,"",no
7444,"Cooperative Employees Federal Credit Union",62502,ANADARKO,OK,https://www.cecuok.com/,"Cooperative Employees’ Credit Union",no_federal_on_site,"Cooperative Employees Credit Union",yes
8220,"Watertown Municipal Federal Credit Union",67615,WATERTOWN,MA,http://www.watertownmcu.com,"",fetch_failed,"",no
7888,"Funeral Service Federal Credit Union",66253,Springfield,IL,http://www.fscunet.org,"403 Forbidden",no_federal_on_site,"Funeral Service Credit Union",no
6599,"Marion County School Employees Federal Credit Union",22428,Fairmont,WV,http://www.schoolcu.virtualcu.net,"Marion County Schools FCU",federal_on_site,"",no
6052,"Solon/Chagrin Falls Federal Credit Union",15451,SOLON,OH,http://www.soloncu.com,"Solon Chagrin Falls FCU - Solon / Chagrin Falls Federal Credit Union",federal_on_site,"",no
7323,"Louisiana Central Federal Credit Union",61724,HARAHAN,LA,https://www.louisianacentral.org,"Louisiana Central Credit Union",no_federal_on_site,"Louisiana Central Credit Union",yes
7262,"Alamo City Federal Credit Union",61267,San Antonio,TX,https://www.alamocitycu.com,"Alamo City Credit Union &#8211; Helping Alamo City members conveniently and safely save money while providing ",no_federal_on_site,"Alamo City Credit Union",yes
7693,"Alexandria Schools Employees Federal Credit Union",64304,Alexandria,MN,http://www.alexcreditunion.org,"",fetch_failed,"",no
7162,"Allvac Savings And Federal Credit Union",60660,MONROE,NC,http://WWW.ALLVACCU.COM,"HOME - Allvac",no_federal_on_site,"Allvac Savings And Credit Union",no
7798,"Industrial Employees Federal Credit Union",65242,Centerville,IA,https://www.industrialemployeescu.com,"",fetch_failed,"",no
6018,"Dedham Town Employees Federal Credit Union",15073,DEDHAM,MA,https://www.dedhamcu.org,"Dedham Town Employees FCU - Home",federal_on_site,"",no
7681,"South Central Missouri Federal Credit Union",64222,Willow Springs,MO,http://www.creditunionmo.com,"South Central Missouri Credit Union",no_federal_on_site,"South Central Missouri Credit Union",yes
8025,"Greater Cleveland Community Federal Credit Union",66860,Cleveland,OH,http://www.greaterclevcu.com,"",fetch_failed,"",no
6814,"Cumberland Municipal Employees Federal Credit Union",24486,Cumberland,RI,http://www.cumberlandcu.org,"Cumberland Municipal Employees Federal Credit Union",federal_on_site,"",no
7662,"First Pace Federal Credit Union",64089,West St Paul,MN,http://www.firstpacecu.com,"First Pace CU",no_federal_on_site,"First Pace Credit Union",no
6978,"Delta Federal Credit Union",24893,Greenville,MS,http://www.deltacu.virtual.cu.net,"",fetch_failed,"",no
6073,"U F C W Local 1776 Federal Credit Union",15652,PLYMOUTH MEETIN,PA,http://www.1776creditunion.org,"Local 1776 Federal Credit Union &#8211; Banking on a first name basis",federal_on_site,"",no
8254,"St. Joseph Teachers' Federal Credit Union",67708,SAINT JOSEPH,MO,http://WWW.SJTCREDITUNION.COM,"Home &bull; St. Joseph Teachers&#039; Credit Union",no_federal_on_site,"St. Joseph Teachers' Credit Union",yes
7696,"One Thirteen Federal Credit Union",64340,Colorado Spring,CO,http://www.113creditunion.com,"Credit Union  Banking - 113 Credit Union - Colorado Springs  Colorado",no_federal_on_site,"One Thirteen Credit Union",yes
7649,"Electric Machinery Employees Federal Credit Union",63988,MINNEAPOLIS,MN,https://www.emcu.org/,"Electric Machinery Employees CU",no_federal_on_site,"Electric Machinery Employees Credit Union",no
8208,"Tex Mex Federal Credit Union",67579,Laredo,TX,https://www.tmcu.com,"Tex Mex Credit Union | Proudly Serving Laredo and Webb County",no_federal_on_site,"Tex Mex Credit Union",yes
6947,"Stepping Stones Community Federal Credit Union",24845,Wilmington,DE,http://www.sscreditunion.org,"​Stepping Stones Community Federal Credit Union",federal_on_site,"",no
7734,"Community First Federal Credit Union",64746,HANNIBAL,MO,http://www.mycommunityfirstcu.com,"Community First Credit Union",no_federal_on_site,"Community First Credit Union",yes
4744,"Colfax Power Plant Employees Federal Credit Union",3237,SPRINGDALE,PA,http://www.colfaxpowerplant.com,"Home | Colfax Power Plant",federal_on_site,"",no
5930,"Danvers Municipal Federal Credit Union",14191,Danvers,MA,http://www.dmfcreditunion.com,"",fetch_failed,"",no
6646,"Arkansas Education Association Federal Credit Union",23170,LITTLE ROCK,AR,http://wwwaeacu.org,"",fetch_failed,"",no
6054,"Penn South Cooperative Federal Credit Union",15459,New York,NY,https://www.pennsouthcreditunion.org,"Penn South Federal Credit Union",federal_on_site,"",no
7418,"L&N Employees Federal Credit Union",62356,Birmingham,AL,http://www.mylncu.com,"Home | L &amp; N Credit Union - Birmingham  AL",no_federal_on_site,"L&N Employees Credit Union",yes
7386,"Arcade Federal Credit Union",62114,Asheville,NC,https://www.arcadecu.com,"",fetch_failed,"",no
7187,"Port Of Houston Federal Credit Union",60782,Houston,TX,http://www.pohcu.com,"Port of Houston Credit Union",no_federal_on_site,"Port Of Houston Credit Union",yes
6448,"Msd Federal Credit Union",20595,LOUISVILLE,KY,https://www.louisvillemsd.org/creditunion,"MSD Federal Credit Union | MSD",federal_on_site,"",no
7636,"Gallatin Steam Plant Federal Credit Union",63868,GALLATIN,TN,http://www.steamplantcu.org,"Gallatin Steam Plant CU",federal_on_site,"",no
7818,"Riverview Federal Credit Union",65448,SOUTH SAINT PAU,MN,https://www.myrcu.com,"Riverview Credit Union",no_federal_on_site,"Riverview Credit Union",yes
6247,"N G M Employees Federal Credit Union",17793,KEENE,NH,https://www.ngmcu.com,"NGM Employees FCU &#8211; People financially helping people since 1966.",federal_on_site,"",no
7836,"Teamsters Local #238 Federal Credit Union",65606,Cedar Rapids,IA,http://www.teamsterslocal238cu.org,"Teamsters Local #238 Credit Union",no_federal_on_site,"Teamsters Local #238 Credit Union",yes
8158,"Wharton County Teachers Federal Credit Union",67458,Wharton,TX,https://www.wctcu.org/,"Wharton County Teachers Credit Union &#8211; Financially serving Wharton County educators and their families f",no_federal_on_site,"Wharton County Teachers Credit Union",yes
6622,"Par-Del Emp. Federal Credit Union",22723,WYOMING,PA,http://www.creducomp.com,"CU-At-Home",federal_on_site,"",no
6690,"Halifax County Community Federal Credit Union",23760,SOUTH BOSTON,VA,https://www.halifaxcu.org,"Halifax County Community Federal Credit Union &#8211; Rural finance done right.",federal_on_site,"",no
8050,"Brantwood Federal Credit Union",67003,Brantwood,WI,http://www.brantwoodcu.com,"Brantwood Credit Union &#8211; Serving Members since 1932",no_federal_on_site,"Brantwood Credit Union",yes
5015,"Ocnac #1 Federal Credit Union",5987,jersey city,NJ,http://www.ocnac.com,"Home",no_federal_on_site,"Ocnac #1 Credit Union",no
7741,"Orlex Government Employees Federal Credit Union",64782,Newport,VT,http://www.orlex.com,"ORLEX Government Employees Credit Union",federal_on_site,"",yes
8147,"Galveston Government Employees Federal Credit Union",67427,Dickinson,TX,http://www.ggecu.com,"Galveston Gov Emp CU - Home - Galveston Government Employees Credit Union",federal_on_site,"",yes
8364,"Pathway Federal Credit Union",68124,CLEVELAND,TN,http://www.pathwaycredit.com,"Church of God Credit Union | Putting our Members First",no_federal_on_site,"Pathway Credit Union",yes
7634,"C-F La. Federal Credit Union",63851,DONALDSONVILLE,LA,http://WWW.CFLACU.COM,"CFLA CREDIT UNION - CFLA Credit Union Home Page",no_federal_on_site,"C-F La. Credit Union",yes
7625,"Memorial Federal Credit Union",63802,Chattanooga,TN,http://www.memorialcreditunion.com,"Home | Memorial Credit Union",no_federal_on_site,"Memorial Credit Union",yes
8004,"Compassionate Care Federal Credit Union",66755,Fond du Lac,WI,http://www.compassionatecarecu.org,"Welcome to Compassionate Care Credit Union",no_federal_on_site,"Compassionate Care Credit Union",yes
5935,"Union County Employees Federal Credit Union",14329,Elizabeth,NJ,http://www.unioncountycreditunion.com,"Union County Employees Federal Credit Union &#8211; Quality financial assistance to Union County and New Jerse",federal_on_site,"",no
4957,"Philadelphia Letter Carriers Federal Credit Union",5539,PHILADELPHIA,PA,http://www.phillycreditunion.com,"Eagle One",federal_on_site,"",no
6524,"Ukrainian Selfreliance Of West. Pa. Federal Credit Union",21530,Carnegie,PA,http://www.samopomich.com,"Ukrainian Federal Credit Union WPA",federal_on_site,"",no
4443,"Maine Media Federal Credit Union",640,PORTLAND,ME,http://www.mainemedia.com,"Welcome to Maine Media Federal Credit Union",federal_on_site,"",no
6088,"U-Haul Federal Credit Union",15847,Phoenix,AZ,http://www.uhaulfedcu.com,"",fetch_failed,"",no
7568,"Mower County Catholic Parishes Federal Credit Union",63258,Austin,MN,https://www.mccpcu.com,"Mower County Catholic Parishes CU",no_federal_on_site,"Mower County Catholic Parishes Credit Union",no
7254,"Peoria Hiway Federal Credit Union",61232,Peoria,IL,http://www.peoriahiwaycu.com,"Peoria Hiway CU",no_federal_on_site,"Peoria Hiway Credit Union",no
6820,"Episcopal Community Federal Credit Union",24506,Los Angeles,CA,http://www.EpiscopalCredit.org,"",fetch_failed,"",no
7052,"Peoples Choice Federal Credit Union",60039,Coffeyville,KS,http://www.mypccu.com,"Peoples Choice Credit Union",no_federal_on_site,"Peoples Choice Credit Union",yes
7801,"State Employees Community Federal Credit Union",65259,Alton,IL,http://www.stateemployeescu.virtualcu.net/,"",fetch_failed,"",no
5625,"Sweetwater Regional Federal Credit Union",11377,Sweetwater,TX,http://www.sweetwatercredit.com,"Sweetwater Federal Credit Union",federal_on_site,"",no
7848,"Teachers Federal Credit Union",65774,Oklahoma CIty,OK,http://www.tcuok.org,"Teachers CU",no_federal_on_site,"Teachers Credit Union",no
7127,"Coburn Federal Credit Union",60409,Beaumont,TX,http://www.coburncu.com,"Coburn's Credit Union",no_federal_on_site,"Coburn Credit Union",yes
7722,"Alabama Postal Federal Credit Union",64645,Birmingham,AL,https://www.alabamapostalcu.com,"",fetch_failed,"",no
8280,"Topeka Police Federal Credit Union",67785,TOPEKA,KS,https://www.toppdcu.com,"Topeka Credit Union | Topeka Police Credit Union | Home",no_federal_on_site,"Topeka Police Credit Union",yes
7596,"Valley Educators Federal Credit Union",63468,Alamosa,CO,http://WWW.ITSME247.COM,"Error 404",no_federal_on_site,"Valley Educators Credit Union",no
7857,"Decatur Postal Federal Credit Union",65841,Decatur,IL,http://www.decaturpostalcreditunion.com,"Decatur Postal CU &#8211; Serving the financial needs of the Decatur Illinois area since 1928.",no_federal_on_site,"Decatur Postal Credit Union",no
6002,"Gibbons And Reed Employees Federal Credit Union",14917,SALT LAKE CITY,UT,http://www.grcreditunion.com,"G&amp;R Credit Union &#8211; Granite Construction Employee Credit Union",no_federal_on_site,"Gibbons And Reed Employees Credit Union",yes
5695,"Denocos Federal Credit Union",12028,CRESCENT CITY,CA,http://www.denocoscu.com,"",fetch_failed,"",no
8259,"Southeast Missouri Community Federal Credit Union",67716,Park Hills,MO,http://www.southeastcreditunion.com,"Southeast Missouri Community Credit Union | Come Grow with Us!",no_federal_on_site,"Southeast Missouri Community Credit Union",yes
7615,"Columbiana County School Empl Federal Credit Union",63676,Lisbon,OH,http://www.ccsecreditunion.com,"Columbiana County School Employees Credit Union",no_federal_on_site,"Columbiana County School Empl Credit Union",yes
7361,"Rincones Presbyterian Federal Credit Union",61946,CHACON,NM,https://www.rpcu.online,"RPCU Online &#8211; Design by Integrity505",no_federal_on_site,"Rincones Presbyterian Credit Union",no
7203,"Peoria City Employees Federal Credit Union",60873,Peoria,IL,https://www.peoriacu.com,"",fetch_failed,"",no
6240,"Health Alliance Federal Credit Union",17679,SOMERVILLE,MA,http://www.myhacu.org,"Health Alliance FCU",federal_on_site,"",no
7332,"Central Kansas Education Federal Credit Union",61765,Salina,KS,https://www.ckecusalina.com,"Central Kansas Education Credit Union - Home",no_federal_on_site,"Central Kansas Education Credit Union",yes
7864,"Peoria Bell Federal Credit Union",65905,Peoria,IL,http://www.peoriabell.org,"Peoria Bell - Home page",no_federal_on_site,"Peoria Bell Credit Union",no
8207,"Nce Federal Credit Union",67578,CORPUS CHRISTI,TX,http://www.ncecreditunion.net,"Nueces County Employees Credit Union – Nueces County Employees Credit Union",no_federal_on_site,"Nce Credit Union",yes
8290,"Allen Hospital Personnel Federal Credit Union",67831,Waterloo,IA,https://www.allencu.com,"Allen Hospital Personnel CU &#8211; Serving the financial needs of the people of Waterloo since 1961.",no_federal_on_site,"Allen Hospital Personnel Credit Union",no
6196,"Norwood Town Employees Federal Credit Union",17112,Norwood,MA,http://www.norwoodecu.com,"Norwood Town Employees FCU - Norwood Town Employees Federal Credit Union",federal_on_site,"",no
6590,"First Care Federal Credit Union",22322,Roanoke,VA,http://www.crchcreditunion.com,"First Care Federal Credit Union",federal_on_site,"",no
7637,"Latvian Federal Credit Union",63891,Minneapolis,MN,https://www.latviancu.com,"",fetch_failed,"",no
7467,"St. James Parish Federal Credit Union",62624,Cincinnati,OH,http://WWW.STJPCU.COM,"St. James Parish Credit Union",no_federal_on_site,"St. James Parish Credit Union",yes
7173,"South Carolina Methodist Conf Federal Credit Union",60715,COLUMBIA,SC,http://www.scmccu.org,"SCMCCU",no_federal_on_site,"South Carolina Methodist Conf Credit Union",no
7710,"Northeast Schools And Hospital Federal Credit Union",64462,Newport,VT,https://www.nshcu.virtualcu.net,"",fetch_failed,"",no
7950,"Madison Fire Department Federal Credit Union",66499,MADISON,WI,http://www.mfdcu.org,"",fetch_failed,"",no
7773,"Polk County Federal Credit Union",65039,DES MOINES,IA,http://www.polkcountycreditunion.com,"Polk County Credit Union - Home",no_federal_on_site,"Polk County Credit Union",yes
6329,"St. Pats Employees Federal Credit Union",19017,Missoula,MT,http://www.StPatsCU.com,"St. Pat&#039;s Employees FCU",federal_on_site,"",no
6241,"Tombigbee Federal Credit Union",17681,AMORY,MS,http://www.tombigb.virtualcu.net,"Tombigbee FCU",federal_on_site,"",no
7629,"Sikeston Public Schools Federal Credit Union",63830,Sikeston,MO,https://www.spscu.com,"",fetch_failed,"",no
4361,"Tel-U-Watt Federal Credit Union",146,MINOT,ND,http://www.teluwatt.com,"Tel-U-Watt Federal Credit Union | Serving the employees of SRT Communications and Xcel Energy since 1934",federal_on_site,"",no
7297,"Deming Schools Employees Federal Credit Union",61559,DEMING,NM,https://www.dsecu.org/,"Deming School Employees Credit Union &#8211; Join the movement and live the credit union difference",no_federal_on_site,"Deming Schools Employees Credit Union",yes
7786,"Options Federal Credit Union",65111,Littleton,CO,http://www.optionscreditunion.com,"",fetch_failed,"",no
7821,"Morton Federal Credit Union",65466,South Hutchinso,KS,http://www.MORTONCU.COM,"Home - Morton Credit Union",no_federal_on_site,"Morton Credit Union",yes
4705,"Haxtun Community Federal Credit Union",2794,Haxtun,CO,http://www.haxtuncu.com,"Haxtun Community FCU",federal_on_site,"",no
8304,"Lynn Teachers Federal Credit Union",67882,LYNN,MA,http://www.lynnteacherscu.org,"Lynn Teachers Federal Credit Union - Lynn Teachers Credit Union",federal_on_site,"",no
4632,"Natural Resources Conservation Serv Federal Credit Union",2158,Fort Worth,TX,http://www.nrcscreditunion.org,"Natural Resources Conservation Service FCU",federal_on_site,"",no
5633,"Moore County Schools Federal Credit Union",11458,Dumas,TX,https://www.mcsfcreditunion.com,"Lending Services | Moore County Schools FCU",federal_on_site,"",no
8521,"Light Commerce Federal Credit Union",68529,HOUSTON,TX,http://www.lightcommercecu.org,"Home Page - Light Commerce Credit Union",no_federal_on_site,"Light Commerce Credit Union",yes
7856,"I.B.E.W. Local #146 Federal Credit Union",65840,Decatur,IL,http://www.ibew146cu.com,"IBEW Local 146 Credit Union",no_federal_on_site,"I.B.E.W. Local #146 Credit Union",yes
7717,"Urbana Municipal Employees Federal Credit Union",64568,Urbana,IL,http://www.umecu-urbana.com,"Urbana Municipal Employees Credit Union - Home",no_federal_on_site,"Urbana Municipal Employees Credit Union",yes
8170,"Corpus Christi S.P. Federal Credit Union",67485,Corpus Christi,TX,http://www.ccspcu.com,"Corpus Christi Southern Pacific Credit Union – Safe  sound  and competitive financial services",federal_on_site,"",yes
6877,"Pioneer Community Federal Credit Union",24682,PALISADE,NE,https://www.pioneercreditunion.net,"",fetch_failed,"",no
8289,"Hutchinson Postal & Community Federal Credit Union",67829,HUTCHINSON,KS,https://www.hutchpccu.com,"Home - Hutchinson Postal Credit Union",no_federal_on_site,"Hutchinson Postal & Community Credit Union",yes
6434,"N. J. Latvian Federal Credit Union",20463,Freehold,NJ,http://www.njlatviancreditunion.com,"Home",federal_on_site,"",no
5744,"Santa Maria Associated Employees Federal Credit Union",12508,Santa Maria,CA,https://HTTPS://WWW.SMCREDITUNION.ORG,"",fetch_failed,"",no
6059,"Local 265 Ibew Federal Credit Union",15522,LINCOLN,NE,https://www.itsme247.com/886/authentication/username,"Login",federal_on_site,"",no
8122,"Electricians' Local 349 Federal Credit Union",67338,MIAMI,FL,http://www.local349cu.org,"Electricians Local 349 Credit Union &#8211; Supporting the Local 349 with their financial endeavors.",no_federal_on_site,"Electricians' Local 349 Credit Union",yes
6922,"New Covenant Dominion Federal Credit Union",24784,Bronx,NY,http://www.newcovenantcreditunion.org,"New Covenant Dominion Credit Union | Banking to Believe in.",federal_on_site,"",yes
8198,"Midwestern State University Federal Credit Union",67549,Wichita Falls,TX,http://www.mwsucu.com,"Midwestern State University - Midwestern State University Credit Union",federal_on_site,"",yes
7797,"Burlington Municipal Employees Federal Credit Union",65239,Burlington,IA,http://wwwmybmecu.com,"",fetch_failed,"",no
5475,"Shelby/Bolivar County Federal Credit Union",9974,BOYLE,MS,https://www.shelbycu.org,"",fetch_failed,"",no
7485,"Oak Lawn Municipal Employees Federal Credit Union",62717,OAK LAWN,IL,https://www.olmecu.virualcu.net,"",fetch_failed,"",no
8561,"Nueva Esperanza Community Federal Credit Union",68603,Toledo,OH,http://www.nuevaesperanzaccu.org,"",fetch_failed,"",no
7774,"Gas & Electric Employees Federal Credit Union",65040,mason city,IA,http://www.geecu.org,"Gas &amp; Electric Employees Credit Union &#8211; Serving Valued Gas &amp; Electric Workers and Their Families",no_federal_on_site,"Gas & Electric Employees Credit Union",yes
7758,"Dubuque Postal Employees Federal Credit Union",64917,DUBUQUE,IA,http://www.dpecu.com,"",fetch_failed,"",no
8160,"Highway District 2 Federal Credit Union",67468,Fort Worth,TX,http://www.dist2cu.com,"Highway District 2 Credit Union | Fort Worth  TX 76133",no_federal_on_site,"Highway District 2 Credit Union",yes
8279,"C & R Federal Credit Union",67783,Clay Center,KS,http://www.candrcreditunion.com,"C&amp;R Credit Union",no_federal_on_site,"C & R Credit Union",yes
8278,"P.I.A.S. Federal Credit Union",67779,Brentwood,TN,http://www.piascu.org,"PIAS Credit Union Home Page",no_federal_on_site,"P.I.A.S. Credit Union",yes
8237,"Intercorp Federal Credit Union",67651,AMARILLO,TX,http://www.intercorpcu.com,"Intercorp Credit Union",no_federal_on_site,"Intercorp Credit Union",yes
8161,"Highway District 9 Federal Credit Union",67469,WACO,TX,https://www.hwydist9.com,"Highway District 9 Credit Union - Highway District 9 Credit Union",no_federal_on_site,"Highway District 9 Credit Union",yes
4653,"Gaf Linden Employees Federal Credit Union",2348,Parsippany,NJ,http://www.gafcreditunion.org,"GAF Linden EFCU &#8211; Your friendly local credit union.",no_federal_on_site,"Gaf Linden Employees Credit Union",yes
8224,"Oak Farms Employees Federal Credit Union",67624,HOUSTON,TX,http://www.ofecu.com,"Oak Farms Employees CU",no_federal_on_site,"Oak Farms Employees Credit Union",no
5817,"S H P E Federal Credit Union",13248,GREENSBURG,LA,https://www.sshpecu.org,"",fetch_failed,"",no
8157,"Everman Parkway Federal Credit Union",67456,FORT WORTH,TX,https://www.epcreditunion.com,"",fetch_failed,"",no
5736,"Masters",,,,,"",fetch_failed,"",no
8518,"Smart Choice Federal Credit Union",68513,CLEVELAND,TN,https://wwwsmartchoicecreditunion.com,"",fetch_failed,"",no
7404,"Coast Guard Employees Federal Credit Union",62258,New Orleans,LA,https://www.coastguardecu.net,"coastguardecu",no_federal_on_site,"Coast Guard Employees Credit Union",no
7521,"N.O. Port Commission Employees Federal Credit Union",62936,New Orleans,LA,http://www.portnocu.com,"Home | New Orleans Port Commission ECU",no_federal_on_site,"N.O. Port Commission Employees Credit Union",no
8423,"Georgia Guard Federal Credit Union",68291,MACON,GA,http://www.GGCU.ORG,"Five Star Credit Union | AL GA Accounts & Loans | Online Banking",no_federal_on_site,"Georgia Guard Credit Union",yes
7990,"Wisconsin Latvian",,,,,"Wisconsin Latvian Credit Union",no_federal_on_site,"Wisconsin Latvian",yes
7595,"Williamson County Catholic Federal Credit Union",63459,Herrin,IL,http://www.wcccu.us,"Williamson County Catholic CU",no_federal_on_site,"Williamson County Catholic Credit Union",no
8605,"Jafari No-Interest Federal Credit Union",68675,Houston,TX,http://www.JafariCU.com,"Jafari No-Interest Credit Union",no_federal_on_site,"Jafari No-Interest Credit Union",yes
6480,"Teamsters Local 697 Federal Credit Union",20957,Wheeling,WV,http://www.teamsters697creditunion.com,"Teamsters Local 697 FCU",federal_on_site,"",no
5903,"Orem City Employees Federal Credit Union",13965,OREM,UT,http://www.cu.orem.org,"",fetch_failed,"",no
7868,"Mercer Federal Credit Union",65995,Aledo,IL,https://www.mercercreditunion.com,"Mercer Credit Union",no_federal_on_site,"Mercer Credit Union",yes
8367,"Metropolitan Teachers Federal Credit Union",68135,NASHVILLE,TN,http://www.metrotcu.org,"Homepage - Metropolitan Teachers Credit Union",no_federal_on_site,"Metropolitan Teachers Credit Union",yes
6798,"U.P. Employees Federal Credit Union",24435,NORTH LITTLE RO,AR,http://www.upemployees.org,"Union Pacific Employees Federal Credit Union",federal_on_site,"",no
7984,"School Employees Federal Credit Union",66662,Superior,WI,http://www.secusuperior.com,"secusuperior.com for sale — descriptive .com domain",no_federal_on_site,"School Employees Credit Union",no
7806,"Salem School System Federal Credit Union",65346,Salem,IL,http://www.salemschoolscreditunion.com,"SalemSSCU",no_federal_on_site,"Salem School System Credit Union",no
7524,"Danfoss Employees Federal Credit Union",62950,Eden Prairie,MN,http://www.danfosscu.com,"Danfoss Employees CU",no_federal_on_site,"Danfoss Employees Credit Union",no
7624,"Niagara Frontier Federal Municipal",63793,NIAGARA FALLS,NY,http://www.nffmecu.com,"Niagara Frontier Federal Municipal Employees Credit Union - NFFMECU",federal_on_site,"",no
6189,"District 123 Federal Credit Union",17023,Oak Lawn,IL,http://d123.virtualcu.net,"District 123 FCU Website",federal_on_site,"",no
6970,"Pearl Municipal Federal Credit Union",24880,Pearl,MS,https://www.pearlcu.com,"Homepage - Pearl Municipal Federal Credit Union",federal_on_site,"",no
7730,"Northeast Regional Federal Credit Union",64709,HANNIBAL,MO,http://www.mynrcu.com,"",fetch_failed,"",no
8223,"American Baptist Association Federal Credit Union",67622,Angleton,TX,http://www.abacu.org,"American Baptist Association Credit Union &#8211; ABA Credit Union",no_federal_on_site,"American Baptist Association Credit Union",yes
6284,"Usem Mena Federal Credit Union",18343,MENA,AR,http://www.usem.virtualcu.net/,"USEM MENA Federal Credit Union",federal_on_site,"",no
7263,"Bothwell Hospital Employees Federal Credit Union",61268,SEDALIA,MO,http://www.bhecu.com,"",fetch_failed,"",no
6657,"Vitelco Employees Federal Credit Union",23294,Charlotte Amali,VI,http://www.vitelcocu.com,"",fetch_failed,"",no
7206,"Park Manor Christian Church Federal Credit Union",60923,CHICAGO,IL,https://www.pmcccreditunion.com,"Park Manor Christian Church CU &#8211; Financially Strong. Spiritually Backed.",no_federal_on_site,"Park Manor Christian Church Credit Union",no
7871,"Kan Colo Federal Credit Union",66036,HOISINGTON,KS,https://www.kan-colocreditunion.com,"Kancolo Credit Union: Trusted Banking in Hoisington  KS",no_federal_on_site,"Kan Colo Credit Union",yes
7167,"College And University Federal Credit Union",60688,Chicago,IL,http://www.cucu1600.com,"College and University Credit Union",no_federal_on_site,"College And University Credit Union",yes
5850,"Cta South Federal Credit Union",13533,CHICAGO,IL,https://www.cta-south.org,"",fetch_failed,"",no
6954,"Bradford Area School Employees Federal Credit Union",24857,Bradford,PA,http://www.basecu.org,"Error 406 - Not Acceptable",no_federal_on_site,"Bradford Area School Employees Credit Union",no
5080,"Tsu Federal Credit Union",6667,Nashville,TN,https://www.tnstate.edu,"Tennessee State University | Excellence is our Habit",no_federal_on_site,"Tsu Credit Union",no
8657,"Arise Community Federal Credit Union",68740,Minneapolis,MN,https://www.ariseccu.org,"Community-Focused Credit Union | Hennepin &amp; Ramsey MN | Arise CCU",no_federal_on_site,"Arise Community Credit Union",yes
7685,"Fellowship Baptist Church Federal Credit Union",64252,CHICAGO,IL,http://www.fellowshipchicagocu.com,"Fellowship Credit Union &#8211; Helping Our Members Become Better Stewards of Their Finances Since 1977.",federal_on_site,"",yes
6274,"Texas Lee Federal Credit Union",18218,Houston,TX,http://www.texaslee.org,"TEXAS LEE FEDERAL CREDIT UNION &mdash; Coming Soon",federal_on_site,"",no
6607,"S. T. P. Employees Federal Credit Union",22522,Duncansville,PA,http://www.smalltubeproducts.com,"Home - Wieland Small Tube Products",no_federal_on_site,"S. T. P. Employees Credit Union",no
8343,"Holy Redeemer Community Of Se Wis. Federal Credit Union",68044,MILWAUKEE,WI,https://www.holyredeemerccu.com,"NIKMAT33 x Holyredeemerccu | Situs Game Online Gacor dengan Sistem Credit Paling Transparan dan Aman",no_federal_on_site,"Holy Redeemer Community Of Se Wis. Credit Union",no
6321,"C T A F C Federal Credit Union",18882,CHICAGO,IL,https://www.ctafccreditunion.org/,"",fetch_failed,"",no
7020,"Young Community Federal Credit Union",24950,LOUISVILLE,KY,https://www.youngcommunitycreditunion.org,"Young Community Federal Credit Union",federal_on_site,"",no
7164,"St. Gregory Parish Federal Credit Union",60680,Chicago,IL,http://www.stgregorycu.org,"St Gregory Parish Credit Union &#8211; Serving the Community for Over 65 Years",no_federal_on_site,"St. Gregory Parish Credit Union",yes
6797,"North Little Rock Educators Federal Credit Union",24434,North Little Ro,AR,http://www.nlrsd.org/credit-union-information,"",fetch_failed,"",no
6214,"Musicians Federal Credit Union",17361,ARLINGTON,TX,http://www.musiciansdfw.org,"Dallas/Fort Worth Professional Musicians Association &#8211; Local 72-147 American Federation of Musicians",federal_on_site,"",no
6627,"Richland Parish Schools Federal Credit Union",22785,Rayville,LA,http://www.richland.k12.la.us/creditunion,"Page not found &#8211; Richland Parish School Board",no_federal_on_site,"Richland Parish Schools Credit Union",no
7299,"St. Mark Federal Credit Union",61566,Chicago,IL,http://www.st.markcu.org,"",fetch_failed,"",no
7850,"Cogic Federal Credit Union",65780,LAFAYETTE,LA,https://www.COGICCU.org,"",fetch_failed,"",no
7894,"St. Helena Parish Federal Credit Union",66296,Chicago,IL,https://www.sthelenacreditunion.com/,"St. Helena Parish CU &#8211; Protecting the financial needs of our parish like family.",no_federal_on_site,"St. Helena Parish Credit Union",no
7823,"St. Jude Federal Credit Union",65484,CHICAGO,IL,http://www.stjudecreditunion.org,"ConnectYourDomain Error | Wix.com",no_federal_on_site,"St. Jude Credit Union",no
8528,"Catholics United Federal Credit Union",68547,HUTCHINSON,KS,http://www.catholicsunitedcreditunion.com,"Laskartogel: Situs Togel Resmi dengan Deposit QRIS & E-Wallet",no_federal_on_site,"Catholics United Credit Union",no
7896,"Imperial Federal Credit Union",66300,Springfield,IL,http://www.imperialcreditunion.org,"IMPERIAL CREDIT UNION - Home",no_federal_on_site,"Imperial Credit Union",yes
7031,"Fair Break Federal Credit Union",24961,Memphis,TN,https://www.fairbreak.org,"HOME - Fair Break Federal Credit Union",federal_on_site,"",no
